time_period,time_identifier,geographic_level,country_code,country_name,entry_age,characteristic_group,characteristic,tariff_group,entry_rate
200506,Academic year,National,E92000001,England,By Age 19,Care Leavers,All Other Pupils,Total,34.0
200506,Academic year,National,E92000001,England,By Age 25,Care Leavers,All Other Pupils,Total,42.0
200506,Academic year,National,E92000001,England,By Age 19,Care Leavers,All Other Pupils,High tariff,9.0
200506,Academic year,National,E92000001,England,By Age 25,Care Leavers,All Other Pupils,High tariff,10.0
200506,Academic year,National,E92000001,England,By Age 25,Care Leavers,Care Leaver,Total,16.0
200506,Academic year,National,E92000001,England,By Age 19,Care Leavers,Care Leaver,Total,9.0
200506,Academic year,National,E92000001,England,By Age 25,Care Leavers,Care Leaver,High tariff,2.0
200506,Academic year,National,E92000001,England,By Age 19,Care Leavers,Care Leaver,High tariff,1.0
200607,Academic year,National,E92000001,England,By Age 25,Care Leavers,All Other Pupils,Total,44.0
200607,Academic year,National,E92000001,England,By Age 19,Care Leavers,All Other Pupils,Total,35.0
200607,Academic year,National,E92000001,England,By Age 25,Care Leavers,All Other Pupils,High tariff,10.0
200607,Academic year,National,E92000001,England,By Age 19,Care Leavers,All Other Pupils,High tariff,10.0
200607,Academic year,National,E92000001,England,By Age 19,Care Leavers,Care Leaver,Total,10.0
200607,Academic year,National,E92000001,England,By Age 25,Care Leavers,Care Leaver,Total,16.0
200607,Academic year,National,E92000001,England,By Age 19,Care Leavers,Care Leaver,High tariff,1.0
200607,Academic year,National,E92000001,England,By Age 25,Care Leavers,Care Leaver,High tariff,2.0
200708,Academic year,National,E92000001,England,By Age 25,Care Leavers,All Other Pupils,Total,44.0
200708,Academic year,National,E92000001,England,By Age 19,Care Leavers,All Other Pupils,Total,36.0
200708,Academic year,National,E92000001,England,By Age 25,Care Leavers,All Other Pupils,High tariff,11.0
200708,Academic year,National,E92000001,England,By Age 19,Care Leavers,All Other Pupils,High tariff,10.0
200708,Academic year,National,E92000001,England,By Age 25,Care Leavers,Care Leaver,Total,16.0
200708,Academic year,National,E92000001,England,By Age 19,Care Leavers,Care Leaver,Total,10.0
200708,Academic year,National,E92000001,England,By Age 25,Care Leavers,Care Leaver,High tariff,2.0
200708,Academic year,National,E92000001,England,By Age 19,Care Leavers,Care Leaver,High tariff,1.0
200809,Academic year,National,E92000001,England,By Age 25,Care Leavers,All Other Pupils,Total,45.0
200809,Academic year,National,E92000001,England,By Age 19,Care Leavers,All Other Pupils,Total,37.0
200809,Academic year,National,E92000001,England,By Age 25,Care Leavers,All Other Pupils,High tariff,10.0
200809,Academic year,National,E92000001,England,By Age 19,Care Leavers,All Other Pupils,High tariff,10.0
200809,Academic year,National,E92000001,England,By Age 25,Care Leavers,Care Leaver,Total,16.0
200809,Academic year,National,E92000001,England,By Age 19,Care Leavers,Care Leaver,Total,9.0
200809,Academic year,National,E92000001,England,By Age 25,Care Leavers,Care Leaver,High tariff,1.0
200809,Academic year,National,E92000001,England,By Age 19,Care Leavers,Care Leaver,High tariff,1.0
200910,Academic year,National,E92000001,England,By Age 19,Care Leavers,All Other Pupils,Total,37.0
200910,Academic year,National,E92000001,England,By Age 25,Care Leavers,All Other Pupils,Total,46.0
200910,Academic year,National,E92000001,England,By Age 19,Care Leavers,All Other Pupils,High tariff,10.0
200910,Academic year,National,E92000001,England,By Age 25,Care Leavers,All Other Pupils,High tariff,11.0
200910,Academic year,National,E92000001,England,By Age 25,Care Leavers,Care Leaver,Total,17.0
200910,Academic year,National,E92000001,England,By Age 19,Care Leavers,Care Leaver,Total,9.0
200910,Academic year,National,E92000001,England,By Age 25,Care Leavers,Care Leaver,High tariff,1.0
200910,Academic year,National,E92000001,England,By Age 19,Care Leavers,Care Leaver,High tariff,1.0
201011,Academic year,National,E92000001,England,By Age 19,Care Leavers,All Other Pupils,Total,39.0
201011,Academic year,National,E92000001,England,By Age 25,Care Leavers,All Other Pupils,Total,48.0
201011,Academic year,National,E92000001,England,By Age 19,Care Leavers,All Other Pupils,High tariff,11.0
201011,Academic year,National,E92000001,England,By Age 25,Care Leavers,All Other Pupils,High tariff,12.0
201011,Academic year,National,E92000001,England,By Age 25,Care Leavers,Care Leaver,Total,17.0
201011,Academic year,National,E92000001,England,By Age 19,Care Leavers,Care Leaver,Total,10.0
201011,Academic year,National,E92000001,England,By Age 25,Care Leavers,Care Leaver,High tariff,2.0
201011,Academic year,National,E92000001,England,By Age 19,Care Leavers,Care Leaver,High tariff,1.0
201112,Academic year,National,E92000001,England,By Age 19,Care Leavers,All Other Pupils,Total,41.0
201112,Academic year,National,E92000001,England,By Age 25,Care Leavers,All Other Pupils,Total,50.0
201112,Academic year,National,E92000001,England,By Age 19,Care Leavers,All Other Pupils,High tariff,12.0
201112,Academic year,National,E92000001,England,By Age 25,Care Leavers,All Other Pupils,High tariff,12.0
201112,Academic year,National,E92000001,England,By Age 19,Care Leavers,Care Leaver,Total,10.0
201112,Academic year,National,E92000001,England,By Age 25,Care Leavers,Care Leaver,Total,18.0
201112,Academic year,National,E92000001,England,By Age 19,Care Leavers,Care Leaver,High tariff,1.0
201112,Academic year,National,E92000001,England,By Age 25,Care Leavers,Care Leaver,High tariff,1.0
201213,Academic year,National,E92000001,England,By Age 25,Care Leavers,All Other Pupils,Total,50.0
201213,Academic year,National,E92000001,England,By Age 19,Care Leavers,All Other Pupils,Total,42.0
201213,Academic year,National,E92000001,England,By Age 25,Care Leavers,All Other Pupils,High tariff,12.0
201213,Academic year,National,E92000001,England,By Age 19,Care Leavers,All Other Pupils,High tariff,12.0
201213,Academic year,National,E92000001,England,By Age 25,Care Leavers,Care Leaver,Total,18.0
201213,Academic year,National,E92000001,England,By Age 19,Care Leavers,Care Leaver,Total,10.0
201213,Academic year,National,E92000001,England,By Age 25,Care Leavers,Care Leaver,High tariff,2.0
201213,Academic year,National,E92000001,England,By Age 19,Care Leavers,Care Leaver,High tariff,1.0
201314,Academic year,National,E92000001,England,By Age 25,Care Leavers,All Other Pupils,Total,51.0
201314,Academic year,National,E92000001,England,By Age 19,Care Leavers,All Other Pupils,Total,43.0
201314,Academic year,National,E92000001,England,By Age 25,Care Leavers,All Other Pupils,High tariff,13.0
201314,Academic year,National,E92000001,England,By Age 19,Care Leavers,All Other Pupils,High tariff,12.0
201314,Academic year,National,E92000001,England,By Age 19,Care Leavers,Care Leaver,Total,10.0
201314,Academic year,National,E92000001,England,By Age 25,Care Leavers,Care Leaver,Total,19.0
201314,Academic year,National,E92000001,England,By Age 19,Care Leavers,Care Leaver,High tariff,1.0
201314,Academic year,National,E92000001,England,By Age 25,Care Leavers,Care Leaver,High tariff,2.0
201415,Academic year,National,E92000001,England,By Age 19,Care Leavers,All Other Pupils,Total,43.0
201415,Academic year,National,E92000001,England,By Age 25,Care Leavers,All Other Pupils,Total,52.0
201415,Academic year,National,E92000001,England,By Age 19,Care Leavers,All Other Pupils,High tariff,12.0
201415,Academic year,National,E92000001,England,By Age 25,Care Leavers,All Other Pupils,High tariff,13.0
201415,Academic year,National,E92000001,England,By Age 19,Care Leavers,Care Leaver,Total,11.0
201415,Academic year,National,E92000001,England,By Age 25,Care Leavers,Care Leaver,Total,19.0
201415,Academic year,National,E92000001,England,By Age 19,Care Leavers,Care Leaver,High tariff,1.0
201415,Academic year,National,E92000001,England,By Age 25,Care Leavers,Care Leaver,High tariff,2.0
201516,Academic year,National,E92000001,England,By Age 19,Care Leavers,All Other Pupils,Total,44.0
201516,Academic year,National,E92000001,England,By Age 19,Care Leavers,All Other Pupils,High tariff,12.0
201516,Academic year,National,E92000001,England,By Age 19,Care Leavers,Care Leaver,Total,11.0
201516,Academic year,National,E92000001,England,By Age 19,Care Leavers,Care Leaver,High tariff,2.0
201617,Academic year,National,E92000001,England,By Age 19,Care Leavers,All Other Pupils,Total,45.0
201617,Academic year,National,E92000001,England,By Age 19,Care Leavers,All Other Pupils,High tariff,13.0
201617,Academic year,National,E92000001,England,By Age 19,Care Leavers,Care Leaver,Total,12.0
201617,Academic year,National,E92000001,England,By Age 19,Care Leavers,Care Leaver,High tariff,2.0
201718,Academic year,National,E92000001,England,By Age 19,Care Leavers,All Other Pupils,Total,47.0
201718,Academic year,National,E92000001,England,By Age 19,Care Leavers,All Other Pupils,High tariff,14.0
201718,Academic year,National,E92000001,England,By Age 19,Care Leavers,Care Leaver,Total,12.0
201718,Academic year,National,E92000001,England,By Age 19,Care Leavers,Care Leaver,High tariff,2.0
201819,Academic year,National,E92000001,England,By Age 19,Care Leavers,All Other Pupils,Total,47.0
201819,Academic year,National,E92000001,England,By Age 19,Care Leavers,All Other Pupils,High tariff,14.0
201819,Academic year,National,E92000001,England,By Age 19,Care Leavers,Care Leaver,Total,13.0
201819,Academic year,National,E92000001,England,By Age 19,Care Leavers,Care Leaver,High tariff,2.0
201920,Academic year,National,E92000001,England,By Age 19,Care Leavers,All Other Pupils,Total,46.0
201920,Academic year,National,E92000001,England,By Age 19,Care Leavers,All Other Pupils,High tariff,13.0
201920,Academic year,National,E92000001,England,By Age 19,Care Leavers,Care Leaver,Total,14.0
201920,Academic year,National,E92000001,England,By Age 19,Care Leavers,Care Leaver,High tariff,2.0
202021,Academic year,National,E92000001,England,By Age 19,Care Leavers,All Other Pupils,Total,45.0
202021,Academic year,National,E92000001,England,By Age 19,Care Leavers,All Other Pupils,High tariff,12.0
202021,Academic year,National,E92000001,England,By Age 19,Care Leavers,Care Leaver,Total,12.0
202021,Academic year,National,E92000001,England,By Age 19,Care Leavers,Care Leaver,High tariff,2.0
201112,Academic year,National,E92000001,England,By Age 19,Children in Need,All Other Pupils,Total,42.0
201112,Academic year,National,E92000001,England,By Age 25,Children in Need,All Other Pupils,Total,50.0
201112,Academic year,National,E92000001,England,By Age 19,Children in Need,All Other Pupils,High tariff,12.0
201112,Academic year,National,E92000001,England,By Age 25,Children in Need,All Other Pupils,High tariff,12.0
201112,Academic year,National,E92000001,England,By Age 19,Children in Need,Children in Need,Total,10.0
201112,Academic year,National,E92000001,England,By Age 25,Children in Need,Children in Need,Total,17.0
201112,Academic year,National,E92000001,England,By Age 19,Children in Need,Children in Need,High tariff,1.0
201112,Academic year,National,E92000001,England,By Age 25,Children in Need,Children in Need,High tariff,2.0
201213,Academic year,National,E92000001,England,By Age 25,Children in Need,All Other Pupils,Total,51.0
201213,Academic year,National,E92000001,England,By Age 19,Children in Need,All Other Pupils,Total,42.0
201213,Academic year,National,E92000001,England,By Age 25,Children in Need,All Other Pupils,High tariff,12.0
201213,Academic year,National,E92000001,England,By Age 19,Children in Need,All Other Pupils,High tariff,12.0
201213,Academic year,National,E92000001,England,By Age 19,Children in Need,Children in Need,Total,11.0
201213,Academic year,National,E92000001,England,By Age 25,Children in Need,Children in Need,Total,18.0
201213,Academic year,National,E92000001,England,By Age 19,Children in Need,Children in Need,High tariff,2.0
201213,Academic year,National,E92000001,England,By Age 25,Children in Need,Children in Need,High tariff,2.0
201314,Academic year,National,E92000001,England,By Age 25,Children in Need,All Other Pupils,Total,52.0
201314,Academic year,National,E92000001,England,By Age 19,Children in Need,All Other Pupils,Total,43.0
201314,Academic year,National,E92000001,England,By Age 25,Children in Need,All Other Pupils,High tariff,13.0
201314,Academic year,National,E92000001,England,By Age 19,Children in Need,All Other Pupils,High tariff,12.0
201314,Academic year,National,E92000001,England,By Age 19,Children in Need,Children in Need,Total,12.0
201314,Academic year,National,E92000001,England,By Age 25,Children in Need,Children in Need,Total,19.0
201314,Academic year,National,E92000001,England,By Age 19,Children in Need,Children in Need,High tariff,2.0
201314,Academic year,National,E92000001,England,By Age 25,Children in Need,Children in Need,High tariff,2.0
201415,Academic year,National,E92000001,England,By Age 19,Children in Need,All Other Pupils,Total,44.0
201415,Academic year,National,E92000001,England,By Age 25,Children in Need,All Other Pupils,Total,52.0
201415,Academic year,National,E92000001,England,By Age 19,Children in Need,All Other Pupils,High tariff,12.0
201415,Academic year,National,E92000001,England,By Age 25,Children in Need,All Other Pupils,High tariff,13.0
201415,Academic year,National,E92000001,England,By Age 19,Children in Need,Children in Need,Total,11.0
201415,Academic year,National,E92000001,England,By Age 25,Children in Need,Children in Need,Total,19.0
201415,Academic year,National,E92000001,England,By Age 19,Children in Need,Children in Need,High tariff,2.0
201415,Academic year,National,E92000001,England,By Age 25,Children in Need,Children in Need,High tariff,2.0
201516,Academic year,National,E92000001,England,By Age 19,Children in Need,All Other Pupils,Total,44.0
201516,Academic year,National,E92000001,England,By Age 19,Children in Need,All Other Pupils,High tariff,13.0
201516,Academic year,National,E92000001,England,By Age 19,Children in Need,Children in Need,Total,12.0
201516,Academic year,National,E92000001,England,By Age 19,Children in Need,Children in Need,High tariff,2.0
201617,Academic year,National,E92000001,England,By Age 19,Children in Need,All Other Pupils,Total,45.0
201617,Academic year,National,E92000001,England,By Age 19,Children in Need,All Other Pupils,High tariff,13.0
201617,Academic year,National,E92000001,England,By Age 19,Children in Need,Children in Need,Total,13.0
201617,Academic year,National,E92000001,England,By Age 19,Children in Need,Children in Need,High tariff,2.0
201718,Academic year,National,E92000001,England,By Age 19,Children in Need,All Other Pupils,Total,48.0
201718,Academic year,National,E92000001,England,By Age 19,Children in Need,All Other Pupils,High tariff,14.0
201718,Academic year,National,E92000001,England,By Age 19,Children in Need,Children in Need,Total,14.0
201718,Academic year,National,E92000001,England,By Age 19,Children in Need,Children in Need,High tariff,2.0
201819,Academic year,National,E92000001,England,By Age 19,Children in Need,All Other Pupils,Total,48.0
201819,Academic year,National,E92000001,England,By Age 19,Children in Need,All Other Pupils,High tariff,14.0
201819,Academic year,National,E92000001,England,By Age 19,Children in Need,Children in Need,Total,14.0
201819,Academic year,National,E92000001,England,By Age 19,Children in Need,Children in Need,High tariff,2.0
201920,Academic year,National,E92000001,England,By Age 19,Children in Need,All Other Pupils,Total,47.0
201920,Academic year,National,E92000001,England,By Age 19,Children in Need,All Other Pupils,High tariff,14.0
201920,Academic year,National,E92000001,England,By Age 19,Children in Need,Children in Need,Total,14.0
201920,Academic year,National,E92000001,England,By Age 19,Children in Need,Children in Need,High tariff,2.0
202021,Academic year,National,E92000001,England,By Age 19,Children in Need,All Other Pupils,Total,46.0
202021,Academic year,National,E92000001,England,By Age 19,Children in Need,All Other Pupils,High tariff,12.0
202021,Academic year,National,E92000001,England,By Age 19,Children in Need,Children in Need,Total,14.0
202021,Academic year,National,E92000001,England,By Age 19,Children in Need,Children in Need,High tariff,2.0
200910,Academic year,National,E92000001,England,By Age 19,Disadvantage,All Other Pupils,Total,41.4
200910,Academic year,National,E92000001,England,By Age 25,Disadvantage,All Other Pupils,Total,50.5
200910,Academic year,National,E92000001,England,By Age 19,Disadvantage,All Other Pupils,High tariff,12.3
200910,Academic year,National,E92000001,England,By Age 25,Disadvantage,All Other Pupils,High tariff,13.1
200910,Academic year,National,E92000001,England,By Age 19,Disadvantage,Disadvantaged,Total,22.3
200910,Academic year,National,E92000001,England,By Age 25,Disadvantage,Disadvantaged,Total,31.2
200910,Academic year,National,E92000001,England,By Age 19,Disadvantage,Disadvantaged,High tariff,3.4
200910,Academic year,National,E92000001,England,By Age 25,Disadvantage,Disadvantaged,High tariff,3.8
201011,Academic year,National,E92000001,England,By Age 19,Disadvantage,All Other Pupils,Total,43.5
201011,Academic year,National,E92000001,England,By Age 25,Disadvantage,All Other Pupils,Total,52.2
201011,Academic year,National,E92000001,England,By Age 19,Disadvantage,All Other Pupils,High tariff,13.2
201011,Academic year,National,E92000001,England,By Age 25,Disadvantage,All Other Pupils,High tariff,13.9
201011,Academic year,National,E92000001,England,By Age 25,Disadvantage,Disadvantaged,Total,33.2
201011,Academic year,National,E92000001,England,By Age 19,Disadvantage,Disadvantaged,Total,24.4
201011,Academic year,National,E92000001,England,By Age 25,Disadvantage,Disadvantaged,High tariff,4.3
201011,Academic year,National,E92000001,England,By Age 19,Disadvantage,Disadvantaged,High tariff,3.8
201112,Academic year,National,E92000001,England,By Age 19,Disadvantage,All Other Pupils,Total,45.5
201112,Academic year,National,E92000001,England,By Age 25,Disadvantage,All Other Pupils,Total,54.2
201112,Academic year,National,E92000001,England,By Age 19,Disadvantage,All Other Pupils,High tariff,13.9
201112,Academic year,National,E92000001,England,By Age 25,Disadvantage,All Other Pupils,High tariff,14.6
201112,Academic year,National,E92000001,England,By Age 19,Disadvantage,Disadvantaged,Total,26.4
201112,Academic year,National,E92000001,England,By Age 25,Disadvantage,Disadvantaged,Total,35.2
201112,Academic year,National,E92000001,England,By Age 19,Disadvantage,Disadvantaged,High tariff,4.3
201112,Academic year,National,E92000001,England,By Age 25,Disadvantage,Disadvantaged,High tariff,4.7
201213,Academic year,National,E92000001,England,By Age 25,Disadvantage,All Other Pupils,Total,55.0
201213,Academic year,National,E92000001,England,By Age 19,Disadvantage,All Other Pupils,Total,46.3
201213,Academic year,National,E92000001,England,By Age 25,Disadvantage,All Other Pupils,High tariff,14.8
201213,Academic year,National,E92000001,England,By Age 19,Disadvantage,All Other Pupils,High tariff,14.1
201213,Academic year,National,E92000001,England,By Age 25,Disadvantage,Disadvantaged,Total,36.3
201213,Academic year,National,E92000001,England,By Age 19,Disadvantage,Disadvantaged,Total,27.4
201213,Academic year,National,E92000001,England,By Age 25,Disadvantage,Disadvantaged,High tariff,5.1
201213,Academic year,National,E92000001,England,By Age 19,Disadvantage,Disadvantaged,High tariff,4.6
201314,Academic year,National,E92000001,England,By Age 25,Disadvantage,All Other Pupils,Total,56.0
201314,Academic year,National,E92000001,England,By Age 19,Disadvantage,All Other Pupils,Total,47.5
201314,Academic year,National,E92000001,England,By Age 25,Disadvantage,All Other Pupils,High tariff,15.1
201314,Academic year,National,E92000001,England,By Age 19,Disadvantage,All Other Pupils,High tariff,14.5
201314,Academic year,National,E92000001,England,By Age 19,Disadvantage,Disadvantaged,Total,27.8
201314,Academic year,National,E92000001,England,By Age 25,Disadvantage,Disadvantaged,Total,36.9
201314,Academic year,National,E92000001,England,By Age 19,Disadvantage,Disadvantaged,High tariff,4.8
201314,Academic year,National,E92000001,England,By Age 25,Disadvantage,Disadvantaged,High tariff,5.2
201415,Academic year,National,E92000001,England,By Age 19,Disadvantage,All Other Pupils,Total,47.8
201415,Academic year,National,E92000001,England,By Age 25,Disadvantage,All Other Pupils,Total,56.3
201415,Academic year,National,E92000001,England,By Age 19,Disadvantage,All Other Pupils,High tariff,14.7
201415,Academic year,National,E92000001,England,By Age 25,Disadvantage,All Other Pupils,High tariff,15.3
201415,Academic year,National,E92000001,England,By Age 19,Disadvantage,Disadvantaged,Total,28.4
201415,Academic year,National,E92000001,England,By Age 25,Disadvantage,Disadvantaged,Total,37.7
201415,Academic year,National,E92000001,England,By Age 19,Disadvantage,Disadvantaged,High tariff,4.9
201415,Academic year,National,E92000001,England,By Age 25,Disadvantage,Disadvantaged,High tariff,5.4
201516,Academic year,National,E92000001,England,By Age 19,Disadvantage,All Other Pupils,Total,48.5
201516,Academic year,National,E92000001,England,By Age 19,Disadvantage,All Other Pupils,High tariff,14.9
201516,Academic year,National,E92000001,England,By Age 19,Disadvantage,Disadvantaged,Total,28.8
201516,Academic year,National,E92000001,England,By Age 19,Disadvantage,Disadvantaged,High tariff,5.0
201617,Academic year,National,E92000001,England,By Age 19,Disadvantage,All Other Pupils,Total,49.4
201617,Academic year,National,E92000001,England,By Age 19,Disadvantage,All Other Pupils,High tariff,15.1
201617,Academic year,National,E92000001,England,By Age 19,Disadvantage,Disadvantaged,Total,30.8
201617,Academic year,National,E92000001,England,By Age 19,Disadvantage,Disadvantaged,High tariff,5.4
201718,Academic year,National,E92000001,England,By Age 19,Disadvantage,All Other Pupils,Total,51.8
201718,Academic year,National,E92000001,England,By Age 19,Disadvantage,All Other Pupils,High tariff,16.3
201718,Academic year,National,E92000001,England,By Age 19,Disadvantage,Disadvantaged,Total,32.5
201718,Academic year,National,E92000001,England,By Age 19,Disadvantage,Disadvantaged,High tariff,6.3
201819,Academic year,National,E92000001,England,By Age 19,Disadvantage,All Other Pupils,Total,51.9
201819,Academic year,National,E92000001,England,By Age 19,Disadvantage,All Other Pupils,High tariff,16.6
201819,Academic year,National,E92000001,England,By Age 19,Disadvantage,Disadvantaged,Total,31.9
201819,Academic year,National,E92000001,England,By Age 19,Disadvantage,Disadvantaged,High tariff,6.2
201920,Academic year,National,E92000001,England,By Age 19,Disadvantage,All Other Pupils,Total,50.7
201920,Academic year,National,E92000001,England,By Age 19,Disadvantage,All Other Pupils,High tariff,15.5
201920,Academic year,National,E92000001,England,By Age 19,Disadvantage,Disadvantaged,Total,31.4
201920,Academic year,National,E92000001,England,By Age 19,Disadvantage,Disadvantaged,High tariff,5.8
202021,Academic year,National,E92000001,England,By Age 19,Disadvantage,All Other Pupils,Total,49.5
202021,Academic year,National,E92000001,England,By Age 19,Disadvantage,All Other Pupils,High tariff,14.5
202021,Academic year,National,E92000001,England,By Age 19,Disadvantage,Disadvantaged,Total,30.1
202021,Academic year,National,E92000001,England,By Age 19,Disadvantage,Disadvantaged,High tariff,4.9
200506,Academic year,National,E92000001,England,By Age 25,Ethnic Group,Asian / Asian British,High tariff,14.9
200506,Academic year,National,E92000001,England,By Age 19,Ethnic Group,Asian / Asian British,High tariff,14.1
200506,Academic year,National,E92000001,England,By Age 25,Ethnic Group,Asian / Asian British,Total,65.1
200506,Academic year,National,E92000001,England,By Age 19,Ethnic Group,Asian / Asian British,Total,55.7
200506,Academic year,National,E92000001,England,By Age 19,Ethnic Group,Black / African / Caribbean / Black British,High tariff,6.1
200506,Academic year,National,E92000001,England,By Age 25,Ethnic Group,Black / African / Caribbean / Black British,High tariff,6.9
200506,Academic year,National,E92000001,England,By Age 19,Ethnic Group,Black / African / Caribbean / Black British,Total,44.1
200506,Academic year,National,E92000001,England,By Age 25,Ethnic Group,Black / African / Caribbean / Black British,Total,59.8
200506,Academic year,National,E92000001,England,By Age 19,Ethnic Group,Mixed / Multiple ethnic groups,High tariff,10.4
200506,Academic year,National,E92000001,England,By Age 25,Ethnic Group,Mixed / Multiple ethnic groups,High tariff,11.3
200506,Academic year,National,E92000001,England,By Age 19,Ethnic Group,Mixed / Multiple ethnic groups,Total,37.3
200506,Academic year,National,E92000001,England,By Age 25,Ethnic Group,Mixed / Multiple ethnic groups,Total,48.6
200506,Academic year,National,E92000001,England,By Age 19,Ethnic Group,Other ethnic group,High tariff,11.6
200506,Academic year,National,E92000001,England,By Age 25,Ethnic Group,Other ethnic group,High tariff,13.0
200506,Academic year,National,E92000001,England,By Age 19,Ethnic Group,Other ethnic group,Total,46.1
200506,Academic year,National,E92000001,England,By Age 25,Ethnic Group,Other ethnic group,Total,58.8
200506,Academic year,National,E92000001,England,By Age 25,Ethnic Group,White,High tariff,9.7
200506,Academic year,National,E92000001,England,By Age 19,Ethnic Group,White,High tariff,9.1
200506,Academic year,National,E92000001,England,By Age 25,Ethnic Group,White,Total,39.3
200506,Academic year,National,E92000001,England,By Age 19,Ethnic Group,White,Total,31.6
200607,Academic year,National,E92000001,England,By Age 25,Ethnic Group,Asian / Asian British,High tariff,15.9
200607,Academic year,National,E92000001,England,By Age 19,Ethnic Group,Asian / Asian British,High tariff,15.1
200607,Academic year,National,E92000001,England,By Age 25,Ethnic Group,Asian / Asian British,Total,65.8
200607,Academic year,National,E92000001,England,By Age 19,Ethnic Group,Asian / Asian British,Total,56.1
200607,Academic year,National,E92000001,England,By Age 19,Ethnic Group,Black / African / Caribbean / Black British,High tariff,7.0
200607,Academic year,National,E92000001,England,By Age 25,Ethnic Group,Black / African / Caribbean / Black British,High tariff,7.7
200607,Academic year,National,E92000001,England,By Age 19,Ethnic Group,Black / African / Caribbean / Black British,Total,46.1
200607,Academic year,National,E92000001,England,By Age 25,Ethnic Group,Black / African / Caribbean / Black British,Total,62.2
200607,Academic year,National,E92000001,England,By Age 19,Ethnic Group,Mixed / Multiple ethnic groups,High tariff,10.6
200607,Academic year,National,E92000001,England,By Age 25,Ethnic Group,Mixed / Multiple ethnic groups,High tariff,11.6
200607,Academic year,National,E92000001,England,By Age 19,Ethnic Group,Mixed / Multiple ethnic groups,Total,38.4
200607,Academic year,National,E92000001,England,By Age 25,Ethnic Group,Mixed / Multiple ethnic groups,Total,49.3
200607,Academic year,National,E92000001,England,By Age 25,Ethnic Group,Other ethnic group,High tariff,13.6
200607,Academic year,National,E92000001,England,By Age 19,Ethnic Group,Other ethnic group,High tariff,12.7
200607,Academic year,National,E92000001,England,By Age 25,Ethnic Group,Other ethnic group,Total,58.5
200607,Academic year,National,E92000001,England,By Age 19,Ethnic Group,Other ethnic group,Total,46.2
200607,Academic year,National,E92000001,England,By Age 19,Ethnic Group,White,High tariff,9.1
200607,Academic year,National,E92000001,England,By Age 25,Ethnic Group,White,High tariff,9.7
200607,Academic year,National,E92000001,England,By Age 19,Ethnic Group,White,Total,32.9
200607,Academic year,National,E92000001,England,By Age 25,Ethnic Group,White,Total,40.5
200708,Academic year,National,E92000001,England,By Age 25,Ethnic Group,Asian / Asian British,High tariff,15.9
200708,Academic year,National,E92000001,England,By Age 19,Ethnic Group,Asian / Asian British,High tariff,15.2
200708,Academic year,National,E92000001,England,By Age 25,Ethnic Group,Asian / Asian British,Total,66.0
200708,Academic year,National,E92000001,England,By Age 19,Ethnic Group,Asian / Asian British,Total,56.5
200708,Academic year,National,E92000001,England,By Age 19,Ethnic Group,Black / African / Caribbean / Black British,High tariff,7.1
200708,Academic year,National,E92000001,England,By Age 25,Ethnic Group,Black / African / Caribbean / Black British,High tariff,7.7
200708,Academic year,National,E92000001,England,By Age 19,Ethnic Group,Black / African / Caribbean / Black British,Total,48.3
200708,Academic year,National,E92000001,England,By Age 25,Ethnic Group,Black / African / Caribbean / Black British,Total,63.8
200708,Academic year,National,E92000001,England,By Age 25,Ethnic Group,Mixed / Multiple ethnic groups,High tariff,11.4
200708,Academic year,National,E92000001,England,By Age 19,Ethnic Group,Mixed / Multiple ethnic groups,High tariff,10.8
200708,Academic year,National,E92000001,England,By Age 25,Ethnic Group,Mixed / Multiple ethnic groups,Total,49.7
200708,Academic year,National,E92000001,England,By Age 19,Ethnic Group,Mixed / Multiple ethnic groups,Total,39.0
200708,Academic year,National,E92000001,England,By Age 19,Ethnic Group,Other ethnic group,High tariff,12.6
200708,Academic year,National,E92000001,England,By Age 25,Ethnic Group,Other ethnic group,High tariff,13.5
200708,Academic year,National,E92000001,England,By Age 19,Ethnic Group,Other ethnic group,Total,46.6
200708,Academic year,National,E92000001,England,By Age 25,Ethnic Group,Other ethnic group,Total,59.3
200708,Academic year,National,E92000001,England,By Age 19,Ethnic Group,White,High tariff,9.5
200708,Academic year,National,E92000001,England,By Age 25,Ethnic Group,White,High tariff,10.0
200708,Academic year,National,E92000001,England,By Age 19,Ethnic Group,White,Total,33.6
200708,Academic year,National,E92000001,England,By Age 25,Ethnic Group,White,Total,41.0
200809,Academic year,National,E92000001,England,By Age 25,Ethnic Group,Asian / Asian British,High tariff,15.4
200809,Academic year,National,E92000001,England,By Age 19,Ethnic Group,Asian / Asian British,High tariff,14.7
200809,Academic year,National,E92000001,England,By Age 25,Ethnic Group,Asian / Asian British,Total,66.4
200809,Academic year,National,E92000001,England,By Age 19,Ethnic Group,Asian / Asian British,Total,56.7
200809,Academic year,National,E92000001,England,By Age 19,Ethnic Group,Black / African / Caribbean / Black British,High tariff,7.7
200809,Academic year,National,E92000001,England,By Age 25,Ethnic Group,Black / African / Caribbean / Black British,High tariff,8.3
200809,Academic year,National,E92000001,England,By Age 19,Ethnic Group,Black / African / Caribbean / Black British,Total,50.0
200809,Academic year,National,E92000001,England,By Age 25,Ethnic Group,Black / African / Caribbean / Black British,Total,65.4
200809,Academic year,National,E92000001,England,By Age 25,Ethnic Group,Mixed / Multiple ethnic groups,High tariff,12.3
200809,Academic year,National,E92000001,England,By Age 19,Ethnic Group,Mixed / Multiple ethnic groups,High tariff,11.6
200809,Academic year,National,E92000001,England,By Age 25,Ethnic Group,Mixed / Multiple ethnic groups,Total,51.3
200809,Academic year,National,E92000001,England,By Age 19,Ethnic Group,Mixed / Multiple ethnic groups,Total,40.5
200809,Academic year,National,E92000001,England,By Age 19,Ethnic Group,Other ethnic group,High tariff,11.5
200809,Academic year,National,E92000001,England,By Age 25,Ethnic Group,Other ethnic group,High tariff,12.8
200809,Academic year,National,E92000001,England,By Age 19,Ethnic Group,Other ethnic group,Total,47.8
200809,Academic year,National,E92000001,England,By Age 25,Ethnic Group,Other ethnic group,Total,60.9
200809,Academic year,National,E92000001,England,By Age 19,Ethnic Group,White,High tariff,9.4
200809,Academic year,National,E92000001,England,By Age 25,Ethnic Group,White,High tariff,9.9
200809,Academic year,National,E92000001,England,By Age 19,Ethnic Group,White,Total,33.8
200809,Academic year,National,E92000001,England,By Age 25,Ethnic Group,White,Total,41.6
200910,Academic year,National,E92000001,England,By Age 19,Ethnic Group,Asian / Asian British,High tariff,15.3
200910,Academic year,National,E92000001,England,By Age 25,Ethnic Group,Asian / Asian British,High tariff,16.1
200910,Academic year,National,E92000001,England,By Age 19,Ethnic Group,Asian / Asian British,Total,57.2
200910,Academic year,National,E92000001,England,By Age 25,Ethnic Group,Asian / Asian British,Total,67.1
200910,Academic year,National,E92000001,England,By Age 19,Ethnic Group,Black / African / Caribbean / Black British,High tariff,7.9
200910,Academic year,National,E92000001,England,By Age 25,Ethnic Group,Black / African / Caribbean / Black British,High tariff,8.7
200910,Academic year,National,E92000001,England,By Age 19,Ethnic Group,Black / African / Caribbean / Black British,Total,50.9
200910,Academic year,National,E92000001,England,By Age 25,Ethnic Group,Black / African / Caribbean / Black British,Total,66.9
200910,Academic year,National,E92000001,England,By Age 19,Ethnic Group,Mixed / Multiple ethnic groups,High tariff,12.5
200910,Academic year,National,E92000001,England,By Age 25,Ethnic Group,Mixed / Multiple ethnic groups,High tariff,13.4
200910,Academic year,National,E92000001,England,By Age 19,Ethnic Group,Mixed / Multiple ethnic groups,Total,41.2
200910,Academic year,National,E92000001,England,By Age 25,Ethnic Group,Mixed / Multiple ethnic groups,Total,52.3
200910,Academic year,National,E92000001,England,By Age 19,Ethnic Group,Other ethnic group,High tariff,12.5
200910,Academic year,National,E92000001,England,By Age 25,Ethnic Group,Other ethnic group,High tariff,13.7
200910,Academic year,National,E92000001,England,By Age 19,Ethnic Group,Other ethnic group,Total,49.0
200910,Academic year,National,E92000001,England,By Age 25,Ethnic Group,Other ethnic group,Total,62.4
200910,Academic year,National,E92000001,England,By Age 19,Ethnic Group,White,High tariff,9.7
200910,Academic year,National,E92000001,England,By Age 25,Ethnic Group,White,High tariff,10.4
200910,Academic year,National,E92000001,England,By Age 19,Ethnic Group,White,Total,33.9
200910,Academic year,National,E92000001,England,By Age 25,Ethnic Group,White,Total,42.4
201011,Academic year,National,E92000001,England,By Age 25,Ethnic Group,Asian / Asian British,High tariff,16.6
201011,Academic year,National,E92000001,England,By Age 19,Ethnic Group,Asian / Asian British,High tariff,15.9
201011,Academic year,National,E92000001,England,By Age 25,Ethnic Group,Asian / Asian British,Total,69.6
201011,Academic year,National,E92000001,England,By Age 19,Ethnic Group,Asian / Asian British,Total,60.1
201011,Academic year,National,E92000001,England,By Age 19,Ethnic Group,Black / African / Caribbean / Black British,High tariff,9.2
201011,Academic year,National,E92000001,England,By Age 25,Ethnic Group,Black / African / Caribbean / Black British,High tariff,9.9
201011,Academic year,National,E92000001,England,By Age 19,Ethnic Group,Black / African / Caribbean / Black British,Total,55.5
201011,Academic year,National,E92000001,England,By Age 25,Ethnic Group,Black / African / Caribbean / Black British,Total,69.7
201011,Academic year,National,E92000001,England,By Age 25,Ethnic Group,Mixed / Multiple ethnic groups,High tariff,14.5
201011,Academic year,National,E92000001,England,By Age 19,Ethnic Group,Mixed / Multiple ethnic groups,High tariff,13.6
201011,Academic year,National,E92000001,England,By Age 25,Ethnic Group,Mixed / Multiple ethnic groups,Total,54.7
201011,Academic year,National,E92000001,England,By Age 19,Ethnic Group,Mixed / Multiple ethnic groups,Total,43.8
201011,Academic year,National,E92000001,England,By Age 25,Ethnic Group,Other ethnic group,High tariff,14.8
201011,Academic year,National,E92000001,England,By Age 19,Ethnic Group,Other ethnic group,High tariff,13.9
201011,Academic year,National,E92000001,England,By Age 25,Ethnic Group,Other ethnic group,Total,64.2
201011,Academic year,National,E92000001,England,By Age 19,Ethnic Group,Other ethnic group,Total,52.0
201011,Academic year,National,E92000001,England,By Age 19,Ethnic Group,White,High tariff,10.5
201011,Academic year,National,E92000001,England,By Age 25,Ethnic Group,White,High tariff,11.1
201011,Academic year,National,E92000001,England,By Age 19,Ethnic Group,White,Total,35.6
201011,Academic year,National,E92000001,England,By Age 25,Ethnic Group,White,Total,43.9
201112,Academic year,National,E92000001,England,By Age 25,Ethnic Group,Asian / Asian British,High tariff,17.2
201112,Academic year,National,E92000001,England,By Age 19,Ethnic Group,Asian / Asian British,High tariff,16.5
201112,Academic year,National,E92000001,England,By Age 25,Ethnic Group,Asian / Asian British,Total,71.6
201112,Academic year,National,E92000001,England,By Age 19,Ethnic Group,Asian / Asian British,Total,62.5
201112,Academic year,National,E92000001,England,By Age 19,Ethnic Group,Black / African / Caribbean / Black British,High tariff,10.1
201112,Academic year,National,E92000001,England,By Age 25,Ethnic Group,Black / African / Caribbean / Black British,High tariff,10.8
201112,Academic year,National,E92000001,England,By Age 19,Ethnic Group,Black / African / Caribbean / Black British,Total,58.1
201112,Academic year,National,E92000001,England,By Age 25,Ethnic Group,Black / African / Caribbean / Black British,Total,71.5
201112,Academic year,National,E92000001,England,By Age 19,Ethnic Group,Mixed / Multiple ethnic groups,High tariff,13.6
201112,Academic year,National,E92000001,England,By Age 25,Ethnic Group,Mixed / Multiple ethnic groups,High tariff,14.3
201112,Academic year,National,E92000001,England,By Age 19,Ethnic Group,Mixed / Multiple ethnic groups,Total,45.7
201112,Academic year,National,E92000001,England,By Age 25,Ethnic Group,Mixed / Multiple ethnic groups,Total,56.0
201112,Academic year,National,E92000001,England,By Age 25,Ethnic Group,Other ethnic group,High tariff,16.1
201112,Academic year,National,E92000001,England,By Age 19,Ethnic Group,Other ethnic group,High tariff,14.9
201112,Academic year,National,E92000001,England,By Age 25,Ethnic Group,Other ethnic group,Total,67.4
201112,Academic year,National,E92000001,England,By Age 19,Ethnic Group,Other ethnic group,Total,55.9
201112,Academic year,National,E92000001,England,By Age 25,Ethnic Group,White,High tariff,11.5
201112,Academic year,National,E92000001,England,By Age 19,Ethnic Group,White,High tariff,10.9
201112,Academic year,National,E92000001,England,By Age 25,Ethnic Group,White,Total,45.4
201112,Academic year,National,E92000001,England,By Age 19,Ethnic Group,White,Total,37.1
201213,Academic year,National,E92000001,England,By Age 19,Ethnic Group,Asian / Asian British,High tariff,17.2
201213,Academic year,National,E92000001,England,By Age 25,Ethnic Group,Asian / Asian British,High tariff,17.9
201213,Academic year,National,E92000001,England,By Age 19,Ethnic Group,Asian / Asian British,Total,63.9
201213,Academic year,National,E92000001,England,By Age 25,Ethnic Group,Asian / Asian British,Total,72.3
201213,Academic year,National,E92000001,England,By Age 25,Ethnic Group,Black / African / Caribbean / Black British,High tariff,11.3
201213,Academic year,National,E92000001,England,By Age 19,Ethnic Group,Black / African / Caribbean / Black British,High tariff,10.7
201213,Academic year,National,E92000001,England,By Age 25,Ethnic Group,Black / African / Caribbean / Black British,Total,72.2
201213,Academic year,National,E92000001,England,By Age 19,Ethnic Group,Black / African / Caribbean / Black British,Total,59.9
201213,Academic year,National,E92000001,England,By Age 25,Ethnic Group,Mixed / Multiple ethnic groups,High tariff,14.6
201213,Academic year,National,E92000001,England,By Age 19,Ethnic Group,Mixed / Multiple ethnic groups,High tariff,13.7
201213,Academic year,National,E92000001,England,By Age 25,Ethnic Group,Mixed / Multiple ethnic groups,Total,56.1
201213,Academic year,National,E92000001,England,By Age 19,Ethnic Group,Mixed / Multiple ethnic groups,Total,45.9
201213,Academic year,National,E92000001,England,By Age 19,Ethnic Group,Other ethnic group,High tariff,15.8
201213,Academic year,National,E92000001,England,By Age 25,Ethnic Group,Other ethnic group,High tariff,16.8
201213,Academic year,National,E92000001,England,By Age 19,Ethnic Group,Other ethnic group,Total,57.9
201213,Academic year,National,E92000001,England,By Age 25,Ethnic Group,Other ethnic group,Total,69.1
201213,Academic year,National,E92000001,England,By Age 19,Ethnic Group,White,High tariff,10.8
201213,Academic year,National,E92000001,England,By Age 25,Ethnic Group,White,High tariff,11.4
201213,Academic year,National,E92000001,England,By Age 25,Ethnic Group,White,Total,45.7
201213,Academic year,National,E92000001,England,By Age 19,Ethnic Group,White,Total,37.3
201314,Academic year,National,E92000001,England,By Age 19,Ethnic Group,Asian / Asian British,High tariff,17.0
201314,Academic year,National,E92000001,England,By Age 25,Ethnic Group,Asian / Asian British,High tariff,17.7
201314,Academic year,National,E92000001,England,By Age 19,Ethnic Group,Asian / Asian British,Total,64.1
201314,Academic year,National,E92000001,England,By Age 25,Ethnic Group,Asian / Asian British,Total,72.6
201314,Academic year,National,E92000001,England,By Age 25,Ethnic Group,Black / African / Caribbean / Black British,High tariff,11.3
201314,Academic year,National,E92000001,England,By Age 19,Ethnic Group,Black / African / Caribbean / Black British,High tariff,10.6
201314,Academic year,National,E92000001,England,By Age 25,Ethnic Group,Black / African / Caribbean / Black British,Total,72.0
201314,Academic year,National,E92000001,England,By Age 19,Ethnic Group,Black / African / Caribbean / Black British,Total,59.9
201314,Academic year,National,E92000001,England,By Age 19,Ethnic Group,Mixed / Multiple ethnic groups,High tariff,14.4
201314,Academic year,National,E92000001,England,By Age 25,Ethnic Group,Mixed / Multiple ethnic groups,High tariff,15.1
201314,Academic year,National,E92000001,England,By Age 19,Ethnic Group,Mixed / Multiple ethnic groups,Total,46.8
201314,Academic year,National,E92000001,England,By Age 25,Ethnic Group,Mixed / Multiple ethnic groups,Total,56.9
201314,Academic year,National,E92000001,England,By Age 25,Ethnic Group,Other ethnic group,High tariff,16.7
201314,Academic year,National,E92000001,England,By Age 19,Ethnic Group,Other ethnic group,High tariff,15.9
201314,Academic year,National,E92000001,England,By Age 25,Ethnic Group,Other ethnic group,Total,69.7
201314,Academic year,National,E92000001,England,By Age 19,Ethnic Group,Other ethnic group,Total,58.1
201314,Academic year,National,E92000001,England,By Age 25,Ethnic Group,White,High tariff,11.7
201314,Academic year,National,E92000001,England,By Age 19,Ethnic Group,White,High tariff,11.2
201314,Academic year,National,E92000001,England,By Age 25,Ethnic Group,White,Total,46.6
201314,Academic year,National,E92000001,England,By Age 19,Ethnic Group,White,Total,38.3
201415,Academic year,National,E92000001,England,By Age 19,Ethnic Group,Asian / Asian British,High tariff,17.4
201415,Academic year,National,E92000001,England,By Age 25,Ethnic Group,Asian / Asian British,High tariff,18.0
201415,Academic year,National,E92000001,England,By Age 19,Ethnic Group,Asian / Asian British,Total,64.7
201415,Academic year,National,E92000001,England,By Age 25,Ethnic Group,Asian / Asian British,Total,73.4
201415,Academic year,National,E92000001,England,By Age 25,Ethnic Group,Black / African / Caribbean / Black British,High tariff,11.3
201415,Academic year,National,E92000001,England,By Age 19,Ethnic Group,Black / African / Caribbean / Black British,High tariff,10.7
201415,Academic year,National,E92000001,England,By Age 25,Ethnic Group,Black / African / Caribbean / Black British,Total,71.3
201415,Academic year,National,E92000001,England,By Age 19,Ethnic Group,Black / African / Caribbean / Black British,Total,59.2
201415,Academic year,National,E92000001,England,By Age 25,Ethnic Group,Mixed / Multiple ethnic groups,High tariff,15.4
201415,Academic year,National,E92000001,England,By Age 19,Ethnic Group,Mixed / Multiple ethnic groups,High tariff,14.7
201415,Academic year,National,E92000001,England,By Age 25,Ethnic Group,Mixed / Multiple ethnic groups,Total,57.4
201415,Academic year,National,E92000001,England,By Age 19,Ethnic Group,Mixed / Multiple ethnic groups,Total,47.6
201415,Academic year,National,E92000001,England,By Age 25,Ethnic Group,Other ethnic group,High tariff,17.2
201415,Academic year,National,E92000001,England,By Age 19,Ethnic Group,Other ethnic group,High tariff,16.2
201415,Academic year,National,E92000001,England,By Age 25,Ethnic Group,Other ethnic group,Total,70.9
201415,Academic year,National,E92000001,England,By Age 19,Ethnic Group,Other ethnic group,Total,59.9
201415,Academic year,National,E92000001,England,By Age 19,Ethnic Group,White,High tariff,11.3
201415,Academic year,National,E92000001,England,By Age 25,Ethnic Group,White,High tariff,11.9
201415,Academic year,National,E92000001,England,By Age 19,Ethnic Group,White,Total,38.4
201415,Academic year,National,E92000001,England,By Age 25,Ethnic Group,White,Total,46.8
201516,Academic year,National,E92000001,England,By Age 19,Ethnic Group,Asian / Asian British,High tariff,17.5
201516,Academic year,National,E92000001,England,By Age 19,Ethnic Group,Asian / Asian British,Total,65.0
201516,Academic year,National,E92000001,England,By Age 19,Ethnic Group,Black / African / Caribbean / Black British,High tariff,11.2
201516,Academic year,National,E92000001,England,By Age 19,Ethnic Group,Black / African / Caribbean / Black British,Total,60.0
201516,Academic year,National,E92000001,England,By Age 19,Ethnic Group,Mixed / Multiple ethnic groups,High tariff,14.5
201516,Academic year,National,E92000001,England,By Age 19,Ethnic Group,Mixed / Multiple ethnic groups,Total,47.7
201516,Academic year,National,E92000001,England,By Age 19,Ethnic Group,Other ethnic group,High tariff,15.9
201516,Academic year,National,E92000001,England,By Age 19,Ethnic Group,Other ethnic group,Total,58.8
201516,Academic year,National,E92000001,England,By Age 19,Ethnic Group,White,High tariff,11.4
201516,Academic year,National,E92000001,England,By Age 19,Ethnic Group,White,Total,38.8
201617,Academic year,National,E92000001,England,By Age 19,Ethnic Group,Asian / Asian British,High tariff,17.8
201617,Academic year,National,E92000001,England,By Age 19,Ethnic Group,Asian / Asian British,Total,66.3
201617,Academic year,National,E92000001,England,By Age 19,Ethnic Group,Black / African / Caribbean / Black British,High tariff,11.6
201617,Academic year,National,E92000001,England,By Age 19,Ethnic Group,Black / African / Caribbean / Black British,Total,62.1
201617,Academic year,National,E92000001,England,By Age 19,Ethnic Group,Mixed / Multiple ethnic groups,High tariff,14.6
201617,Academic year,National,E92000001,England,By Age 19,Ethnic Group,Mixed / Multiple ethnic groups,Total,48.2
201617,Academic year,National,E92000001,England,By Age 19,Ethnic Group,Other ethnic group,High tariff,16.1
201617,Academic year,National,E92000001,England,By Age 19,Ethnic Group,Other ethnic group,Total,60.1
201617,Academic year,National,E92000001,England,By Age 19,Ethnic Group,White,High tariff,11.7
201617,Academic year,National,E92000001,England,By Age 19,Ethnic Group,White,Total,39.8
201718,Academic year,National,E92000001,England,By Age 19,Ethnic Group,Asian / Asian British,High tariff,20.6
201718,Academic year,National,E92000001,England,By Age 19,Ethnic Group,Asian / Asian British,Total,68.3
201718,Academic year,National,E92000001,England,By Age 19,Ethnic Group,Black / African / Caribbean / Black British,High tariff,13.7
201718,Academic year,National,E92000001,England,By Age 19,Ethnic Group,Black / African / Caribbean / Black British,Total,63.5
201718,Academic year,National,E92000001,England,By Age 19,Ethnic Group,Mixed / Multiple ethnic groups,High tariff,15.9
201718,Academic year,National,E92000001,England,By Age 19,Ethnic Group,Mixed / Multiple ethnic groups,Total,51.6
201718,Academic year,National,E92000001,England,By Age 19,Ethnic Group,Other ethnic group,High tariff,17.8
201718,Academic year,National,E92000001,England,By Age 19,Ethnic Group,Other ethnic group,Total,61.8
201718,Academic year,National,E92000001,England,By Age 19,Ethnic Group,White,High tariff,12.5
201718,Academic year,National,E92000001,England,By Age 19,Ethnic Group,White,Total,41.9
201819,Academic year,National,E92000001,England,By Age 19,Ethnic Group,Asian / Asian British,High tariff,21.4
201819,Academic year,National,E92000001,England,By Age 19,Ethnic Group,Asian / Asian British,Total,68.5
201819,Academic year,National,E92000001,England,By Age 19,Ethnic Group,Black / African / Caribbean / Black British,High tariff,13.8
201819,Academic year,National,E92000001,England,By Age 19,Ethnic Group,Black / African / Caribbean / Black British,Total,62.4
201819,Academic year,National,E92000001,England,By Age 19,Ethnic Group,Mixed / Multiple ethnic groups,High tariff,16.6
201819,Academic year,National,E92000001,England,By Age 19,Ethnic Group,Mixed / Multiple ethnic groups,Total,51.9
201819,Academic year,National,E92000001,England,By Age 19,Ethnic Group,Other ethnic group,High tariff,17.4
201819,Academic year,National,E92000001,England,By Age 19,Ethnic Group,Other ethnic group,Total,61.7
201819,Academic year,National,E92000001,England,By Age 19,Ethnic Group,White,High tariff,12.7
201819,Academic year,National,E92000001,England,By Age 19,Ethnic Group,White,Total,41.9
201920,Academic year,National,E92000001,England,By Age 19,Ethnic Group,Asian / Asian British,High tariff,20.2
201920,Academic year,National,E92000001,England,By Age 19,Ethnic Group,Asian / Asian British,Total,67.6
201920,Academic year,National,E92000001,England,By Age 19,Ethnic Group,Black / African / Caribbean / Black British,High tariff,13.6
201920,Academic year,National,E92000001,England,By Age 19,Ethnic Group,Black / African / Caribbean / Black British,Total,63.6
201920,Academic year,National,E92000001,England,By Age 19,Ethnic Group,Mixed / Multiple ethnic groups,High tariff,15.9
201920,Academic year,National,E92000001,England,By Age 19,Ethnic Group,Mixed / Multiple ethnic groups,Total,50.4
201920,Academic year,National,E92000001,England,By Age 19,Ethnic Group,Other ethnic group,High tariff,16.9
201920,Academic year,National,E92000001,England,By Age 19,Ethnic Group,Other ethnic group,Total,62.0
201920,Academic year,National,E92000001,England,By Age 19,Ethnic Group,White,High tariff,11.8
201920,Academic year,National,E92000001,England,By Age 19,Ethnic Group,White,Total,40.7
202021,Academic year,National,E92000001,England,By Age 19,Ethnic Group,Asian / Asian British,High tariff,17.5
202021,Academic year,National,E92000001,England,By Age 19,Ethnic Group,Asian / Asian British,Total,66.4
202021,Academic year,National,E92000001,England,By Age 19,Ethnic Group,Black / African / Caribbean / Black British,High tariff,11.8
202021,Academic year,National,E92000001,England,By Age 19,Ethnic Group,Black / African / Caribbean / Black British,Total,64.2
202021,Academic year,National,E92000001,England,By Age 19,Ethnic Group,Mixed / Multiple ethnic groups,High tariff,14.5
202021,Academic year,National,E92000001,England,By Age 19,Ethnic Group,Mixed / Multiple ethnic groups,Total,48.7
202021,Academic year,National,E92000001,England,By Age 19,Ethnic Group,Other ethnic group,High tariff,14.3
202021,Academic year,National,E92000001,England,By Age 19,Ethnic Group,Other ethnic group,Total,61.7
202021,Academic year,National,E92000001,England,By Age 19,Ethnic Group,White,High tariff,11.1
202021,Academic year,National,E92000001,England,By Age 19,Ethnic Group,White,Total,39.0
200506,Academic year,National,E92000001,England,By Age 25,First Language,English,High tariff,9.8
200506,Academic year,National,E92000001,England,By Age 19,First Language,English,High tariff,9.2
200506,Academic year,National,E92000001,England,By Age 25,First Language,English,Total,40.1
200506,Academic year,National,E92000001,England,By Age 19,First Language,English,Total,32.2
200506,Academic year,National,E92000001,England,By Age 25,First Language,Other than English,High tariff,12.2
200506,Academic year,National,E92000001,England,By Age 19,First Language,Other than English,High tariff,11.4
200506,Academic year,National,E92000001,England,By Age 25,First Language,Other than English,Total,62.2
200506,Academic year,National,E92000001,England,By Age 19,First Language,Other than English,Total,50.8
200607,Academic year,National,E92000001,England,By Age 25,First Language,English,High tariff,9.8
200607,Academic year,National,E92000001,England,By Age 19,First Language,English,High tariff,9.2
200607,Academic year,National,E92000001,England,By Age 25,First Language,English,Total,41.3
200607,Academic year,National,E92000001,England,By Age 19,First Language,English,Total,33.5
200607,Academic year,National,E92000001,England,By Age 25,First Language,Other than English,High tariff,13.0
200607,Academic year,National,E92000001,England,By Age 19,First Language,Other than English,High tariff,12.1
200607,Academic year,National,E92000001,England,By Age 25,First Language,Other than English,Total,62.7
200607,Academic year,National,E92000001,England,By Age 19,First Language,Other than English,Total,50.9
200708,Academic year,National,E92000001,England,By Age 25,First Language,English,High tariff,10.2
200708,Academic year,National,E92000001,England,By Age 19,First Language,English,High tariff,9.7
200708,Academic year,National,E92000001,England,By Age 25,First Language,English,Total,42.0
200708,Academic year,National,E92000001,England,By Age 19,First Language,English,Total,34.4
200708,Academic year,National,E92000001,England,By Age 19,First Language,Other than English,High tariff,12.0
200708,Academic year,National,E92000001,England,By Age 25,First Language,Other than English,High tariff,12.8
200708,Academic year,National,E92000001,England,By Age 19,First Language,Other than English,Total,51.0
200708,Academic year,National,E92000001,England,By Age 25,First Language,Other than English,Total,62.7
200809,Academic year,National,E92000001,England,By Age 19,First Language,English,High tariff,9.6
200809,Academic year,National,E92000001,England,By Age 25,First Language,English,High tariff,10.2
200809,Academic year,National,E92000001,England,By Age 19,First Language,English,Total,34.8
200809,Academic year,National,E92000001,England,By Age 25,First Language,English,Total,42.9
200809,Academic year,National,E92000001,England,By Age 25,First Language,Other than English,High tariff,12.5
200809,Academic year,National,E92000001,England,By Age 19,First Language,Other than English,High tariff,11.7
200809,Academic year,National,E92000001,England,By Age 25,First Language,Other than English,Total,62.9
200809,Academic year,National,E92000001,England,By Age 19,First Language,Other than English,Total,51.3
200910,Academic year,National,E92000001,England,By Age 19,First Language,English,High tariff,10.0
200910,Academic year,National,E92000001,England,By Age 25,First Language,English,High tariff,10.6
200910,Academic year,National,E92000001,England,By Age 19,First Language,English,Total,34.9
200910,Academic year,National,E92000001,England,By Age 25,First Language,English,Total,43.7
200910,Academic year,National,E92000001,England,By Age 25,First Language,Other than English,High tariff,13.2
200910,Academic year,National,E92000001,England,By Age 19,First Language,Other than English,High tariff,12.3
200910,Academic year,National,E92000001,England,By Age 25,First Language,Other than English,Total,64.1
200910,Academic year,National,E92000001,England,By Age 19,First Language,Other than English,Total,52.3
201011,Academic year,National,E92000001,England,By Age 19,First Language,English,High tariff,10.8
201011,Academic year,National,E92000001,England,By Age 25,First Language,English,High tariff,11.4
201011,Academic year,National,E92000001,England,By Age 19,First Language,English,Total,36.9
201011,Academic year,National,E92000001,England,By Age 25,First Language,English,Total,45.3
201011,Academic year,National,E92000001,England,By Age 19,First Language,Other than English,High tariff,12.9
201011,Academic year,National,E92000001,England,By Age 25,First Language,Other than English,High tariff,13.7
201011,Academic year,National,E92000001,England,By Age 19,First Language,Other than English,Total,54.8
201011,Academic year,National,E92000001,England,By Age 25,First Language,Other than English,Total,66.1
201112,Academic year,National,E92000001,England,By Age 19,First Language,English,High tariff,11.2
201112,Academic year,National,E92000001,England,By Age 25,First Language,English,High tariff,11.8
201112,Academic year,National,E92000001,England,By Age 19,First Language,English,Total,38.4
201112,Academic year,National,E92000001,England,By Age 25,First Language,English,Total,46.9
201112,Academic year,National,E92000001,England,By Age 19,First Language,Other than English,High tariff,13.6
201112,Academic year,National,E92000001,England,By Age 25,First Language,Other than English,High tariff,14.4
201112,Academic year,National,E92000001,England,By Age 19,First Language,Other than English,Total,57.1
201112,Academic year,National,E92000001,England,By Age 25,First Language,Other than English,Total,67.6
201213,Academic year,National,E92000001,England,By Age 25,First Language,English,High tariff,11.8
201213,Academic year,National,E92000001,England,By Age 19,First Language,English,High tariff,11.2
201213,Academic year,National,E92000001,England,By Age 25,First Language,English,Total,47.4
201213,Academic year,National,E92000001,England,By Age 19,First Language,English,Total,38.8
201213,Academic year,National,E92000001,England,By Age 19,First Language,Other than English,High tariff,14.1
201213,Academic year,National,E92000001,England,By Age 25,First Language,Other than English,High tariff,14.8
201213,Academic year,National,E92000001,England,By Age 19,First Language,Other than English,Total,58.2
201213,Academic year,National,E92000001,England,By Age 25,First Language,Other than English,Total,68.4
201314,Academic year,National,E92000001,England,By Age 25,First Language,English,High tariff,12.1
201314,Academic year,National,E92000001,England,By Age 19,First Language,English,High tariff,11.5
201314,Academic year,National,E92000001,England,By Age 25,First Language,English,Total,48.2
201314,Academic year,National,E92000001,England,By Age 19,First Language,English,Total,39.8
201314,Academic year,National,E92000001,England,By Age 19,First Language,Other than English,High tariff,14.1
201314,Academic year,National,E92000001,England,By Age 25,First Language,Other than English,High tariff,14.7
201314,Academic year,National,E92000001,England,By Age 19,First Language,Other than English,Total,57.8
201314,Academic year,National,E92000001,England,By Age 25,First Language,Other than English,Total,68.2
201415,Academic year,National,E92000001,England,By Age 25,First Language,English,High tariff,12.3
201415,Academic year,National,E92000001,England,By Age 19,First Language,English,High tariff,11.7
201415,Academic year,National,E92000001,England,By Age 25,First Language,English,Total,48.5
201415,Academic year,National,E92000001,England,By Age 19,First Language,English,Total,40.1
201415,Academic year,National,E92000001,England,By Age 19,First Language,Other than English,High tariff,14.1
201415,Academic year,National,E92000001,England,By Age 25,First Language,Other than English,High tariff,14.8
201415,Academic year,National,E92000001,England,By Age 19,First Language,Other than English,Total,58.1
201415,Academic year,National,E92000001,England,By Age 25,First Language,Other than English,Total,68.7
201516,Academic year,National,E92000001,England,By Age 19,First Language,English,High tariff,11.9
201516,Academic year,National,E92000001,England,By Age 19,First Language,English,Total,40.6
201516,Academic year,National,E92000001,England,By Age 19,First Language,Other than English,High tariff,14.3
201516,Academic year,National,E92000001,England,By Age 19,First Language,Other than English,Total,58.1
201617,Academic year,National,E92000001,England,By Age 19,First Language,English,High tariff,12.2
201617,Academic year,National,E92000001,England,By Age 19,First Language,English,Total,41.7
201617,Academic year,National,E92000001,England,By Age 19,First Language,Other than English,High tariff,14.5
201617,Academic year,National,E92000001,England,By Age 19,First Language,Other than English,Total,59.2
201718,Academic year,National,E92000001,England,By Age 19,First Language,English,High tariff,13.2
201718,Academic year,National,E92000001,England,By Age 19,First Language,English,Total,44.0
201718,Academic year,National,E92000001,England,By Age 19,First Language,Other than English,High tariff,16.5
201718,Academic year,National,E92000001,England,By Age 19,First Language,Other than English,Total,61.2
201819,Academic year,National,E92000001,England,By Age 19,First Language,English,High tariff,13.5
201819,Academic year,National,E92000001,England,By Age 19,First Language,English,Total,44.1
201819,Academic year,National,E92000001,England,By Age 19,First Language,Other than English,High tariff,16.8
201819,Academic year,National,E92000001,England,By Age 19,First Language,Other than English,Total,61.1
201920,Academic year,National,E92000001,England,By Age 19,First Language,English,High tariff,12.6
201920,Academic year,National,E92000001,England,By Age 19,First Language,English,Total,43.0
201920,Academic year,National,E92000001,England,By Age 19,First Language,Other than English,High tariff,15.9
201920,Academic year,National,E92000001,England,By Age 19,First Language,Other than English,Total,61.1
202021,Academic year,National,E92000001,England,By Age 19,First Language,English,High tariff,11.8
202021,Academic year,National,E92000001,England,By Age 19,First Language,English,Total,41.4
202021,Academic year,National,E92000001,England,By Age 19,First Language,Other than English,High tariff,14.0
202021,Academic year,National,E92000001,England,By Age 19,First Language,Other than English,Total,61.0
200102,Academic year,National,E92000001,England,By Age 19,Free School Meals,All Other Pupils,High tariff,9.5
200102,Academic year,National,E92000001,England,By Age 25,Free School Meals,All Other Pupils,High tariff,10.1
200102,Academic year,National,E92000001,England,By Age 19,Free School Meals,All Other Pupils,Total,33.7
200102,Academic year,National,E92000001,England,By Age 25,Free School Meals,All Other Pupils,Total,41.8
200102,Academic year,National,E92000001,England,By Age 19,Free School Meals,Free School Meals,High tariff,1.7
200102,Academic year,National,E92000001,England,By Age 25,Free School Meals,Free School Meals,High tariff,2.0
200102,Academic year,National,E92000001,England,By Age 19,Free School Meals,Free School Meals,Total,14.4
200102,Academic year,National,E92000001,England,By Age 25,Free School Meals,Free School Meals,Total,21.5
200203,Academic year,National,E92000001,England,By Age 25,Free School Meals,All Other Pupils,High tariff,10.2
200203,Academic year,National,E92000001,England,By Age 19,Free School Meals,All Other Pupils,High tariff,9.6
200203,Academic year,National,E92000001,England,By Age 25,Free School Meals,All Other Pupils,Total,42.3
200203,Academic year,National,E92000001,England,By Age 19,Free School Meals,All Other Pupils,Total,34.1
200203,Academic year,National,E92000001,England,By Age 25,Free School Meals,Free School Meals,High tariff,2.2
200203,Academic year,National,E92000001,England,By Age 19,Free School Meals,Free School Meals,High tariff,1.8
200203,Academic year,National,E92000001,England,By Age 25,Free School Meals,Free School Meals,Total,22.5
200203,Academic year,National,E92000001,England,By Age 19,Free School Meals,Free School Meals,Total,15.2
200304,Academic year,National,E92000001,England,By Age 25,Free School Meals,All Other Pupils,High tariff,10.5
200304,Academic year,National,E92000001,England,By Age 19,Free School Meals,All Other Pupils,High tariff,9.8
200304,Academic year,National,E92000001,England,By Age 25,Free School Meals,All Other Pupils,Total,42.6
200304,Academic year,National,E92000001,England,By Age 19,Free School Meals,All Other Pupils,Total,34.1
200304,Academic year,National,E92000001,England,By Age 19,Free School Meals,Free School Meals,High tariff,1.9
200304,Academic year,National,E92000001,England,By Age 25,Free School Meals,Free School Meals,High tariff,2.3
200304,Academic year,National,E92000001,England,By Age 19,Free School Meals,Free School Meals,Total,16.0
200304,Academic year,National,E92000001,England,By Age 25,Free School Meals,Free School Meals,Total,23.7
200405,Academic year,National,E92000001,England,By Age 19,Free School Meals,All Other Pupils,High tariff,10.0
200405,Academic year,National,E92000001,England,By Age 25,Free School Meals,All Other Pupils,High tariff,10.6
200405,Academic year,National,E92000001,England,By Age 19,Free School Meals,All Other Pupils,Total,35.0
200405,Academic year,National,E92000001,England,By Age 25,Free School Meals,All Other Pupils,Total,43.4
200405,Academic year,National,E92000001,England,By Age 25,Free School Meals,Free School Meals,High tariff,2.7
200405,Academic year,National,E92000001,England,By Age 19,Free School Meals,Free School Meals,High tariff,2.2
200405,Academic year,National,E92000001,England,By Age 25,Free School Meals,Free School Meals,Total,25.1
200405,Academic year,National,E92000001,England,By Age 19,Free School Meals,Free School Meals,Total,17.4
200506,Academic year,National,E92000001,England,By Age 19,Free School Meals,All Other Pupils,High tariff,10.4
200506,Academic year,National,E92000001,England,By Age 25,Free School Meals,All Other Pupils,High tariff,11.1
200506,Academic year,National,E92000001,England,By Age 19,Free School Meals,All Other Pupils,Total,36.2
200506,Academic year,National,E92000001,England,By Age 25,Free School Meals,All Other Pupils,Total,44.5
200506,Academic year,National,E92000001,England,By Age 25,Free School Meals,Free School Meals,High tariff,3.0
200506,Academic year,National,E92000001,England,By Age 19,Free School Meals,Free School Meals,High tariff,2.5
200506,Academic year,National,E92000001,England,By Age 25,Free School Meals,Free School Meals,Total,26.5
200506,Academic year,National,E92000001,England,By Age 19,Free School Meals,Free School Meals,Total,18.6
200607,Academic year,National,E92000001,England,By Age 25,Free School Meals,All Other Pupils,High tariff,11.2
200607,Academic year,National,E92000001,England,By Age 19,Free School Meals,All Other Pupils,High tariff,10.5
200607,Academic year,National,E92000001,England,By Age 25,Free School Meals,All Other Pupils,Total,45.6
200607,Academic year,National,E92000001,England,By Age 19,Free School Meals,All Other Pupils,Total,37.5
200607,Academic year,National,E92000001,England,By Age 19,Free School Meals,Free School Meals,High tariff,2.9
200607,Academic year,National,E92000001,England,By Age 25,Free School Meals,Free School Meals,High tariff,3.3
200607,Academic year,National,E92000001,England,By Age 19,Free School Meals,Free School Meals,Total,19.8
200607,Academic year,National,E92000001,England,By Age 25,Free School Meals,Free School Meals,Total,27.9
200708,Academic year,National,E92000001,England,By Age 25,Free School Meals,All Other Pupils,High tariff,11.5
200708,Academic year,National,E92000001,England,By Age 19,Free School Meals,All Other Pupils,High tariff,10.9
200708,Academic year,National,E92000001,England,By Age 25,Free School Meals,All Other Pupils,Total,46.3
200708,Academic year,National,E92000001,England,By Age 19,Free School Meals,All Other Pupils,Total,38.3
200708,Academic year,National,E92000001,England,By Age 19,Free School Meals,Free School Meals,High tariff,2.9
200708,Academic year,National,E92000001,England,By Age 25,Free School Meals,Free School Meals,High tariff,3.3
200708,Academic year,National,E92000001,England,By Age 19,Free School Meals,Free School Meals,Total,20.3
200708,Academic year,National,E92000001,England,By Age 25,Free School Meals,Free School Meals,Total,28.6
200809,Academic year,National,E92000001,England,By Age 25,Free School Meals,All Other Pupils,High tariff,11.5
200809,Academic year,National,E92000001,England,By Age 19,Free School Meals,All Other Pupils,High tariff,10.9
200809,Academic year,National,E92000001,England,By Age 25,Free School Meals,All Other Pupils,Total,47.2
200809,Academic year,National,E92000001,England,By Age 19,Free School Meals,All Other Pupils,Total,38.8
200809,Academic year,National,E92000001,England,By Age 25,Free School Meals,Free School Meals,High tariff,3.4
200809,Academic year,National,E92000001,England,By Age 19,Free School Meals,Free School Meals,High tariff,3.0
200809,Academic year,National,E92000001,England,By Age 25,Free School Meals,Free School Meals,Total,30.0
200809,Academic year,National,E92000001,England,By Age 19,Free School Meals,Free School Meals,Total,21.3
200910,Academic year,National,E92000001,England,By Age 19,Free School Meals,All Other Pupils,High tariff,11.3
200910,Academic year,National,E92000001,England,By Age 25,Free School Meals,All Other Pupils,High tariff,12.0
200910,Academic year,National,E92000001,England,By Age 19,Free School Meals,All Other Pupils,Total,39.1
200910,Academic year,National,E92000001,England,By Age 25,Free School Meals,All Other Pupils,Total,48.2
200910,Academic year,National,E92000001,England,By Age 25,Free School Meals,Free School Meals,High tariff,3.7
200910,Academic year,National,E92000001,England,By Age 19,Free School Meals,Free School Meals,High tariff,3.2
200910,Academic year,National,E92000001,England,By Age 25,Free School Meals,Free School Meals,Total,31.4
200910,Academic year,National,E92000001,England,By Age 19,Free School Meals,Free School Meals,Total,22.3
201011,Academic year,National,E92000001,England,By Age 19,Free School Meals,All Other Pupils,High tariff,12.2
201011,Academic year,National,E92000001,England,By Age 25,Free School Meals,All Other Pupils,High tariff,12.9
201011,Academic year,National,E92000001,England,By Age 19,Free School Meals,All Other Pupils,Total,41.4
201011,Academic year,National,E92000001,England,By Age 25,Free School Meals,All Other Pupils,Total,50.2
201011,Academic year,National,E92000001,England,By Age 19,Free School Meals,Free School Meals,High tariff,3.6
201011,Academic year,National,E92000001,England,By Age 25,Free School Meals,Free School Meals,High tariff,4.1
201011,Academic year,National,E92000001,England,By Age 19,Free School Meals,Free School Meals,Total,23.9
201011,Academic year,National,E92000001,England,By Age 25,Free School Meals,Free School Meals,Total,32.8
201112,Academic year,National,E92000001,England,By Age 19,Free School Meals,All Other Pupils,High tariff,12.7
201112,Academic year,National,E92000001,England,By Age 25,Free School Meals,All Other Pupils,High tariff,13.4
201112,Academic year,National,E92000001,England,By Age 19,Free School Meals,All Other Pupils,Total,43.3
201112,Academic year,National,E92000001,England,By Age 25,Free School Meals,All Other Pupils,Total,52.0
201112,Academic year,National,E92000001,England,By Age 25,Free School Meals,Free School Meals,High tariff,4.4
201112,Academic year,National,E92000001,England,By Age 19,Free School Meals,Free School Meals,High tariff,4.0
201112,Academic year,National,E92000001,England,By Age 25,Free School Meals,Free School Meals,Total,34.5
201112,Academic year,National,E92000001,England,By Age 19,Free School Meals,Free School Meals,Total,25.7
201213,Academic year,National,E92000001,England,By Age 25,Free School Meals,All Other Pupils,High tariff,13.5
201213,Academic year,National,E92000001,England,By Age 19,Free School Meals,All Other Pupils,High tariff,12.9
201213,Academic year,National,E92000001,England,By Age 25,Free School Meals,All Other Pupils,Total,52.7
201213,Academic year,National,E92000001,England,By Age 19,Free School Meals,All Other Pupils,Total,44.0
201213,Academic year,National,E92000001,England,By Age 19,Free School Meals,Free School Meals,High tariff,4.3
201213,Academic year,National,E92000001,England,By Age 25,Free School Meals,Free School Meals,High tariff,4.7
201213,Academic year,National,E92000001,England,By Age 19,Free School Meals,Free School Meals,Total,26.2
201213,Academic year,National,E92000001,England,By Age 25,Free School Meals,Free School Meals,Total,35.0
201314,Academic year,National,E92000001,England,By Age 25,Free School Meals,All Other Pupils,High tariff,13.8
201314,Academic year,National,E92000001,England,By Age 19,Free School Meals,All Other Pupils,High tariff,13.2
201314,Academic year,National,E92000001,England,By Age 25,Free School Meals,All Other Pupils,Total,53.6
201314,Academic year,National,E92000001,England,By Age 19,Free School Meals,All Other Pupils,Total,45.0
201314,Academic year,National,E92000001,England,By Age 25,Free School Meals,Free School Meals,High tariff,4.8
201314,Academic year,National,E92000001,England,By Age 19,Free School Meals,Free School Meals,High tariff,4.4
201314,Academic year,National,E92000001,England,By Age 25,Free School Meals,Free School Meals,Total,35.3
201314,Academic year,National,E92000001,England,By Age 19,Free School Meals,Free School Meals,Total,26.3
201415,Academic year,National,E92000001,England,By Age 19,Free School Meals,All Other Pupils,High tariff,13.3
201415,Academic year,National,E92000001,England,By Age 25,Free School Meals,All Other Pupils,High tariff,13.9
201415,Academic year,National,E92000001,England,By Age 19,Free School Meals,All Other Pupils,Total,45.2
201415,Academic year,National,E92000001,England,By Age 25,Free School Meals,All Other Pupils,Total,53.9
201415,Academic year,National,E92000001,England,By Age 25,Free School Meals,Free School Meals,High tariff,5.0
201415,Academic year,National,E92000001,England,By Age 19,Free School Meals,Free School Meals,High tariff,4.5
201415,Academic year,National,E92000001,England,By Age 25,Free School Meals,Free School Meals,Total,35.5
201415,Academic year,National,E92000001,England,By Age 19,Free School Meals,Free School Meals,Total,26.4
201516,Academic year,National,E92000001,England,By Age 19,Free School Meals,All Other Pupils,High tariff,13.4
201516,Academic year,National,E92000001,England,By Age 19,Free School Meals,All Other Pupils,Total,45.8
201516,Academic year,National,E92000001,England,By Age 19,Free School Meals,Free School Meals,High tariff,4.5
201516,Academic year,National,E92000001,England,By Age 19,Free School Meals,Free School Meals,Total,26.6
201617,Academic year,National,E92000001,England,By Age 19,Free School Meals,All Other Pupils,High tariff,13.7
201617,Academic year,National,E92000001,England,By Age 19,Free School Meals,All Other Pupils,Total,46.9
201617,Academic year,National,E92000001,England,By Age 19,Free School Meals,Free School Meals,High tariff,4.9
201617,Academic year,National,E92000001,England,By Age 19,Free School Meals,Free School Meals,Total,28.2
201718,Academic year,National,E92000001,England,By Age 19,Free School Meals,All Other Pupils,High tariff,14.9
201718,Academic year,National,E92000001,England,By Age 19,Free School Meals,All Other Pupils,Total,49.4
201718,Academic year,National,E92000001,England,By Age 19,Free School Meals,Free School Meals,High tariff,5.5
201718,Academic year,National,E92000001,England,By Age 19,Free School Meals,Free School Meals,Total,29.2
201819,Academic year,National,E92000001,England,By Age 19,Free School Meals,All Other Pupils,High tariff,15.4
201819,Academic year,National,E92000001,England,By Age 19,Free School Meals,All Other Pupils,Total,49.9
201819,Academic year,National,E92000001,England,By Age 19,Free School Meals,Free School Meals,High tariff,5.5
201819,Academic year,National,E92000001,England,By Age 19,Free School Meals,Free School Meals,Total,29.1
201920,Academic year,National,E92000001,England,By Age 19,Free School Meals,All Other Pupils,High tariff,14.7
201920,Academic year,National,E92000001,England,By Age 19,Free School Meals,All Other Pupils,Total,49.2
201920,Academic year,National,E92000001,England,By Age 19,Free School Meals,Free School Meals,High tariff,5.2
201920,Academic year,National,E92000001,England,By Age 19,Free School Meals,Free School Meals,Total,29.0
202021,Academic year,National,E92000001,England,By Age 19,Free School Meals,All Other Pupils,High tariff,13.9
202021,Academic year,National,E92000001,England,By Age 19,Free School Meals,All Other Pupils,Total,48.4
202021,Academic year,National,E92000001,England,By Age 19,Free School Meals,Free School Meals,High tariff,4.6
202021,Academic year,National,E92000001,England,By Age 19,Free School Meals,Free School Meals,Total,28.6
200405,Academic year,National,E92000001,England,By Age 19,Level of Study,Level 4,Total,0.7
200405,Academic year,National,E92000001,England,By Age 25,Level of Study,Level 4,Total,1.7
200405,Academic year,National,E92000001,England,By Age 19,Level of Study,Level 5,Total,3.2
200405,Academic year,National,E92000001,England,By Age 25,Level of Study,Level 5,Total,5.2
200405,Academic year,National,E92000001,England,By Age 19,Level of Study,Level 6,Total,27.7
200405,Academic year,National,E92000001,England,By Age 25,Level of Study,Level 6,Total,32.8
200405,Academic year,National,E92000001,England,By Age 19,Level of Study,Level 7,Total,0.9
200405,Academic year,National,E92000001,England,By Age 25,Level of Study,Level 7,Total,1.1
200405,Academic year,National,E92000001,England,By Age 19,Level of Study,Level 8,Total,0.0
200405,Academic year,National,E92000001,England,By Age 25,Level of Study,Level 8,Total,0.0
200405,Academic year,National,E92000001,England,By Age 19,Level of Study,Unknown,Total,0.1
200405,Academic year,National,E92000001,England,By Age 25,Level of Study,Unknown,Total,0.1
200506,Academic year,National,E92000001,England,By Age 19,Level of Study,Level 4,Total,0.7
200506,Academic year,National,E92000001,England,By Age 25,Level of Study,Level 4,Total,1.8
200506,Academic year,National,E92000001,England,By Age 19,Level of Study,Level 5,Total,3.4
200506,Academic year,National,E92000001,England,By Age 25,Level of Study,Level 5,Total,5.2
200506,Academic year,National,E92000001,England,By Age 19,Level of Study,Level 6,Total,28.8
200506,Academic year,National,E92000001,England,By Age 25,Level of Study,Level 6,Total,34.0
200506,Academic year,National,E92000001,England,By Age 19,Level of Study,Level 7,Total,1.0
200506,Academic year,National,E92000001,England,By Age 25,Level of Study,Level 7,Total,1.2
200506,Academic year,National,E92000001,England,By Age 19,Level of Study,Level 8,Total,0.0
200506,Academic year,National,E92000001,England,By Age 25,Level of Study,Level 8,Total,0.0
200506,Academic year,National,E92000001,England,By Age 19,Level of Study,Unknown,Total,0.0
200506,Academic year,National,E92000001,England,By Age 25,Level of Study,Unknown,Total,0.0
200607,Academic year,National,E92000001,England,By Age 19,Level of Study,Level 4,Total,0.8
200607,Academic year,National,E92000001,England,By Age 25,Level of Study,Level 4,Total,1.8
200607,Academic year,National,E92000001,England,By Age 19,Level of Study,Level 5,Total,3.5
200607,Academic year,National,E92000001,England,By Age 25,Level of Study,Level 5,Total,5.2
200607,Academic year,National,E92000001,England,By Age 19,Level of Study,Level 6,Total,29.6
200607,Academic year,National,E92000001,England,By Age 25,Level of Study,Level 6,Total,35.0
200607,Academic year,National,E92000001,England,By Age 19,Level of Study,Level 7,Total,1.2
200607,Academic year,National,E92000001,England,By Age 25,Level of Study,Level 7,Total,1.4
200607,Academic year,National,E92000001,England,By Age 19,Level of Study,Level 8,Total,0.0
200607,Academic year,National,E92000001,England,By Age 25,Level of Study,Level 8,Total,0.0
200607,Academic year,National,E92000001,England,By Age 19,Level of Study,Unknown,Total,0.0
200607,Academic year,National,E92000001,England,By Age 25,Level of Study,Unknown,Total,0.0
200708,Academic year,National,E92000001,England,By Age 19,Level of Study,Level 4,Total,0.9
200708,Academic year,National,E92000001,England,By Age 25,Level of Study,Level 4,Total,2.0
200708,Academic year,National,E92000001,England,By Age 19,Level of Study,Level 5,Total,3.3
200708,Academic year,National,E92000001,England,By Age 25,Level of Study,Level 5,Total,4.8
200708,Academic year,National,E92000001,England,By Age 19,Level of Study,Level 6,Total,30.4
200708,Academic year,National,E92000001,England,By Age 25,Level of Study,Level 6,Total,35.6
200708,Academic year,National,E92000001,England,By Age 19,Level of Study,Level 7,Total,1.4
200708,Academic year,National,E92000001,England,By Age 25,Level of Study,Level 7,Total,1.6
200708,Academic year,National,E92000001,England,By Age 19,Level of Study,Level 8,Total,0.0
200708,Academic year,National,E92000001,England,By Age 25,Level of Study,Level 8,Total,0.0
200708,Academic year,National,E92000001,England,By Age 19,Level of Study,Unknown,Total,0.0
200708,Academic year,National,E92000001,England,By Age 25,Level of Study,Unknown,Total,0.0
200809,Academic year,National,E92000001,England,By Age 19,Level of Study,Level 4,Total,1.0
200809,Academic year,National,E92000001,England,By Age 25,Level of Study,Level 4,Total,2.1
200809,Academic year,National,E92000001,England,By Age 19,Level of Study,Level 5,Total,2.8
200809,Academic year,National,E92000001,England,By Age 25,Level of Study,Level 5,Total,4.4
200809,Academic year,National,E92000001,England,By Age 19,Level of Study,Level 6,Total,31.2
200809,Academic year,National,E92000001,England,By Age 25,Level of Study,Level 6,Total,36.8
200809,Academic year,National,E92000001,England,By Age 19,Level of Study,Level 7,Total,1.5
200809,Academic year,National,E92000001,England,By Age 25,Level of Study,Level 7,Total,1.7
200809,Academic year,National,E92000001,England,By Age 19,Level of Study,Level 8,Total,0.0
200809,Academic year,National,E92000001,England,By Age 25,Level of Study,Level 8,Total,0.0
200809,Academic year,National,E92000001,England,By Age 19,Level of Study,Unknown,Total,0.0
200809,Academic year,National,E92000001,England,By Age 25,Level of Study,Unknown,Total,0.0
200910,Academic year,National,E92000001,England,By Age 19,Level of Study,Level 4,Total,1.1
200910,Academic year,National,E92000001,England,By Age 25,Level of Study,Level 4,Total,2.5
200910,Academic year,National,E92000001,England,By Age 19,Level of Study,Level 5,Total,2.4
200910,Academic year,National,E92000001,England,By Age 25,Level of Study,Level 5,Total,3.9
200910,Academic year,National,E92000001,England,By Age 19,Level of Study,Level 6,Total,31.7
200910,Academic year,National,E92000001,England,By Age 25,Level of Study,Level 6,Total,37.7
200910,Academic year,National,E92000001,England,By Age 19,Level of Study,Level 7,Total,1.6
200910,Academic year,National,E92000001,England,By Age 25,Level of Study,Level 7,Total,1.8
200910,Academic year,National,E92000001,England,By Age 19,Level of Study,Level 8,Total,0.0
200910,Academic year,National,E92000001,England,By Age 25,Level of Study,Level 8,Total,0.0
200910,Academic year,National,E92000001,England,By Age 19,Level of Study,Unknown,Total,0.0
200910,Academic year,National,E92000001,England,By Age 25,Level of Study,Unknown,Total,0.0
201011,Academic year,National,E92000001,England,By Age 19,Level of Study,Level 4,Total,1.2
201011,Academic year,National,E92000001,England,By Age 25,Level of Study,Level 4,Total,2.5
201011,Academic year,National,E92000001,England,By Age 19,Level of Study,Level 5,Total,2.3
201011,Academic year,National,E92000001,England,By Age 25,Level of Study,Level 5,Total,3.6
201011,Academic year,National,E92000001,England,By Age 19,Level of Study,Level 6,Total,33.6
201011,Academic year,National,E92000001,England,By Age 25,Level of Study,Level 6,Total,39.6
201011,Academic year,National,E92000001,England,By Age 19,Level of Study,Level 7,Total,1.9
201011,Academic year,National,E92000001,England,By Age 25,Level of Study,Level 7,Total,2.1
201011,Academic year,National,E92000001,England,By Age 19,Level of Study,Level 8,Total,0.0
201011,Academic year,National,E92000001,England,By Age 25,Level of Study,Level 8,Total,0.0
201011,Academic year,National,E92000001,England,By Age 19,Level of Study,Unknown,Total,0.0
201011,Academic year,National,E92000001,England,By Age 25,Level of Study,Unknown,Total,0.0
201112,Academic year,National,E92000001,England,By Age 19,Level of Study,Level 4,Total,1.4
201112,Academic year,National,E92000001,England,By Age 25,Level of Study,Level 4,Total,2.7
201112,Academic year,National,E92000001,England,By Age 19,Level of Study,Level 5,Total,2.1
201112,Academic year,National,E92000001,England,By Age 25,Level of Study,Level 5,Total,3.3
201112,Academic year,National,E92000001,England,By Age 19,Level of Study,Level 6,Total,35.1
201112,Academic year,National,E92000001,England,By Age 25,Level of Study,Level 6,Total,41.2
201112,Academic year,National,E92000001,England,By Age 19,Level of Study,Level 7,Total,2.1
201112,Academic year,National,E92000001,England,By Age 25,Level of Study,Level 7,Total,2.3
201112,Academic year,National,E92000001,England,By Age 19,Level of Study,Level 8,Total,0.0
201112,Academic year,National,E92000001,England,By Age 25,Level of Study,Level 8,Total,0.0
201112,Academic year,National,E92000001,England,By Age 19,Level of Study,Unknown,Total,0.0
201112,Academic year,National,E92000001,England,By Age 25,Level of Study,Unknown,Total,0.0
201213,Academic year,National,E92000001,England,By Age 19,Level of Study,Level 4,Total,1.6
201213,Academic year,National,E92000001,England,By Age 25,Level of Study,Level 4,Total,2.8
201213,Academic year,National,E92000001,England,By Age 19,Level of Study,Level 5,Total,1.9
201213,Academic year,National,E92000001,England,By Age 25,Level of Study,Level 5,Total,3.0
201213,Academic year,National,E92000001,England,By Age 19,Level of Study,Level 6,Total,35.6
201213,Academic year,National,E92000001,England,By Age 25,Level of Study,Level 6,Total,41.7
201213,Academic year,National,E92000001,England,By Age 19,Level of Study,Level 7,Total,2.2
201213,Academic year,National,E92000001,England,By Age 25,Level of Study,Level 7,Total,2.5
201213,Academic year,National,E92000001,England,By Age 19,Level of Study,Level 8,Total,0.0
201213,Academic year,National,E92000001,England,By Age 25,Level of Study,Level 8,Total,0.0
201213,Academic year,National,E92000001,England,By Age 19,Level of Study,Unknown,Total,0.0
201213,Academic year,National,E92000001,England,By Age 25,Level of Study,Unknown,Total,0.0
201314,Academic year,National,E92000001,England,By Age 19,Level of Study,Level 4,Total,1.7
201314,Academic year,National,E92000001,England,By Age 25,Level of Study,Level 4,Total,3.0
201314,Academic year,National,E92000001,England,By Age 19,Level of Study,Level 5,Total,1.8
201314,Academic year,National,E92000001,England,By Age 25,Level of Study,Level 5,Total,2.7
201314,Academic year,National,E92000001,England,By Age 19,Level of Study,Level 6,Total,36.5
201314,Academic year,National,E92000001,England,By Age 25,Level of Study,Level 6,Total,42.7
201314,Academic year,National,E92000001,England,By Age 19,Level of Study,Level 7,Total,2.3
201314,Academic year,National,E92000001,England,By Age 25,Level of Study,Level 7,Total,2.6
201314,Academic year,National,E92000001,England,By Age 19,Level of Study,Level 8,Total,0.0
201314,Academic year,National,E92000001,England,By Age 25,Level of Study,Level 8,Total,0.0
201314,Academic year,National,E92000001,England,By Age 19,Level of Study,Unknown,Total,0.0
201314,Academic year,National,E92000001,England,By Age 25,Level of Study,Unknown,Total,0.0
201415,Academic year,National,E92000001,England,By Age 19,Level of Study,Level 4,Total,1.7
201415,Academic year,National,E92000001,England,By Age 25,Level of Study,Level 4,Total,3.1
201415,Academic year,National,E92000001,England,By Age 19,Level of Study,Level 5,Total,1.6
201415,Academic year,National,E92000001,England,By Age 25,Level of Study,Level 5,Total,2.4
201415,Academic year,National,E92000001,England,By Age 19,Level of Study,Level 6,Total,37.1
201415,Academic year,National,E92000001,England,By Age 25,Level of Study,Level 6,Total,43.3
201415,Academic year,National,E92000001,England,By Age 19,Level of Study,Level 7,Total,2.3
201415,Academic year,National,E92000001,England,By Age 25,Level of Study,Level 7,Total,2.5
201415,Academic year,National,E92000001,England,By Age 19,Level of Study,Level 8,Total,0.0
201415,Academic year,National,E92000001,England,By Age 25,Level of Study,Level 8,Total,0.0
201415,Academic year,National,E92000001,England,By Age 19,Level of Study,Unknown,Total,0.0
201415,Academic year,National,E92000001,England,By Age 25,Level of Study,Unknown,Total,0.0
201516,Academic year,National,E92000001,England,By Age 19,Level of Study,Level 4,Total,1.7
201516,Academic year,National,E92000001,England,By Age 19,Level of Study,Level 5,Total,1.4
201516,Academic year,National,E92000001,England,By Age 19,Level of Study,Level 6,Total,37.8
201516,Academic year,National,E92000001,England,By Age 19,Level of Study,Level 7,Total,2.3
201516,Academic year,National,E92000001,England,By Age 19,Level of Study,Level 8,Total,0.0
201516,Academic year,National,E92000001,England,By Age 19,Level of Study,Unknown,Total,0.0
201617,Academic year,National,E92000001,England,By Age 19,Level of Study,Level 4,Total,1.7
201617,Academic year,National,E92000001,England,By Age 19,Level of Study,Level 5,Total,1.4
201617,Academic year,National,E92000001,England,By Age 19,Level of Study,Level 6,Total,39.0
201617,Academic year,National,E92000001,England,By Age 19,Level of Study,Level 7,Total,2.4
201617,Academic year,National,E92000001,England,By Age 19,Level of Study,Level 8,Total,0.0
201617,Academic year,National,E92000001,England,By Age 19,Level of Study,Unknown,Total,0.0
201718,Academic year,National,E92000001,England,By Age 19,Level of Study,Level 4,Total,1.6
201718,Academic year,National,E92000001,England,By Age 19,Level of Study,Level 5,Total,1.5
201718,Academic year,National,E92000001,England,By Age 19,Level of Study,Level 6,Total,41.0
201718,Academic year,National,E92000001,England,By Age 19,Level of Study,Level 7,Total,2.7
201718,Academic year,National,E92000001,England,By Age 19,Level of Study,Level 8,Total,0.0
201718,Academic year,National,E92000001,England,By Age 19,Level of Study,Unknown,Total,0.0
201819,Academic year,National,E92000001,England,By Age 19,Level of Study,Level 4,Total,1.7
201819,Academic year,National,E92000001,England,By Age 19,Level of Study,Level 5,Total,1.2
201819,Academic year,National,E92000001,England,By Age 19,Level of Study,Level 6,Total,41.4
201819,Academic year,National,E92000001,England,By Age 19,Level of Study,Level 7,Total,2.7
201819,Academic year,National,E92000001,England,By Age 19,Level of Study,Level 8,Total,0.0
201819,Academic year,National,E92000001,England,By Age 19,Level of Study,Unknown,Total,0.0
201920,Academic year,National,E92000001,England,By Age 19,Level of Study,Level 4,Total,1.8
201920,Academic year,National,E92000001,England,By Age 19,Level of Study,Level 5,Total,1.2
201920,Academic year,National,E92000001,England,By Age 19,Level of Study,Level 6,Total,40.4
201920,Academic year,National,E92000001,England,By Age 19,Level of Study,Level 7,Total,2.5
201920,Academic year,National,E92000001,England,By Age 19,Level of Study,Unknown,Total,0.0
202021,Academic year,National,E92000001,England,By Age 19,Level of Study,Level 4,Total,1.9
202021,Academic year,National,E92000001,England,By Age 19,Level of Study,Level 5,Total,1.1
202021,Academic year,National,E92000001,England,By Age 19,Level of Study,Level 6,Total,39.1
202021,Academic year,National,E92000001,England,By Age 19,Level of Study,Level 7,Total,2.5
202021,Academic year,National,E92000001,England,By Age 19,Level of Study,Unknown,Total,0.0
200506,Academic year,National,E92000001,England,By Age 19,Looked After Children,All Other Pupils,High tariff,9.0
200506,Academic year,National,E92000001,England,By Age 25,Looked After Children,All Other Pupils,High tariff,10.0
200506,Academic year,National,E92000001,England,By Age 19,Looked After Children,All Other Pupils,Total,34.0
200506,Academic year,National,E92000001,England,By Age 25,Looked After Children,All Other Pupils,Total,42.0
200506,Academic year,National,E92000001,England,By Age 19,Looked After Children,Looked after continuously for 12 months or more,High tariff,1.0
200506,Academic year,National,E92000001,England,By Age 25,Looked After Children,Looked after continuously for 12 months or more,High tariff,2.0
200506,Academic year,National,E92000001,England,By Age 19,Looked After Children,Looked after continuously for 12 months or more,Total,9.0
200506,Academic year,National,E92000001,England,By Age 25,Looked After Children,Looked after continuously for 12 months or more,Total,15.0
200607,Academic year,National,E92000001,England,By Age 25,Looked After Children,All Other Pupils,High tariff,10.0
200607,Academic year,National,E92000001,England,By Age 19,Looked After Children,All Other Pupils,High tariff,10.0
200607,Academic year,National,E92000001,England,By Age 25,Looked After Children,All Other Pupils,Total,44.0
200607,Academic year,National,E92000001,England,By Age 19,Looked After Children,All Other Pupils,Total,35.0
200607,Academic year,National,E92000001,England,By Age 25,Looked After Children,Looked after continuously for 12 months or more,High tariff,2.0
200607,Academic year,National,E92000001,England,By Age 19,Looked After Children,Looked after continuously for 12 months or more,High tariff,1.0
200607,Academic year,National,E92000001,England,By Age 25,Looked After Children,Looked after continuously for 12 months or more,Total,16.0
200607,Academic year,National,E92000001,England,By Age 19,Looked After Children,Looked after continuously for 12 months or more,Total,10.0
200708,Academic year,National,E92000001,England,By Age 25,Looked After Children,All Other Pupils,High tariff,11.0
200708,Academic year,National,E92000001,England,By Age 19,Looked After Children,All Other Pupils,High tariff,10.0
200708,Academic year,National,E92000001,England,By Age 25,Looked After Children,All Other Pupils,Total,44.0
200708,Academic year,National,E92000001,England,By Age 19,Looked After Children,All Other Pupils,Total,36.0
200708,Academic year,National,E92000001,England,By Age 25,Looked After Children,Looked after continuously for 12 months or more,High tariff,1.0
200708,Academic year,National,E92000001,England,By Age 19,Looked After Children,Looked after continuously for 12 months or more,High tariff,1.0
200708,Academic year,National,E92000001,England,By Age 25,Looked After Children,Looked after continuously for 12 months or more,Total,16.0
200708,Academic year,National,E92000001,England,By Age 19,Looked After Children,Looked after continuously for 12 months or more,Total,10.0
200809,Academic year,National,E92000001,England,By Age 25,Looked After Children,All Other Pupils,High tariff,10.0
200809,Academic year,National,E92000001,England,By Age 19,Looked After Children,All Other Pupils,High tariff,10.0
200809,Academic year,National,E92000001,England,By Age 25,Looked After Children,All Other Pupils,Total,45.0
200809,Academic year,National,E92000001,England,By Age 19,Looked After Children,All Other Pupils,Total,37.0
200809,Academic year,National,E92000001,England,By Age 19,Looked After Children,Looked after continuously for 12 months or more,High tariff,1.0
200809,Academic year,National,E92000001,England,By Age 25,Looked After Children,Looked after continuously for 12 months or more,High tariff,1.0
200809,Academic year,National,E92000001,England,By Age 19,Looked After Children,Looked after continuously for 12 months or more,Total,9.0
200809,Academic year,National,E92000001,England,By Age 25,Looked After Children,Looked after continuously for 12 months or more,Total,16.0
200910,Academic year,National,E92000001,England,By Age 19,Looked After Children,All Other Pupils,High tariff,10.0
200910,Academic year,National,E92000001,England,By Age 25,Looked After Children,All Other Pupils,High tariff,11.0
200910,Academic year,National,E92000001,England,By Age 19,Looked After Children,All Other Pupils,Total,37.0
200910,Academic year,National,E92000001,England,By Age 25,Looked After Children,All Other Pupils,Total,46.0
200910,Academic year,National,E92000001,England,By Age 25,Looked After Children,Looked after continuously for 12 months or more,High tariff,1.0
200910,Academic year,National,E92000001,England,By Age 19,Looked After Children,Looked after continuously for 12 months or more,High tariff,1.0
200910,Academic year,National,E92000001,England,By Age 25,Looked After Children,Looked after continuously for 12 months or more,Total,18.0
200910,Academic year,National,E92000001,England,By Age 19,Looked After Children,Looked after continuously for 12 months or more,Total,10.0
201011,Academic year,National,E92000001,England,By Age 19,Looked After Children,All Other Pupils,High tariff,11.0
201011,Academic year,National,E92000001,England,By Age 25,Looked After Children,All Other Pupils,High tariff,12.0
201011,Academic year,National,E92000001,England,By Age 19,Looked After Children,All Other Pupils,Total,39.0
201011,Academic year,National,E92000001,England,By Age 25,Looked After Children,All Other Pupils,Total,48.0
201011,Academic year,National,E92000001,England,By Age 25,Looked After Children,Looked after continuously for 12 months or more,High tariff,1.0
201011,Academic year,National,E92000001,England,By Age 19,Looked After Children,Looked after continuously for 12 months or more,High tariff,1.0
201011,Academic year,National,E92000001,England,By Age 25,Looked After Children,Looked after continuously for 12 months or more,Total,18.0
201011,Academic year,National,E92000001,England,By Age 19,Looked After Children,Looked after continuously for 12 months or more,Total,11.0
201112,Academic year,National,E92000001,England,By Age 19,Looked After Children,All Other Pupils,High tariff,12.0
201112,Academic year,National,E92000001,England,By Age 25,Looked After Children,All Other Pupils,High tariff,12.0
201112,Academic year,National,E92000001,England,By Age 19,Looked After Children,All Other Pupils,Total,41.0
201112,Academic year,National,E92000001,England,By Age 25,Looked After Children,All Other Pupils,Total,50.0
201112,Academic year,National,E92000001,England,By Age 25,Looked After Children,Looked after continuously for 12 months or more,High tariff,2.0
201112,Academic year,National,E92000001,England,By Age 19,Looked After Children,Looked after continuously for 12 months or more,High tariff,1.0
201112,Academic year,National,E92000001,England,By Age 25,Looked After Children,Looked after continuously for 12 months or more,Total,19.0
201112,Academic year,National,E92000001,England,By Age 19,Looked After Children,Looked after continuously for 12 months or more,Total,12.0
201213,Academic year,National,E92000001,England,By Age 25,Looked After Children,All Other Pupils,High tariff,12.0
201213,Academic year,National,E92000001,England,By Age 19,Looked After Children,All Other Pupils,High tariff,12.0
201213,Academic year,National,E92000001,England,By Age 25,Looked After Children,All Other Pupils,Total,50.0
201213,Academic year,National,E92000001,England,By Age 19,Looked After Children,All Other Pupils,Total,41.0
201213,Academic year,National,E92000001,England,By Age 25,Looked After Children,Looked after continuously for 12 months or more,High tariff,2.0
201213,Academic year,National,E92000001,England,By Age 19,Looked After Children,Looked after continuously for 12 months or more,High tariff,2.0
201213,Academic year,National,E92000001,England,By Age 25,Looked After Children,Looked after continuously for 12 months or more,Total,20.0
201213,Academic year,National,E92000001,England,By Age 19,Looked After Children,Looked after continuously for 12 months or more,Total,13.0
201314,Academic year,National,E92000001,England,By Age 25,Looked After Children,All Other Pupils,High tariff,13.0
201314,Academic year,National,E92000001,England,By Age 19,Looked After Children,All Other Pupils,High tariff,12.0
201314,Academic year,National,E92000001,England,By Age 25,Looked After Children,All Other Pupils,Total,51.0
201314,Academic year,National,E92000001,England,By Age 19,Looked After Children,All Other Pupils,Total,42.0
201314,Academic year,National,E92000001,England,By Age 25,Looked After Children,Looked after continuously for 12 months or more,High tariff,2.0
201314,Academic year,National,E92000001,England,By Age 19,Looked After Children,Looked after continuously for 12 months or more,High tariff,2.0
201314,Academic year,National,E92000001,England,By Age 25,Looked After Children,Looked after continuously for 12 months or more,Total,20.0
201314,Academic year,National,E92000001,England,By Age 19,Looked After Children,Looked after continuously for 12 months or more,Total,12.0
201415,Academic year,National,E92000001,England,By Age 19,Looked After Children,All Other Pupils,High tariff,12.0
201415,Academic year,National,E92000001,England,By Age 25,Looked After Children,All Other Pupils,High tariff,13.0
201415,Academic year,National,E92000001,England,By Age 19,Looked After Children,All Other Pupils,Total,43.0
201415,Academic year,National,E92000001,England,By Age 25,Looked After Children,All Other Pupils,Total,52.0
201415,Academic year,National,E92000001,England,By Age 19,Looked After Children,Looked after continuously for 12 months or more,High tariff,2.0
201415,Academic year,National,E92000001,England,By Age 25,Looked After Children,Looked after continuously for 12 months or more,High tariff,2.0
201415,Academic year,National,E92000001,England,By Age 19,Looked After Children,Looked after continuously for 12 months or more,Total,13.0
201415,Academic year,National,E92000001,England,By Age 25,Looked After Children,Looked after continuously for 12 months or more,Total,20.0
201516,Academic year,National,E92000001,England,By Age 19,Looked After Children,All Other Pupils,High tariff,12.0
201516,Academic year,National,E92000001,England,By Age 19,Looked After Children,All Other Pupils,Total,43.0
201516,Academic year,National,E92000001,England,By Age 19,Looked After Children,Looked after continuously for 12 months or more,High tariff,1.0
201516,Academic year,National,E92000001,England,By Age 19,Looked After Children,Looked after continuously for 12 months or more,Total,13.0
201617,Academic year,National,E92000001,England,By Age 19,Looked After Children,All Other Pupils,High tariff,13.0
201617,Academic year,National,E92000001,England,By Age 19,Looked After Children,All Other Pupils,Total,45.0
201617,Academic year,National,E92000001,England,By Age 19,Looked After Children,Looked after continuously for 12 months or more,High tariff,2.0
201617,Academic year,National,E92000001,England,By Age 19,Looked After Children,Looked after continuously for 12 months or more,Total,13.0
201718,Academic year,National,E92000001,England,By Age 19,Looked After Children,All Other Pupils,High tariff,14.0
201718,Academic year,National,E92000001,England,By Age 19,Looked After Children,All Other Pupils,Total,47.0
201718,Academic year,National,E92000001,England,By Age 19,Looked After Children,Looked after continuously for 12 months or more,High tariff,2.0
201718,Academic year,National,E92000001,England,By Age 19,Looked After Children,Looked after continuously for 12 months or more,Total,14.0
201819,Academic year,National,E92000001,England,By Age 19,Looked After Children,All Other Pupils,High tariff,14.0
201819,Academic year,National,E92000001,England,By Age 19,Looked After Children,All Other Pupils,Total,47.0
201819,Academic year,National,E92000001,England,By Age 19,Looked After Children,Looked after continuously for 12 months or more,High tariff,2.0
201819,Academic year,National,E92000001,England,By Age 19,Looked After Children,Looked after continuously for 12 months or more,Total,15.0
201920,Academic year,National,E92000001,England,By Age 19,Looked After Children,All Other Pupils,High tariff,13.0
201920,Academic year,National,E92000001,England,By Age 19,Looked After Children,All Other Pupils,Total,46.0
201920,Academic year,National,E92000001,England,By Age 19,Looked After Children,Looked after continuously for 12 months or more,High tariff,2.0
201920,Academic year,National,E92000001,England,By Age 19,Looked After Children,Looked after continuously for 12 months or more,Total,15.0
202021,Academic year,National,E92000001,England,By Age 19,Looked After Children,All Other Pupils,High tariff,12.0
202021,Academic year,National,E92000001,England,By Age 19,Looked After Children,All Other Pupils,Total,45.0
202021,Academic year,National,E92000001,England,By Age 19,Looked After Children,Looked after continuously for 12 months or more,High tariff,2.0
202021,Academic year,National,E92000001,England,By Age 19,Looked After Children,Looked after continuously for 12 months or more,Total,14.0
200102,Academic year,National,E92000001,England,By Age 19,Mode of Study,Apprenticeship,Total,0.0
200102,Academic year,National,E92000001,England,By Age 25,Mode of Study,Apprenticeship,Total,0.0
200102,Academic year,National,E92000001,England,By Age 19,Mode of Study,Full-time,Total,29.6
200102,Academic year,National,E92000001,England,By Age 25,Mode of Study,Full-time,Total,34.7
200102,Academic year,National,E92000001,England,By Age 19,Mode of Study,Part-time,Total,1.3
200102,Academic year,National,E92000001,England,By Age 25,Mode of Study,Part-time,Total,4.1
200203,Academic year,National,E92000001,England,By Age 19,Mode of Study,Apprenticeship,Total,0.0
200203,Academic year,National,E92000001,England,By Age 25,Mode of Study,Apprenticeship,Total,0.1
200203,Academic year,National,E92000001,England,By Age 19,Mode of Study,Full-time,Total,30.2
200203,Academic year,National,E92000001,England,By Age 25,Mode of Study,Full-time,Total,35.4
200203,Academic year,National,E92000001,England,By Age 19,Mode of Study,Part-time,Total,1.3
200203,Academic year,National,E92000001,England,By Age 25,Mode of Study,Part-time,Total,4.0
200304,Academic year,National,E92000001,England,By Age 19,Mode of Study,Apprenticeship,Total,0.0
200304,Academic year,National,E92000001,England,By Age 25,Mode of Study,Apprenticeship,Total,0.1
200304,Academic year,National,E92000001,England,By Age 19,Mode of Study,Full-time,Total,30.2
200304,Academic year,National,E92000001,England,By Age 25,Mode of Study,Full-time,Total,35.9
200304,Academic year,National,E92000001,England,By Age 19,Mode of Study,Part-time,Total,1.3
200304,Academic year,National,E92000001,England,By Age 25,Mode of Study,Part-time,Total,3.9
200405,Academic year,National,E92000001,England,By Age 19,Mode of Study,Apprenticeship,Total,0.0
200405,Academic year,National,E92000001,England,By Age 25,Mode of Study,Apprenticeship,Total,0.1
200405,Academic year,National,E92000001,England,By Age 19,Mode of Study,Full-time,Total,31.2
200405,Academic year,National,E92000001,England,By Age 25,Mode of Study,Full-time,Total,37.0
200405,Academic year,National,E92000001,England,By Age 19,Mode of Study,Part-time,Total,1.4
200405,Academic year,National,E92000001,England,By Age 25,Mode of Study,Part-time,Total,3.8
200506,Academic year,National,E92000001,England,By Age 19,Mode of Study,Apprenticeship,Total,0.0
200506,Academic year,National,E92000001,England,By Age 25,Mode of Study,Apprenticeship,Total,0.2
200506,Academic year,National,E92000001,England,By Age 19,Mode of Study,Full-time,Total,32.5
200506,Academic year,National,E92000001,England,By Age 25,Mode of Study,Full-time,Total,38.2
200506,Academic year,National,E92000001,England,By Age 19,Mode of Study,Part-time,Total,1.4
200506,Academic year,National,E92000001,England,By Age 25,Mode of Study,Part-time,Total,3.6
200607,Academic year,National,E92000001,England,By Age 19,Mode of Study,Apprenticeship,Total,0.1
200607,Academic year,National,E92000001,England,By Age 25,Mode of Study,Apprenticeship,Total,0.3
200607,Academic year,National,E92000001,England,By Age 19,Mode of Study,Full-time,Total,33.7
200607,Academic year,National,E92000001,England,By Age 25,Mode of Study,Full-time,Total,39.5
200607,Academic year,National,E92000001,England,By Age 19,Mode of Study,Part-time,Total,1.4
200607,Academic year,National,E92000001,England,By Age 25,Mode of Study,Part-time,Total,3.5
200708,Academic year,National,E92000001,England,By Age 19,Mode of Study,Apprenticeship,Total,0.1
200708,Academic year,National,E92000001,England,By Age 25,Mode of Study,Apprenticeship,Total,0.4
200708,Academic year,National,E92000001,England,By Age 19,Mode of Study,Full-time,Total,34.6
200708,Academic year,National,E92000001,England,By Age 25,Mode of Study,Full-time,Total,40.2
200708,Academic year,National,E92000001,England,By Age 19,Mode of Study,Part-time,Total,1.4
200708,Academic year,National,E92000001,England,By Age 25,Mode of Study,Part-time,Total,3.4
200809,Academic year,National,E92000001,England,By Age 19,Mode of Study,Apprenticeship,Total,0.1
200809,Academic year,National,E92000001,England,By Age 25,Mode of Study,Apprenticeship,Total,0.6
200809,Academic year,National,E92000001,England,By Age 19,Mode of Study,Full-time,Total,35.2
200809,Academic year,National,E92000001,England,By Age 25,Mode of Study,Full-time,Total,41.2
200809,Academic year,National,E92000001,England,By Age 19,Mode of Study,Part-time,Total,1.2
200809,Academic year,National,E92000001,England,By Age 25,Mode of Study,Part-time,Total,3.3
200910,Academic year,National,E92000001,England,By Age 19,Mode of Study,Apprenticeship,Total,0.2
200910,Academic year,National,E92000001,England,By Age 25,Mode of Study,Apprenticeship,Total,0.8
200910,Academic year,National,E92000001,England,By Age 19,Mode of Study,Full-time,Total,35.5
200910,Academic year,National,E92000001,England,By Age 25,Mode of Study,Full-time,Total,41.9
200910,Academic year,National,E92000001,England,By Age 19,Mode of Study,Part-time,Total,1.2
200910,Academic year,National,E92000001,England,By Age 25,Mode of Study,Part-time,Total,3.2
201011,Academic year,National,E92000001,England,By Age 19,Mode of Study,Apprenticeship,Total,0.2
201011,Academic year,National,E92000001,England,By Age 25,Mode of Study,Apprenticeship,Total,1.0
201011,Academic year,National,E92000001,England,By Age 19,Mode of Study,Full-time,Total,37.7
201011,Academic year,National,E92000001,England,By Age 25,Mode of Study,Full-time,Total,43.8
201011,Academic year,National,E92000001,England,By Age 19,Mode of Study,Part-time,Total,1.0
201011,Academic year,National,E92000001,England,By Age 25,Mode of Study,Part-time,Total,3.0
201112,Academic year,National,E92000001,England,By Age 19,Mode of Study,Apprenticeship,Total,0.3
201112,Academic year,National,E92000001,England,By Age 25,Mode of Study,Apprenticeship,Total,1.3
201112,Academic year,National,E92000001,England,By Age 19,Mode of Study,Full-time,Total,39.4
201112,Academic year,National,E92000001,England,By Age 25,Mode of Study,Full-time,Total,45.3
201112,Academic year,National,E92000001,England,By Age 19,Mode of Study,Part-time,Total,1.1
201112,Academic year,National,E92000001,England,By Age 25,Mode of Study,Part-time,Total,2.9
201213,Academic year,National,E92000001,England,By Age 19,Mode of Study,Apprenticeship,Total,0.5
201213,Academic year,National,E92000001,England,By Age 25,Mode of Study,Apprenticeship,Total,1.7
201213,Academic year,National,E92000001,England,By Age 19,Mode of Study,Full-time,Total,39.8
201213,Academic year,National,E92000001,England,By Age 25,Mode of Study,Full-time,Total,45.6
201213,Academic year,National,E92000001,England,By Age 19,Mode of Study,Part-time,Total,1.0
201213,Academic year,National,E92000001,England,By Age 25,Mode of Study,Part-time,Total,2.7
201314,Academic year,National,E92000001,England,By Age 19,Mode of Study,Apprenticeship,Total,0.7
201314,Academic year,National,E92000001,England,By Age 25,Mode of Study,Apprenticeship,Total,2.0
201314,Academic year,National,E92000001,England,By Age 19,Mode of Study,Full-time,Total,40.6
201314,Academic year,National,E92000001,England,By Age 25,Mode of Study,Full-time,Total,46.3
201314,Academic year,National,E92000001,England,By Age 19,Mode of Study,Part-time,Total,1.0
201314,Academic year,National,E92000001,England,By Age 25,Mode of Study,Part-time,Total,2.6
201415,Academic year,National,E92000001,England,By Age 19,Mode of Study,Apprenticeship,Total,1.0
201415,Academic year,National,E92000001,England,By Age 25,Mode of Study,Apprenticeship,Total,2.4
201415,Academic year,National,E92000001,England,By Age 19,Mode of Study,Full-time,Total,40.7
201415,Academic year,National,E92000001,England,By Age 25,Mode of Study,Full-time,Total,46.5
201415,Academic year,National,E92000001,England,By Age 19,Mode of Study,Part-time,Total,0.9
201415,Academic year,National,E92000001,England,By Age 25,Mode of Study,Part-time,Total,2.5
201516,Academic year,National,E92000001,England,By Age 19,Mode of Study,Apprenticeship,Total,1.2
201516,Academic year,National,E92000001,England,By Age 19,Mode of Study,Full-time,Total,41.2
201516,Academic year,National,E92000001,England,By Age 19,Mode of Study,Part-time,Total,0.9
201617,Academic year,National,E92000001,England,By Age 19,Mode of Study,Apprenticeship,Total,1.2
201617,Academic year,National,E92000001,England,By Age 19,Mode of Study,Full-time,Total,42.3
201617,Academic year,National,E92000001,England,By Age 19,Mode of Study,Part-time,Total,1.0
201718,Academic year,National,E92000001,England,By Age 19,Mode of Study,Apprenticeship,Total,1.2
201718,Academic year,National,E92000001,England,By Age 19,Mode of Study,Full-time,Total,44.5
201718,Academic year,National,E92000001,England,By Age 19,Mode of Study,Part-time,Total,1.1
201819,Academic year,National,E92000001,England,By Age 19,Mode of Study,Apprenticeship,Total,1.5
201819,Academic year,National,E92000001,England,By Age 19,Mode of Study,Full-time,Total,44.6
201819,Academic year,National,E92000001,England,By Age 19,Mode of Study,Part-time,Total,0.9
201920,Academic year,National,E92000001,England,By Age 19,Mode of Study,Apprenticeship,Total,1.8
201920,Academic year,National,E92000001,England,By Age 19,Mode of Study,Full-time,Total,43.3
201920,Academic year,National,E92000001,England,By Age 19,Mode of Study,Part-time,Total,1.0
202021,Academic year,National,E92000001,England,By Age 19,Mode of Study,Apprenticeship,Total,1.9
202021,Academic year,National,E92000001,England,By Age 19,Mode of Study,Full-time,Total,41.9
202021,Academic year,National,E92000001,England,By Age 19,Mode of Study,Part-time,Total,0.9
200506,Academic year,National,E92000001,England,By Age 19,POLAR,Q1 - Most Disadvantaged,Total,18.0
200506,Academic year,National,E92000001,England,By Age 25,POLAR,Q1 - Most Disadvantaged,Total,24.9
200506,Academic year,National,E92000001,England,By Age 19,POLAR,Q1 - Most Disadvantaged,High tariff,3.0
200506,Academic year,National,E92000001,England,By Age 25,POLAR,Q1 - Most Disadvantaged,High tariff,3.5
200506,Academic year,National,E92000001,England,By Age 25,POLAR,Q2,Total,35.2
200506,Academic year,National,E92000001,England,By Age 19,POLAR,Q2,Total,27.3
200506,Academic year,National,E92000001,England,By Age 25,POLAR,Q2,High tariff,6.3
200506,Academic year,National,E92000001,England,By Age 19,POLAR,Q2,High tariff,5.7
200506,Academic year,National,E92000001,England,By Age 25,POLAR,Q3,Total,42.8
200506,Academic year,National,E92000001,England,By Age 19,POLAR,Q3,Total,34.1
200506,Academic year,National,E92000001,England,By Age 25,POLAR,Q3,High tariff,9.0
200506,Academic year,National,E92000001,England,By Age 19,POLAR,Q3,High tariff,8.3
200506,Academic year,National,E92000001,England,By Age 25,POLAR,Q4,Total,50.7
200506,Academic year,National,E92000001,England,By Age 19,POLAR,Q4,Total,41.5
200506,Academic year,National,E92000001,England,By Age 25,POLAR,Q4,High tariff,12.3
200506,Academic year,National,E92000001,England,By Age 19,POLAR,Q4,High tariff,11.5
200506,Academic year,National,E92000001,England,By Age 19,POLAR,Q5 - Most Advantaged,Total,51.3
200506,Academic year,National,E92000001,England,By Age 25,POLAR,Q5 - Most Advantaged,Total,59.8
200506,Academic year,National,E92000001,England,By Age 19,POLAR,Q5 - Most Advantaged,High tariff,19.5
200506,Academic year,National,E92000001,England,By Age 25,POLAR,Q5 - Most Advantaged,High tariff,20.4
200607,Academic year,National,E92000001,England,By Age 19,POLAR,Q1 - Most Disadvantaged,Total,19.0
200607,Academic year,National,E92000001,England,By Age 25,POLAR,Q1 - Most Disadvantaged,Total,26.2
200607,Academic year,National,E92000001,England,By Age 19,POLAR,Q1 - Most Disadvantaged,High tariff,2.9
200607,Academic year,National,E92000001,England,By Age 25,POLAR,Q1 - Most Disadvantaged,High tariff,3.3
200607,Academic year,National,E92000001,England,By Age 19,POLAR,Q2,Total,28.6
200607,Academic year,National,E92000001,England,By Age 25,POLAR,Q2,Total,36.6
200607,Academic year,National,E92000001,England,By Age 19,POLAR,Q2,High tariff,5.7
200607,Academic year,National,E92000001,England,By Age 25,POLAR,Q2,High tariff,6.3
200607,Academic year,National,E92000001,England,By Age 19,POLAR,Q3,Total,35.6
200607,Academic year,National,E92000001,England,By Age 25,POLAR,Q3,Total,44.2
200607,Academic year,National,E92000001,England,By Age 19,POLAR,Q3,High tariff,8.4
200607,Academic year,National,E92000001,England,By Age 25,POLAR,Q3,High tariff,9.0
200607,Academic year,National,E92000001,England,By Age 19,POLAR,Q4,Total,43.0
200607,Academic year,National,E92000001,England,By Age 25,POLAR,Q4,Total,51.9
200607,Academic year,National,E92000001,England,By Age 19,POLAR,Q4,High tariff,12.1
200607,Academic year,National,E92000001,England,By Age 25,POLAR,Q4,High tariff,12.8
200607,Academic year,National,E92000001,England,By Age 25,POLAR,Q5 - Most Advantaged,Total,60.9
200607,Academic year,National,E92000001,England,By Age 19,POLAR,Q5 - Most Advantaged,Total,52.6
200607,Academic year,National,E92000001,England,By Age 25,POLAR,Q5 - Most Advantaged,High tariff,20.8
200607,Academic year,National,E92000001,England,By Age 19,POLAR,Q5 - Most Advantaged,High tariff,19.9
200708,Academic year,National,E92000001,England,By Age 25,POLAR,Q1 - Most Disadvantaged,Total,27.0
200708,Academic year,National,E92000001,England,By Age 19,POLAR,Q1 - Most Disadvantaged,Total,19.6
200708,Academic year,National,E92000001,England,By Age 25,POLAR,Q1 - Most Disadvantaged,High tariff,3.6
200708,Academic year,National,E92000001,England,By Age 19,POLAR,Q1 - Most Disadvantaged,High tariff,3.2
200708,Academic year,National,E92000001,England,By Age 25,POLAR,Q2,Total,37.1
200708,Academic year,National,E92000001,England,By Age 19,POLAR,Q2,Total,29.2
200708,Academic year,National,E92000001,England,By Age 25,POLAR,Q2,High tariff,6.5
200708,Academic year,National,E92000001,England,By Age 19,POLAR,Q2,High tariff,5.9
200708,Academic year,National,E92000001,England,By Age 25,POLAR,Q3,Total,45.1
200708,Academic year,National,E92000001,England,By Age 19,POLAR,Q3,Total,36.7
200708,Academic year,National,E92000001,England,By Age 25,POLAR,Q3,High tariff,9.5
200708,Academic year,National,E92000001,England,By Age 19,POLAR,Q3,High tariff,9.0
200708,Academic year,National,E92000001,England,By Age 25,POLAR,Q4,Total,52.3
200708,Academic year,National,E92000001,England,By Age 19,POLAR,Q4,Total,43.8
200708,Academic year,National,E92000001,England,By Age 25,POLAR,Q4,High tariff,13.0
200708,Academic year,National,E92000001,England,By Age 19,POLAR,Q4,High tariff,12.4
200708,Academic year,National,E92000001,England,By Age 19,POLAR,Q5 - Most Advantaged,Total,53.7
200708,Academic year,National,E92000001,England,By Age 25,POLAR,Q5 - Most Advantaged,Total,61.4
200708,Academic year,National,E92000001,England,By Age 19,POLAR,Q5 - Most Advantaged,High tariff,20.4
200708,Academic year,National,E92000001,England,By Age 25,POLAR,Q5 - Most Advantaged,High tariff,21.2
200809,Academic year,National,E92000001,England,By Age 25,POLAR,Q1 - Most Disadvantaged,Total,28.2
200809,Academic year,National,E92000001,England,By Age 19,POLAR,Q1 - Most Disadvantaged,Total,20.3
200809,Academic year,National,E92000001,England,By Age 25,POLAR,Q1 - Most Disadvantaged,High tariff,3.6
200809,Academic year,National,E92000001,England,By Age 19,POLAR,Q1 - Most Disadvantaged,High tariff,3.2
200809,Academic year,National,E92000001,England,By Age 19,POLAR,Q2,Total,29.5
200809,Academic year,National,E92000001,England,By Age 25,POLAR,Q2,Total,38.1
200809,Academic year,National,E92000001,England,By Age 19,POLAR,Q2,High tariff,5.8
200809,Academic year,National,E92000001,England,By Age 25,POLAR,Q2,High tariff,6.3
200809,Academic year,National,E92000001,England,By Age 19,POLAR,Q3,Total,36.9
200809,Academic year,National,E92000001,England,By Age 25,POLAR,Q3,Total,45.8
200809,Academic year,National,E92000001,England,By Age 19,POLAR,Q3,High tariff,8.8
200809,Academic year,National,E92000001,England,By Age 25,POLAR,Q3,High tariff,9.4
200809,Academic year,National,E92000001,England,By Age 25,POLAR,Q4,Total,53.4
200809,Academic year,National,E92000001,England,By Age 19,POLAR,Q4,Total,44.6
200809,Academic year,National,E92000001,England,By Age 25,POLAR,Q4,High tariff,13.0
200809,Academic year,National,E92000001,England,By Age 19,POLAR,Q4,High tariff,12.4
200809,Academic year,National,E92000001,England,By Age 19,POLAR,Q5 - Most Advantaged,Total,54.1
200809,Academic year,National,E92000001,England,By Age 25,POLAR,Q5 - Most Advantaged,Total,62.0
200809,Academic year,National,E92000001,England,By Age 19,POLAR,Q5 - Most Advantaged,High tariff,20.3
200809,Academic year,National,E92000001,England,By Age 25,POLAR,Q5 - Most Advantaged,High tariff,21.0
200910,Academic year,National,E92000001,England,By Age 19,POLAR,Q1 - Most Disadvantaged,Total,21.3
200910,Academic year,National,E92000001,England,By Age 25,POLAR,Q1 - Most Disadvantaged,Total,29.5
200910,Academic year,National,E92000001,England,By Age 19,POLAR,Q1 - Most Disadvantaged,High tariff,3.4
200910,Academic year,National,E92000001,England,By Age 25,POLAR,Q1 - Most Disadvantaged,High tariff,3.9
200910,Academic year,National,E92000001,England,By Age 19,POLAR,Q2,Total,30.2
200910,Academic year,National,E92000001,England,By Age 25,POLAR,Q2,Total,39.4
200910,Academic year,National,E92000001,England,By Age 19,POLAR,Q2,High tariff,6.3
200910,Academic year,National,E92000001,England,By Age 25,POLAR,Q2,High tariff,6.9
200910,Academic year,National,E92000001,England,By Age 25,POLAR,Q3,Total,46.7
200910,Academic year,National,E92000001,England,By Age 19,POLAR,Q3,Total,37.2
200910,Academic year,National,E92000001,England,By Age 25,POLAR,Q3,High tariff,9.7
200910,Academic year,National,E92000001,England,By Age 19,POLAR,Q3,High tariff,9.0
200910,Academic year,National,E92000001,England,By Age 19,POLAR,Q4,Total,44.1
200910,Academic year,National,E92000001,England,By Age 25,POLAR,Q4,Total,53.8
200910,Academic year,National,E92000001,England,By Age 19,POLAR,Q4,High tariff,12.4
200910,Academic year,National,E92000001,England,By Age 25,POLAR,Q4,High tariff,13.2
200910,Academic year,National,E92000001,England,By Age 25,POLAR,Q5 - Most Advantaged,Total,61.9
200910,Academic year,National,E92000001,England,By Age 19,POLAR,Q5 - Most Advantaged,Total,53.0
200910,Academic year,National,E92000001,England,By Age 25,POLAR,Q5 - Most Advantaged,High tariff,21.8
200910,Academic year,National,E92000001,England,By Age 19,POLAR,Q5 - Most Advantaged,High tariff,20.9
201011,Academic year,National,E92000001,England,By Age 19,POLAR,Q1 - Most Disadvantaged,Total,23.0
201011,Academic year,National,E92000001,England,By Age 25,POLAR,Q1 - Most Disadvantaged,Total,31.1
201011,Academic year,National,E92000001,England,By Age 19,POLAR,Q1 - Most Disadvantaged,High tariff,3.8
201011,Academic year,National,E92000001,England,By Age 25,POLAR,Q1 - Most Disadvantaged,High tariff,4.2
201011,Academic year,National,E92000001,England,By Age 25,POLAR,Q2,Total,40.9
201011,Academic year,National,E92000001,England,By Age 19,POLAR,Q2,Total,32.0
201011,Academic year,National,E92000001,England,By Age 25,POLAR,Q2,High tariff,7.3
201011,Academic year,National,E92000001,England,By Age 19,POLAR,Q2,High tariff,6.8
201011,Academic year,National,E92000001,England,By Age 19,POLAR,Q3,Total,39.4
201011,Academic year,National,E92000001,England,By Age 25,POLAR,Q3,Total,48.6
201011,Academic year,National,E92000001,England,By Age 19,POLAR,Q3,High tariff,9.8
201011,Academic year,National,E92000001,England,By Age 25,POLAR,Q3,High tariff,10.4
201011,Academic year,National,E92000001,England,By Age 19,POLAR,Q4,Total,46.4
201011,Academic year,National,E92000001,England,By Age 25,POLAR,Q4,Total,55.7
201011,Academic year,National,E92000001,England,By Age 19,POLAR,Q4,High tariff,13.5
201011,Academic year,National,E92000001,England,By Age 25,POLAR,Q4,High tariff,14.1
201011,Academic year,National,E92000001,England,By Age 19,POLAR,Q5 - Most Advantaged,Total,55.5
201011,Academic year,National,E92000001,England,By Age 25,POLAR,Q5 - Most Advantaged,Total,63.9
201011,Academic year,National,E92000001,England,By Age 25,POLAR,Q5 - Most Advantaged,High tariff,22.9
201011,Academic year,National,E92000001,England,By Age 19,POLAR,Q5 - Most Advantaged,High tariff,22.0
201112,Academic year,National,E92000001,England,By Age 19,POLAR,Q1 - Most Disadvantaged,Total,25.0
201112,Academic year,National,E92000001,England,By Age 25,POLAR,Q1 - Most Disadvantaged,Total,33.3
201112,Academic year,National,E92000001,England,By Age 19,POLAR,Q1 - Most Disadvantaged,High tariff,4.2
201112,Academic year,National,E92000001,England,By Age 25,POLAR,Q1 - Most Disadvantaged,High tariff,4.6
201112,Academic year,National,E92000001,England,By Age 25,POLAR,Q2,Total,42.9
201112,Academic year,National,E92000001,England,By Age 19,POLAR,Q2,Total,34.1
201112,Academic year,National,E92000001,England,By Age 25,POLAR,Q2,High tariff,7.7
201112,Academic year,National,E92000001,England,By Age 19,POLAR,Q2,High tariff,7.1
201112,Academic year,National,E92000001,England,By Age 25,POLAR,Q3,Total,50.0
201112,Academic year,National,E92000001,England,By Age 19,POLAR,Q3,Total,40.9
201112,Academic year,National,E92000001,England,By Age 19,POLAR,Q3,High tariff,10.2
201112,Academic year,National,E92000001,England,By Age 25,POLAR,Q3,High tariff,10.9
201112,Academic year,National,E92000001,England,By Age 19,POLAR,Q4,Total,48.3
201112,Academic year,National,E92000001,England,By Age 25,POLAR,Q4,Total,57.4
201112,Academic year,National,E92000001,England,By Age 19,POLAR,Q4,High tariff,14.0
201112,Academic year,National,E92000001,England,By Age 25,POLAR,Q4,High tariff,14.7
201112,Academic year,National,E92000001,England,By Age 25,POLAR,Q5 - Most Advantaged,Total,65.0
201112,Academic year,National,E92000001,England,By Age 19,POLAR,Q5 - Most Advantaged,Total,56.7
201112,Academic year,National,E92000001,England,By Age 25,POLAR,Q5 - Most Advantaged,High tariff,23.3
201112,Academic year,National,E92000001,England,By Age 19,POLAR,Q5 - Most Advantaged,High tariff,22.5
201213,Academic year,National,E92000001,England,By Age 19,POLAR,Q1 - Most Disadvantaged,Total,25.6
201213,Academic year,National,E92000001,England,By Age 25,POLAR,Q1 - Most Disadvantaged,Total,34.1
201213,Academic year,National,E92000001,England,By Age 19,POLAR,Q1 - Most Disadvantaged,High tariff,4.3
201213,Academic year,National,E92000001,England,By Age 25,POLAR,Q1 - Most Disadvantaged,High tariff,4.7
201213,Academic year,National,E92000001,England,By Age 25,POLAR,Q2,Total,43.4
201213,Academic year,National,E92000001,England,By Age 19,POLAR,Q2,Total,34.6
201213,Academic year,National,E92000001,England,By Age 25,POLAR,Q2,High tariff,7.6
201213,Academic year,National,E92000001,England,By Age 19,POLAR,Q2,High tariff,7.1
201213,Academic year,National,E92000001,England,By Age 19,POLAR,Q3,Total,41.8
201213,Academic year,National,E92000001,England,By Age 25,POLAR,Q3,Total,50.9
201213,Academic year,National,E92000001,England,By Age 19,POLAR,Q3,High tariff,10.4
201213,Academic year,National,E92000001,England,By Age 25,POLAR,Q3,High tariff,11.0
201213,Academic year,National,E92000001,England,By Age 19,POLAR,Q4,Total,48.5
201213,Academic year,National,E92000001,England,By Age 25,POLAR,Q4,Total,57.6
201213,Academic year,National,E92000001,England,By Age 19,POLAR,Q4,High tariff,14.3
201213,Academic year,National,E92000001,England,By Age 25,POLAR,Q4,High tariff,15.0
201213,Academic year,National,E92000001,England,By Age 25,POLAR,Q5 - Most Advantaged,Total,65.3
201213,Academic year,National,E92000001,England,By Age 19,POLAR,Q5 - Most Advantaged,Total,57.1
201213,Academic year,National,E92000001,England,By Age 25,POLAR,Q5 - Most Advantaged,High tariff,23.4
201213,Academic year,National,E92000001,England,By Age 19,POLAR,Q5 - Most Advantaged,High tariff,22.5
201314,Academic year,National,E92000001,England,By Age 25,POLAR,Q1 - Most Disadvantaged,Total,34.9
201314,Academic year,National,E92000001,England,By Age 19,POLAR,Q1 - Most Disadvantaged,Total,26.5
201314,Academic year,National,E92000001,England,By Age 25,POLAR,Q1 - Most Disadvantaged,High tariff,4.9
201314,Academic year,National,E92000001,England,By Age 19,POLAR,Q1 - Most Disadvantaged,High tariff,4.5
201314,Academic year,National,E92000001,England,By Age 25,POLAR,Q2,Total,44.2
201314,Academic year,National,E92000001,England,By Age 19,POLAR,Q2,Total,35.4
201314,Academic year,National,E92000001,England,By Age 25,POLAR,Q2,High tariff,8.0
201314,Academic year,National,E92000001,England,By Age 19,POLAR,Q2,High tariff,7.5
201314,Academic year,National,E92000001,England,By Age 25,POLAR,Q3,Total,51.6
201314,Academic year,National,E92000001,England,By Age 19,POLAR,Q3,Total,42.6
201314,Academic year,National,E92000001,England,By Age 25,POLAR,Q3,High tariff,11.1
201314,Academic year,National,E92000001,England,By Age 19,POLAR,Q3,High tariff,10.5
201314,Academic year,National,E92000001,England,By Age 25,POLAR,Q4,Total,58.2
201314,Academic year,National,E92000001,England,By Age 19,POLAR,Q4,Total,49.2
201314,Academic year,National,E92000001,England,By Age 25,POLAR,Q4,High tariff,14.9
201314,Academic year,National,E92000001,England,By Age 19,POLAR,Q4,High tariff,14.3
201314,Academic year,National,E92000001,England,By Age 19,POLAR,Q5 - Most Advantaged,Total,58.0
201314,Academic year,National,E92000001,England,By Age 25,POLAR,Q5 - Most Advantaged,Total,66.1
201314,Academic year,National,E92000001,England,By Age 19,POLAR,Q5 - Most Advantaged,High tariff,22.9
201314,Academic year,National,E92000001,England,By Age 25,POLAR,Q5 - Most Advantaged,High tariff,23.7
201415,Academic year,National,E92000001,England,By Age 25,POLAR,Q1 - Most Disadvantaged,Total,35.8
201415,Academic year,National,E92000001,England,By Age 19,POLAR,Q1 - Most Disadvantaged,Total,27.4
201415,Academic year,National,E92000001,England,By Age 25,POLAR,Q1 - Most Disadvantaged,High tariff,5.2
201415,Academic year,National,E92000001,England,By Age 19,POLAR,Q1 - Most Disadvantaged,High tariff,4.7
201415,Academic year,National,E92000001,England,By Age 19,POLAR,Q2,Total,35.9
201415,Academic year,National,E92000001,England,By Age 25,POLAR,Q2,Total,44.8
201415,Academic year,National,E92000001,England,By Age 19,POLAR,Q2,High tariff,7.7
201415,Academic year,National,E92000001,England,By Age 25,POLAR,Q2,High tariff,8.2
201415,Academic year,National,E92000001,England,By Age 19,POLAR,Q3,Total,42.6
201415,Academic year,National,E92000001,England,By Age 25,POLAR,Q3,Total,51.7
201415,Academic year,National,E92000001,England,By Age 19,POLAR,Q3,High tariff,10.5
201415,Academic year,National,E92000001,England,By Age 25,POLAR,Q3,High tariff,11.1
201415,Academic year,National,E92000001,England,By Age 19,POLAR,Q4,Total,49.4
201415,Academic year,National,E92000001,England,By Age 25,POLAR,Q4,Total,58.4
201415,Academic year,National,E92000001,England,By Age 19,POLAR,Q4,High tariff,14.4
201415,Academic year,National,E92000001,England,By Age 25,POLAR,Q4,High tariff,15.1
201415,Academic year,National,E92000001,England,By Age 19,POLAR,Q5 - Most Advantaged,Total,57.9
201415,Academic year,National,E92000001,England,By Age 25,POLAR,Q5 - Most Advantaged,Total,66.2
201415,Academic year,National,E92000001,England,By Age 19,POLAR,Q5 - Most Advantaged,High tariff,23.1
201415,Academic year,National,E92000001,England,By Age 25,POLAR,Q5 - Most Advantaged,High tariff,24.0
201516,Academic year,National,E92000001,England,By Age 19,POLAR,Q1 - Most Disadvantaged,Total,28.0
201516,Academic year,National,E92000001,England,By Age 19,POLAR,Q1 - Most Disadvantaged,High tariff,4.9
201516,Academic year,National,E92000001,England,By Age 19,POLAR,Q2,Total,36.5
201516,Academic year,National,E92000001,England,By Age 19,POLAR,Q2,High tariff,7.8
201516,Academic year,National,E92000001,England,By Age 19,POLAR,Q3,Total,43.1
201516,Academic year,National,E92000001,England,By Age 19,POLAR,Q3,High tariff,10.6
201516,Academic year,National,E92000001,England,By Age 19,POLAR,Q4,Total,50.0
201516,Academic year,National,E92000001,England,By Age 19,POLAR,Q4,High tariff,14.8
201516,Academic year,National,E92000001,England,By Age 19,POLAR,Q5 - Most Advantaged,Total,58.4
201516,Academic year,National,E92000001,England,By Age 19,POLAR,Q5 - Most Advantaged,High tariff,23.1
201617,Academic year,National,E92000001,England,By Age 19,POLAR,Q1 - Most Disadvantaged,Total,29.6
201617,Academic year,National,E92000001,England,By Age 19,POLAR,Q1 - Most Disadvantaged,High tariff,5.4
201617,Academic year,National,E92000001,England,By Age 19,POLAR,Q2,Total,37.3
201617,Academic year,National,E92000001,England,By Age 19,POLAR,Q2,High tariff,8.0
201617,Academic year,National,E92000001,England,By Age 19,POLAR,Q3,Total,44.5
201617,Academic year,National,E92000001,England,By Age 19,POLAR,Q3,High tariff,11.0
201617,Academic year,National,E92000001,England,By Age 19,POLAR,Q4,Total,51.2
201617,Academic year,National,E92000001,England,By Age 19,POLAR,Q4,High tariff,14.9
201617,Academic year,National,E92000001,England,By Age 19,POLAR,Q5 - Most Advantaged,Total,59.2
201617,Academic year,National,E92000001,England,By Age 19,POLAR,Q5 - Most Advantaged,High tariff,23.2
201718,Academic year,National,E92000001,England,By Age 19,POLAR,Q1 - Most Disadvantaged,Total,31.7
201718,Academic year,National,E92000001,England,By Age 19,POLAR,Q1 - Most Disadvantaged,High tariff,6.1
201718,Academic year,National,E92000001,England,By Age 19,POLAR,Q2,Total,39.8
201718,Academic year,National,E92000001,England,By Age 19,POLAR,Q2,High tariff,9.0
201718,Academic year,National,E92000001,England,By Age 19,POLAR,Q3,Total,46.6
201718,Academic year,National,E92000001,England,By Age 19,POLAR,Q3,High tariff,11.9
201718,Academic year,National,E92000001,England,By Age 19,POLAR,Q4,Total,53.8
201718,Academic year,National,E92000001,England,By Age 19,POLAR,Q4,High tariff,16.5
201718,Academic year,National,E92000001,England,By Age 19,POLAR,Q5 - Most Advantaged,Total,61.9
201718,Academic year,National,E92000001,England,By Age 19,POLAR,Q5 - Most Advantaged,High tariff,24.9
201819,Academic year,National,E92000001,England,By Age 19,POLAR,Q1 - Most Disadvantaged,Total,31.8
201819,Academic year,National,E92000001,England,By Age 19,POLAR,Q1 - Most Disadvantaged,High tariff,6.5
201819,Academic year,National,E92000001,England,By Age 19,POLAR,Q2,Total,39.9
201819,Academic year,National,E92000001,England,By Age 19,POLAR,Q2,High tariff,9.5
201819,Academic year,National,E92000001,England,By Age 19,POLAR,Q3,Total,46.9
201819,Academic year,National,E92000001,England,By Age 19,POLAR,Q3,High tariff,12.3
201819,Academic year,National,E92000001,England,By Age 19,POLAR,Q4,Total,53.4
201819,Academic year,National,E92000001,England,By Age 19,POLAR,Q4,High tariff,16.5
201819,Academic year,National,E92000001,England,By Age 19,POLAR,Q5 - Most Advantaged,Total,62.2
201819,Academic year,National,E92000001,England,By Age 19,POLAR,Q5 - Most Advantaged,High tariff,25.0
201920,Academic year,National,E92000001,England,By Age 19,POLAR,Q1 - Most Disadvantaged,Total,31.8
201920,Academic year,National,E92000001,England,By Age 19,POLAR,Q1 - Most Disadvantaged,High tariff,6.2
201920,Academic year,National,E92000001,England,By Age 19,POLAR,Q2,Total,39.1
201920,Academic year,National,E92000001,England,By Age 19,POLAR,Q2,High tariff,8.8
201920,Academic year,National,E92000001,England,By Age 19,POLAR,Q3,Total,46.1
201920,Academic year,National,E92000001,England,By Age 19,POLAR,Q3,High tariff,11.6
201920,Academic year,National,E92000001,England,By Age 19,POLAR,Q4,Total,52.1
201920,Academic year,National,E92000001,England,By Age 19,POLAR,Q4,High tariff,15.3
201920,Academic year,National,E92000001,England,By Age 19,POLAR,Q5 - Most Advantaged,Total,60.6
201920,Academic year,National,E92000001,England,By Age 19,POLAR,Q5 - Most Advantaged,High tariff,23.9
202021,Academic year,National,E92000001,England,By Age 19,POLAR,Q1 - Most Disadvantaged,Total,30.5
202021,Academic year,National,E92000001,England,By Age 19,POLAR,Q1 - Most Disadvantaged,High tariff,5.5
202021,Academic year,National,E92000001,England,By Age 19,POLAR,Q2,Total,37.9
202021,Academic year,National,E92000001,England,By Age 19,POLAR,Q2,High tariff,8.0
202021,Academic year,National,E92000001,England,By Age 19,POLAR,Q3,Total,44.6
202021,Academic year,National,E92000001,England,By Age 19,POLAR,Q3,High tariff,10.5
202021,Academic year,National,E92000001,England,By Age 19,POLAR,Q4,Total,51.0
202021,Academic year,National,E92000001,England,By Age 19,POLAR,Q4,High tariff,14.2
202021,Academic year,National,E92000001,England,By Age 19,POLAR,Q5 - Most Advantaged,Total,59.5
202021,Academic year,National,E92000001,England,By Age 19,POLAR,Q5 - Most Advantaged,High tariff,22.4
200102,Academic year,National,E92000001,England,By Age 19,Qualification Aim,Apprenticeship,Total,0.0
200102,Academic year,National,E92000001,England,By Age 25,Qualification Aim,Apprenticeship,Total,0.0
200102,Academic year,National,E92000001,England,By Age 19,Qualification Aim,First Degree,Total,26.9
200102,Academic year,National,E92000001,England,By Age 25,Qualification Aim,First Degree,Total,31.2
200102,Academic year,National,E92000001,England,By Age 19,Qualification Aim,Foundation Degree,Total,0.9
200102,Academic year,National,E92000001,England,By Age 25,Qualification Aim,Foundation Degree,Total,1.9
200102,Academic year,National,E92000001,England,By Age 19,Qualification Aim,HNC/HND,Total,1.5
200102,Academic year,National,E92000001,England,By Age 25,Qualification Aim,HNC/HND,Total,2.2
200102,Academic year,National,E92000001,England,By Age 19,Qualification Aim,Other Undergraduate Qualifications,Total,1.6
200102,Academic year,National,E92000001,England,By Age 25,Qualification Aim,Other Undergraduate Qualifications,Total,3.4
200102,Academic year,National,E92000001,England,By Age 19,Qualification Aim,Postgraduate Research,Total,0.0
200102,Academic year,National,E92000001,England,By Age 25,Qualification Aim,Postgraduate Research,Total,0.0
200102,Academic year,National,E92000001,England,By Age 19,Qualification Aim,Postgraduate Taught,Total,0.0
200102,Academic year,National,E92000001,England,By Age 25,Qualification Aim,Postgraduate Taught,Total,0.1
200203,Academic year,National,E92000001,England,By Age 19,Qualification Aim,Apprenticeship,Total,0.0
200203,Academic year,National,E92000001,England,By Age 25,Qualification Aim,Apprenticeship,Total,0.1
200203,Academic year,National,E92000001,England,By Age 19,Qualification Aim,First Degree,Total,27.5
200203,Academic year,National,E92000001,England,By Age 25,Qualification Aim,First Degree,Total,32.0
200203,Academic year,National,E92000001,England,By Age 19,Qualification Aim,Foundation Degree,Total,1.1
200203,Academic year,National,E92000001,England,By Age 25,Qualification Aim,Foundation Degree,Total,2.2
200203,Academic year,National,E92000001,England,By Age 19,Qualification Aim,HNC/HND,Total,1.3
200203,Academic year,National,E92000001,England,By Age 25,Qualification Aim,HNC/HND,Total,1.9
200203,Academic year,National,E92000001,England,By Age 19,Qualification Aim,Other Undergraduate Qualifications,Total,1.5
200203,Academic year,National,E92000001,England,By Age 25,Qualification Aim,Other Undergraduate Qualifications,Total,3.1
200203,Academic year,National,E92000001,England,By Age 19,Qualification Aim,Postgraduate Research,Total,0.0
200203,Academic year,National,E92000001,England,By Age 25,Qualification Aim,Postgraduate Research,Total,0.0
200203,Academic year,National,E92000001,England,By Age 19,Qualification Aim,Postgraduate Taught,Total,0.0
200203,Academic year,National,E92000001,England,By Age 25,Qualification Aim,Postgraduate Taught,Total,0.1
200304,Academic year,National,E92000001,England,By Age 19,Qualification Aim,Apprenticeship,Total,0.0
200304,Academic year,National,E92000001,England,By Age 25,Qualification Aim,Apprenticeship,Total,0.1
200304,Academic year,National,E92000001,England,By Age 19,Qualification Aim,First Degree,Total,27.6
200304,Academic year,National,E92000001,England,By Age 25,Qualification Aim,First Degree,Total,32.5
200304,Academic year,National,E92000001,England,By Age 19,Qualification Aim,Foundation Degree,Total,1.4
200304,Academic year,National,E92000001,England,By Age 25,Qualification Aim,Foundation Degree,Total,2.6
200304,Academic year,National,E92000001,England,By Age 19,Qualification Aim,HNC/HND,Total,1.1
200304,Academic year,National,E92000001,England,By Age 25,Qualification Aim,HNC/HND,Total,1.7
200304,Academic year,National,E92000001,England,By Age 19,Qualification Aim,Other Undergraduate Qualifications,Total,1.5
200304,Academic year,National,E92000001,England,By Age 25,Qualification Aim,Other Undergraduate Qualifications,Total,2.9
200304,Academic year,National,E92000001,England,By Age 19,Qualification Aim,Postgraduate Research,Total,0.0
200304,Academic year,National,E92000001,England,By Age 25,Qualification Aim,Postgraduate Research,Total,0.0
200304,Academic year,National,E92000001,England,By Age 19,Qualification Aim,Postgraduate Taught,Total,0.0
200304,Academic year,National,E92000001,England,By Age 25,Qualification Aim,Postgraduate Taught,Total,0.1
200405,Academic year,National,E92000001,England,By Age 19,Qualification Aim,Apprenticeship,Total,0.0
200405,Academic year,National,E92000001,England,By Age 25,Qualification Aim,Apprenticeship,Total,0.1
200405,Academic year,National,E92000001,England,By Age 19,Qualification Aim,First Degree,Total,28.4
200405,Academic year,National,E92000001,England,By Age 25,Qualification Aim,First Degree,Total,33.5
200405,Academic year,National,E92000001,England,By Age 19,Qualification Aim,Foundation Degree,Total,1.6
200405,Academic year,National,E92000001,England,By Age 25,Qualification Aim,Foundation Degree,Total,2.8
200405,Academic year,National,E92000001,England,By Age 19,Qualification Aim,HNC/HND,Total,1.0
200405,Academic year,National,E92000001,England,By Age 25,Qualification Aim,HNC/HND,Total,1.6
200405,Academic year,National,E92000001,England,By Age 19,Qualification Aim,Other Undergraduate Qualifications,Total,1.5
200405,Academic year,National,E92000001,England,By Age 25,Qualification Aim,Other Undergraduate Qualifications,Total,2.8
200405,Academic year,National,E92000001,England,By Age 19,Qualification Aim,Postgraduate Research,Total,0.0
200405,Academic year,National,E92000001,England,By Age 25,Qualification Aim,Postgraduate Research,Total,0.0
200405,Academic year,National,E92000001,England,By Age 19,Qualification Aim,Postgraduate Taught,Total,0.0
200405,Academic year,National,E92000001,England,By Age 25,Qualification Aim,Postgraduate Taught,Total,0.1
200506,Academic year,National,E92000001,England,By Age 19,Qualification Aim,Apprenticeship,Total,0.0
200506,Academic year,National,E92000001,England,By Age 25,Qualification Aim,Apprenticeship,Total,0.2
200506,Academic year,National,E92000001,England,By Age 19,Qualification Aim,First Degree,Total,29.6
200506,Academic year,National,E92000001,England,By Age 25,Qualification Aim,First Degree,Total,34.8
200506,Academic year,National,E92000001,England,By Age 19,Qualification Aim,Foundation Degree,Total,1.9
200506,Academic year,National,E92000001,England,By Age 25,Qualification Aim,Foundation Degree,Total,3.0
200506,Academic year,National,E92000001,England,By Age 19,Qualification Aim,HNC/HND,Total,0.9
200506,Academic year,National,E92000001,England,By Age 25,Qualification Aim,HNC/HND,Total,1.5
200506,Academic year,National,E92000001,England,By Age 19,Qualification Aim,Other Undergraduate Qualifications,Total,1.5
200506,Academic year,National,E92000001,England,By Age 25,Qualification Aim,Other Undergraduate Qualifications,Total,2.5
200506,Academic year,National,E92000001,England,By Age 19,Qualification Aim,Postgraduate Research,Total,0.0
200506,Academic year,National,E92000001,England,By Age 25,Qualification Aim,Postgraduate Research,Total,0.0
200506,Academic year,National,E92000001,England,By Age 19,Qualification Aim,Postgraduate Taught,Total,0.0
200506,Academic year,National,E92000001,England,By Age 25,Qualification Aim,Postgraduate Taught,Total,0.1
200607,Academic year,National,E92000001,England,By Age 19,Qualification Aim,Apprenticeship,Total,0.1
200607,Academic year,National,E92000001,England,By Age 25,Qualification Aim,Apprenticeship,Total,0.3
200607,Academic year,National,E92000001,England,By Age 19,Qualification Aim,First Degree,Total,30.7
200607,Academic year,National,E92000001,England,By Age 25,Qualification Aim,First Degree,Total,36.0
200607,Academic year,National,E92000001,England,By Age 19,Qualification Aim,Foundation Degree,Total,2.1
200607,Academic year,National,E92000001,England,By Age 25,Qualification Aim,Foundation Degree,Total,3.2
200607,Academic year,National,E92000001,England,By Age 19,Qualification Aim,HNC/HND,Total,0.9
200607,Academic year,National,E92000001,England,By Age 25,Qualification Aim,HNC/HND,Total,1.5
200607,Academic year,National,E92000001,England,By Age 19,Qualification Aim,Other Undergraduate Qualifications,Total,1.4
200607,Academic year,National,E92000001,England,By Age 25,Qualification Aim,Other Undergraduate Qualifications,Total,2.2
200607,Academic year,National,E92000001,England,By Age 19,Qualification Aim,Postgraduate Research,Total,0.0
200607,Academic year,National,E92000001,England,By Age 25,Qualification Aim,Postgraduate Research,Total,0.0
200607,Academic year,National,E92000001,England,By Age 19,Qualification Aim,Postgraduate Taught,Total,0.0
200607,Academic year,National,E92000001,England,By Age 25,Qualification Aim,Postgraduate Taught,Total,0.1
200708,Academic year,National,E92000001,England,By Age 19,Qualification Aim,Apprenticeship,Total,0.1
200708,Academic year,National,E92000001,England,By Age 25,Qualification Aim,Apprenticeship,Total,0.4
200708,Academic year,National,E92000001,England,By Age 19,Qualification Aim,First Degree,Total,31.7
200708,Academic year,National,E92000001,England,By Age 25,Qualification Aim,First Degree,Total,37.0
200708,Academic year,National,E92000001,England,By Age 19,Qualification Aim,Foundation Degree,Total,2.2
200708,Academic year,National,E92000001,England,By Age 25,Qualification Aim,Foundation Degree,Total,3.2
200708,Academic year,National,E92000001,England,By Age 19,Qualification Aim,HNC/HND,Total,0.8
200708,Academic year,National,E92000001,England,By Age 25,Qualification Aim,HNC/HND,Total,1.5
200708,Academic year,National,E92000001,England,By Age 19,Qualification Aim,Other Undergraduate Qualifications,Total,1.2
200708,Academic year,National,E92000001,England,By Age 25,Qualification Aim,Other Undergraduate Qualifications,Total,1.9
200708,Academic year,National,E92000001,England,By Age 19,Qualification Aim,Postgraduate Research,Total,0.0
200708,Academic year,National,E92000001,England,By Age 25,Qualification Aim,Postgraduate Research,Total,0.0
200708,Academic year,National,E92000001,England,By Age 19,Qualification Aim,Postgraduate Taught,Total,0.0
200708,Academic year,National,E92000001,England,By Age 25,Qualification Aim,Postgraduate Taught,Total,0.1
200809,Academic year,National,E92000001,England,By Age 19,Qualification Aim,Apprenticeship,Total,0.1
200809,Academic year,National,E92000001,England,By Age 25,Qualification Aim,Apprenticeship,Total,0.6
200809,Academic year,National,E92000001,England,By Age 19,Qualification Aim,First Degree,Total,32.7
200809,Academic year,National,E92000001,England,By Age 25,Qualification Aim,First Degree,Total,38.3
200809,Academic year,National,E92000001,England,By Age 19,Qualification Aim,Foundation Degree,Total,2.1
200809,Academic year,National,E92000001,England,By Age 25,Qualification Aim,Foundation Degree,Total,3.1
200809,Academic year,National,E92000001,England,By Age 19,Qualification Aim,HNC/HND,Total,0.8
200809,Academic year,National,E92000001,England,By Age 25,Qualification Aim,HNC/HND,Total,1.6
200809,Academic year,National,E92000001,England,By Age 19,Qualification Aim,Other Undergraduate Qualifications,Total,0.8
200809,Academic year,National,E92000001,England,By Age 25,Qualification Aim,Other Undergraduate Qualifications,Total,1.4
200809,Academic year,National,E92000001,England,By Age 19,Qualification Aim,Postgraduate Research,Total,0.0
200809,Academic year,National,E92000001,England,By Age 25,Qualification Aim,Postgraduate Research,Total,0.0
200809,Academic year,National,E92000001,England,By Age 19,Qualification Aim,Postgraduate Taught,Total,0.0
200809,Academic year,National,E92000001,England,By Age 25,Qualification Aim,Postgraduate Taught,Total,0.1
200910,Academic year,National,E92000001,England,By Age 19,Qualification Aim,Apprenticeship,Total,0.2
200910,Academic year,National,E92000001,England,By Age 25,Qualification Aim,Apprenticeship,Total,0.8
200910,Academic year,National,E92000001,England,By Age 19,Qualification Aim,First Degree,Total,33.3
200910,Academic year,National,E92000001,England,By Age 25,Qualification Aim,First Degree,Total,39.3
200910,Academic year,National,E92000001,England,By Age 19,Qualification Aim,Foundation Degree,Total,1.8
200910,Academic year,National,E92000001,England,By Age 25,Qualification Aim,Foundation Degree,Total,2.7
200910,Academic year,National,E92000001,England,By Age 19,Qualification Aim,HNC/HND,Total,1.0
200910,Academic year,National,E92000001,England,By Age 25,Qualification Aim,HNC/HND,Total,1.7
200910,Academic year,National,E92000001,England,By Age 19,Qualification Aim,Other Undergraduate Qualifications,Total,0.6
200910,Academic year,National,E92000001,England,By Age 25,Qualification Aim,Other Undergraduate Qualifications,Total,1.3
200910,Academic year,National,E92000001,England,By Age 19,Qualification Aim,Postgraduate Research,Total,0.0
200910,Academic year,National,E92000001,England,By Age 25,Qualification Aim,Postgraduate Research,Total,0.0
200910,Academic year,National,E92000001,England,By Age 19,Qualification Aim,Postgraduate Taught,Total,0.0
200910,Academic year,National,E92000001,England,By Age 25,Qualification Aim,Postgraduate Taught,Total,0.1
201011,Academic year,National,E92000001,England,By Age 19,Qualification Aim,Apprenticeship,Total,0.2
201011,Academic year,National,E92000001,England,By Age 25,Qualification Aim,Apprenticeship,Total,1.0
201011,Academic year,National,E92000001,England,By Age 19,Qualification Aim,First Degree,Total,35.5
201011,Academic year,National,E92000001,England,By Age 25,Qualification Aim,First Degree,Total,41.4
201011,Academic year,National,E92000001,England,By Age 19,Qualification Aim,Foundation Degree,Total,1.7
201011,Academic year,National,E92000001,England,By Age 25,Qualification Aim,Foundation Degree,Total,2.4
201011,Academic year,National,E92000001,England,By Age 19,Qualification Aim,HNC/HND,Total,1.0
201011,Academic year,National,E92000001,England,By Age 25,Qualification Aim,HNC/HND,Total,1.7
201011,Academic year,National,E92000001,England,By Age 19,Qualification Aim,Other Undergraduate Qualifications,Total,0.6
201011,Academic year,National,E92000001,England,By Age 25,Qualification Aim,Other Undergraduate Qualifications,Total,1.2
201011,Academic year,National,E92000001,England,By Age 19,Qualification Aim,Postgraduate Research,Total,0.0
201011,Academic year,National,E92000001,England,By Age 25,Qualification Aim,Postgraduate Research,Total,0.0
201011,Academic year,National,E92000001,England,By Age 19,Qualification Aim,Postgraduate Taught,Total,0.0
201011,Academic year,National,E92000001,England,By Age 25,Qualification Aim,Postgraduate Taught,Total,0.1
201112,Academic year,National,E92000001,England,By Age 19,Qualification Aim,Apprenticeship,Total,0.3
201112,Academic year,National,E92000001,England,By Age 25,Qualification Aim,Apprenticeship,Total,1.3
201112,Academic year,National,E92000001,England,By Age 19,Qualification Aim,First Degree,Total,37.2
201112,Academic year,National,E92000001,England,By Age 25,Qualification Aim,First Degree,Total,43.2
201112,Academic year,National,E92000001,England,By Age 19,Qualification Aim,Foundation Degree,Total,1.5
201112,Academic year,National,E92000001,England,By Age 25,Qualification Aim,Foundation Degree,Total,2.2
201112,Academic year,National,E92000001,England,By Age 19,Qualification Aim,HNC/HND,Total,1.1
201112,Academic year,National,E92000001,England,By Age 25,Qualification Aim,HNC/HND,Total,1.7
201112,Academic year,National,E92000001,England,By Age 19,Qualification Aim,Other Undergraduate Qualifications,Total,0.6
201112,Academic year,National,E92000001,England,By Age 25,Qualification Aim,Other Undergraduate Qualifications,Total,1.1
201112,Academic year,National,E92000001,England,By Age 19,Qualification Aim,Postgraduate Research,Total,0.0
201112,Academic year,National,E92000001,England,By Age 25,Qualification Aim,Postgraduate Research,Total,0.0
201112,Academic year,National,E92000001,England,By Age 19,Qualification Aim,Postgraduate Taught,Total,0.0
201112,Academic year,National,E92000001,England,By Age 25,Qualification Aim,Postgraduate Taught,Total,0.1
201213,Academic year,National,E92000001,England,By Age 19,Qualification Aim,Apprenticeship,Total,0.5
201213,Academic year,National,E92000001,England,By Age 25,Qualification Aim,Apprenticeship,Total,1.7
201213,Academic year,National,E92000001,England,By Age 19,Qualification Aim,First Degree,Total,37.7
201213,Academic year,National,E92000001,England,By Age 25,Qualification Aim,First Degree,Total,43.7
201213,Academic year,National,E92000001,England,By Age 19,Qualification Aim,Foundation Degree,Total,1.4
201213,Academic year,National,E92000001,England,By Age 25,Qualification Aim,Foundation Degree,Total,2.0
201213,Academic year,National,E92000001,England,By Age 19,Qualification Aim,HNC/HND,Total,1.1
201213,Academic year,National,E92000001,England,By Age 25,Qualification Aim,HNC/HND,Total,1.6
201213,Academic year,National,E92000001,England,By Age 19,Qualification Aim,Other Undergraduate Qualifications,Total,0.6
201213,Academic year,National,E92000001,England,By Age 25,Qualification Aim,Other Undergraduate Qualifications,Total,1.1
201213,Academic year,National,E92000001,England,By Age 19,Qualification Aim,Postgraduate Research,Total,0.0
201213,Academic year,National,E92000001,England,By Age 25,Qualification Aim,Postgraduate Research,Total,0.0
201213,Academic year,National,E92000001,England,By Age 19,Qualification Aim,Postgraduate Taught,Total,0.0
201213,Academic year,National,E92000001,England,By Age 25,Qualification Aim,Postgraduate Taught,Total,0.1
201314,Academic year,National,E92000001,England,By Age 19,Qualification Aim,Apprenticeship,Total,0.7
201314,Academic year,National,E92000001,England,By Age 25,Qualification Aim,Apprenticeship,Total,2.0
201314,Academic year,National,E92000001,England,By Age 19,Qualification Aim,First Degree,Total,38.6
201314,Academic year,National,E92000001,England,By Age 25,Qualification Aim,First Degree,Total,44.5
201314,Academic year,National,E92000001,England,By Age 19,Qualification Aim,Foundation Degree,Total,1.3
201314,Academic year,National,E92000001,England,By Age 25,Qualification Aim,Foundation Degree,Total,1.8
201314,Academic year,National,E92000001,England,By Age 19,Qualification Aim,HNC/HND,Total,1.0
201314,Academic year,National,E92000001,England,By Age 25,Qualification Aim,HNC/HND,Total,1.5
201314,Academic year,National,E92000001,England,By Age 19,Qualification Aim,Other Undergraduate Qualifications,Total,0.6
201314,Academic year,National,E92000001,England,By Age 25,Qualification Aim,Other Undergraduate Qualifications,Total,1.1
201314,Academic year,National,E92000001,England,By Age 19,Qualification Aim,Postgraduate Research,Total,0.0
201314,Academic year,National,E92000001,England,By Age 25,Qualification Aim,Postgraduate Research,Total,0.0
201314,Academic year,National,E92000001,England,By Age 19,Qualification Aim,Postgraduate Taught,Total,0.0
201314,Academic year,National,E92000001,England,By Age 25,Qualification Aim,Postgraduate Taught,Total,0.1
201415,Academic year,National,E92000001,England,By Age 19,Qualification Aim,Apprenticeship,Total,1.0
201415,Academic year,National,E92000001,England,By Age 25,Qualification Aim,Apprenticeship,Total,2.4
201415,Academic year,National,E92000001,England,By Age 19,Qualification Aim,First Degree,Total,38.9
201415,Academic year,National,E92000001,England,By Age 25,Qualification Aim,First Degree,Total,44.9
201415,Academic year,National,E92000001,England,By Age 19,Qualification Aim,Foundation Degree,Total,1.1
201415,Academic year,National,E92000001,England,By Age 25,Qualification Aim,Foundation Degree,Total,1.6
201415,Academic year,National,E92000001,England,By Age 19,Qualification Aim,HNC/HND,Total,0.9
201415,Academic year,National,E92000001,England,By Age 25,Qualification Aim,HNC/HND,Total,1.3
201415,Academic year,National,E92000001,England,By Age 19,Qualification Aim,Other Undergraduate Qualifications,Total,0.6
201415,Academic year,National,E92000001,England,By Age 25,Qualification Aim,Other Undergraduate Qualifications,Total,1.1
201415,Academic year,National,E92000001,England,By Age 19,Qualification Aim,Postgraduate Research,Total,0.0
201415,Academic year,National,E92000001,England,By Age 25,Qualification Aim,Postgraduate Research,Total,0.0
201415,Academic year,National,E92000001,England,By Age 19,Qualification Aim,Postgraduate Taught,Total,0.0
201415,Academic year,National,E92000001,England,By Age 25,Qualification Aim,Postgraduate Taught,Total,0.1
201516,Academic year,National,E92000001,England,By Age 19,Qualification Aim,Apprenticeship,Total,1.2
201516,Academic year,National,E92000001,England,By Age 19,Qualification Aim,First Degree,Total,39.6
201516,Academic year,National,E92000001,England,By Age 19,Qualification Aim,Foundation Degree,Total,1.0
201516,Academic year,National,E92000001,England,By Age 19,Qualification Aim,HNC/HND,Total,0.9
201516,Academic year,National,E92000001,England,By Age 19,Qualification Aim,Other Undergraduate Qualifications,Total,0.6
201516,Academic year,National,E92000001,England,By Age 19,Qualification Aim,Postgraduate Research,Total,0.0
201516,Academic year,National,E92000001,England,By Age 19,Qualification Aim,Postgraduate Taught,Total,0.0
201617,Academic year,National,E92000001,England,By Age 19,Qualification Aim,Apprenticeship,Total,1.2
201617,Academic year,National,E92000001,England,By Age 19,Qualification Aim,First Degree,Total,40.8
201617,Academic year,National,E92000001,England,By Age 19,Qualification Aim,Foundation Degree,Total,1.0
201617,Academic year,National,E92000001,England,By Age 19,Qualification Aim,HNC/HND,Total,0.8
201617,Academic year,National,E92000001,England,By Age 19,Qualification Aim,Other Undergraduate Qualifications,Total,0.8
201617,Academic year,National,E92000001,England,By Age 19,Qualification Aim,Postgraduate Research,Total,0.0
201617,Academic year,National,E92000001,England,By Age 19,Qualification Aim,Postgraduate Taught,Total,0.0
201718,Academic year,National,E92000001,England,By Age 19,Qualification Aim,Apprenticeship,Total,1.2
201718,Academic year,National,E92000001,England,By Age 19,Qualification Aim,First Degree,Total,43.1
201718,Academic year,National,E92000001,England,By Age 19,Qualification Aim,Foundation Degree,Total,0.8
201718,Academic year,National,E92000001,England,By Age 19,Qualification Aim,HNC/HND,Total,0.7
201718,Academic year,National,E92000001,England,By Age 19,Qualification Aim,Other Undergraduate Qualifications,Total,0.9
201718,Academic year,National,E92000001,England,By Age 19,Qualification Aim,Postgraduate Research,Total,0.0
201718,Academic year,National,E92000001,England,By Age 19,Qualification Aim,Postgraduate Taught,Total,0.0
201819,Academic year,National,E92000001,England,By Age 19,Qualification Aim,Apprenticeship,Total,1.5
201819,Academic year,National,E92000001,England,By Age 19,Qualification Aim,First Degree,Total,43.3
201819,Academic year,National,E92000001,England,By Age 19,Qualification Aim,Foundation Degree,Total,0.8
201819,Academic year,National,E92000001,England,By Age 19,Qualification Aim,HNC/HND,Total,0.7
201819,Academic year,National,E92000001,England,By Age 19,Qualification Aim,Other Undergraduate Qualifications,Total,0.7
201819,Academic year,National,E92000001,England,By Age 19,Qualification Aim,Postgraduate Research,Total,0.0
201819,Academic year,National,E92000001,England,By Age 19,Qualification Aim,Postgraduate Taught,Total,0.0
201920,Academic year,National,E92000001,England,By Age 19,Qualification Aim,Apprenticeship,Total,1.8
201920,Academic year,National,E92000001,England,By Age 19,Qualification Aim,First Degree,Total,42.0
201920,Academic year,National,E92000001,England,By Age 19,Qualification Aim,Foundation Degree,Total,0.7
201920,Academic year,National,E92000001,England,By Age 19,Qualification Aim,HNC/HND,Total,0.6
201920,Academic year,National,E92000001,England,By Age 19,Qualification Aim,Other Undergraduate Qualifications,Total,0.9
201920,Academic year,National,E92000001,England,By Age 19,Qualification Aim,Postgraduate Research,Total,0.0
201920,Academic year,National,E92000001,England,By Age 19,Qualification Aim,Postgraduate Taught,Total,0.0
202021,Academic year,National,E92000001,England,By Age 19,Qualification Aim,Apprenticeship,Total,1.9
202021,Academic year,National,E92000001,England,By Age 19,Qualification Aim,First Degree,Total,40.7
202021,Academic year,National,E92000001,England,By Age 19,Qualification Aim,Foundation Degree,Total,0.7
202021,Academic year,National,E92000001,England,By Age 19,Qualification Aim,HNC/HND,Total,0.6
202021,Academic year,National,E92000001,England,By Age 19,Qualification Aim,Other Undergraduate Qualifications,Total,0.9
202021,Academic year,National,E92000001,England,By Age 19,Qualification Aim,Postgraduate Taught,Total,0.0
200607,Academic year,National,E92000001,England,By Age 25,School Type,Independent,Total,87.7
200607,Academic year,National,E92000001,England,By Age 19,School Type,Independent,Total,84.1
200607,Academic year,National,E92000001,England,By Age 25,School Type,Independent,High tariff,61.0
200607,Academic year,National,E92000001,England,By Age 19,School Type,Independent,High tariff,59.7
200607,Academic year,National,E92000001,England,By Age 25,School Type,Other State,Total,84.7
200607,Academic year,National,E92000001,England,By Age 19,School Type,Other State,Total,78.0
200607,Academic year,National,E92000001,England,By Age 25,School Type,Other State,High tariff,24.4
200607,Academic year,National,E92000001,England,By Age 19,School Type,Other State,High tariff,23.6
200607,Academic year,National,E92000001,England,By Age 25,School Type,Selective State,Total,94.4
200607,Academic year,National,E92000001,England,By Age 19,School Type,Selective State,Total,90.9
200607,Academic year,National,E92000001,England,By Age 25,School Type,Selective State,High tariff,54.7
200607,Academic year,National,E92000001,England,By Age 19,School Type,Selective State,High tariff,53.8
200708,Academic year,National,E92000001,England,By Age 25,School Type,Independent,Total,87.5
200708,Academic year,National,E92000001,England,By Age 19,School Type,Independent,Total,84.1
200708,Academic year,National,E92000001,England,By Age 25,School Type,Independent,High tariff,60.2
200708,Academic year,National,E92000001,England,By Age 19,School Type,Independent,High tariff,59.0
200708,Academic year,National,E92000001,England,By Age 19,School Type,Other State,Total,76.2
200708,Academic year,National,E92000001,England,By Age 25,School Type,Other State,Total,82.9
200708,Academic year,National,E92000001,England,By Age 19,School Type,Other State,High tariff,23.1
200708,Academic year,National,E92000001,England,By Age 25,School Type,Other State,High tariff,23.8
200708,Academic year,National,E92000001,England,By Age 25,School Type,Selective State,Total,93.6
200708,Academic year,National,E92000001,England,By Age 19,School Type,Selective State,Total,90.5
200708,Academic year,National,E92000001,England,By Age 25,School Type,Selective State,High tariff,55.3
200708,Academic year,National,E92000001,England,By Age 19,School Type,Selective State,High tariff,54.7
200809,Academic year,National,E92000001,England,By Age 19,School Type,Independent,Total,82.4
200809,Academic year,National,E92000001,England,By Age 25,School Type,Independent,Total,86.2
200809,Academic year,National,E92000001,England,By Age 19,School Type,Independent,High tariff,57.2
200809,Academic year,National,E92000001,England,By Age 25,School Type,Independent,High tariff,58.6
200809,Academic year,National,E92000001,England,By Age 19,School Type,Other State,Total,75.7
200809,Academic year,National,E92000001,England,By Age 25,School Type,Other State,Total,82.7
200809,Academic year,National,E92000001,England,By Age 19,School Type,Other State,High tariff,22.3
200809,Academic year,National,E92000001,England,By Age 25,School Type,Other State,High tariff,23.0
200809,Academic year,National,E92000001,England,By Age 19,School Type,Selective State,Total,90.7
200809,Academic year,National,E92000001,England,By Age 25,School Type,Selective State,Total,93.8
200809,Academic year,National,E92000001,England,By Age 19,School Type,Selective State,High tariff,54.5
200809,Academic year,National,E92000001,England,By Age 25,School Type,Selective State,High tariff,55.0
200910,Academic year,National,E92000001,England,By Age 25,School Type,Independent,Total,86.6
200910,Academic year,National,E92000001,England,By Age 19,School Type,Independent,Total,82.1
200910,Academic year,National,E92000001,England,By Age 25,School Type,Independent,High tariff,60.1
200910,Academic year,National,E92000001,England,By Age 19,School Type,Independent,High tariff,58.4
200910,Academic year,National,E92000001,England,By Age 25,School Type,Other State,Total,82.3
200910,Academic year,National,E92000001,England,By Age 19,School Type,Other State,Total,74.2
200910,Academic year,National,E92000001,England,By Age 25,School Type,Other State,High tariff,24.0
200910,Academic year,National,E92000001,England,By Age 19,School Type,Other State,High tariff,23.1
200910,Academic year,National,E92000001,England,By Age 25,School Type,Selective State,Total,92.6
200910,Academic year,National,E92000001,England,By Age 19,School Type,Selective State,Total,88.7
200910,Academic year,National,E92000001,England,By Age 25,School Type,Selective State,High tariff,55.2
200910,Academic year,National,E92000001,England,By Age 19,School Type,Selective State,High tariff,54.3
201011,Academic year,National,E92000001,England,By Age 19,School Type,Independent,Total,82.5
201011,Academic year,National,E92000001,England,By Age 25,School Type,Independent,Total,87.8
201011,Academic year,National,E92000001,England,By Age 19,School Type,Independent,High tariff,59.3
201011,Academic year,National,E92000001,England,By Age 25,School Type,Independent,High tariff,61.6
201011,Academic year,National,E92000001,England,By Age 25,School Type,Other State,Total,83.5
201011,Academic year,National,E92000001,England,By Age 19,School Type,Other State,Total,76.0
201011,Academic year,National,E92000001,England,By Age 25,School Type,Other State,High tariff,25.3
201011,Academic year,National,E92000001,England,By Age 19,School Type,Other State,High tariff,24.5
201011,Academic year,National,E92000001,England,By Age 19,School Type,Selective State,Total,89.9
201011,Academic year,National,E92000001,England,By Age 25,School Type,Selective State,Total,93.6
201011,Academic year,National,E92000001,England,By Age 19,School Type,Selective State,High tariff,55.9
201011,Academic year,National,E92000001,England,By Age 25,School Type,Selective State,High tariff,56.7
201112,Academic year,National,E92000001,England,By Age 25,School Type,Independent,Total,89.5
201112,Academic year,National,E92000001,England,By Age 19,School Type,Independent,Total,83.1
201112,Academic year,National,E92000001,England,By Age 25,School Type,Independent,High tariff,62.6
201112,Academic year,National,E92000001,England,By Age 19,School Type,Independent,High tariff,59.7
201112,Academic year,National,E92000001,England,By Age 19,School Type,Other State,Total,77.7
201112,Academic year,National,E92000001,England,By Age 25,School Type,Other State,Total,84.8
201112,Academic year,National,E92000001,England,By Age 19,School Type,Other State,High tariff,25.5
201112,Academic year,National,E92000001,England,By Age 25,School Type,Other State,High tariff,26.3
201112,Academic year,National,E92000001,England,By Age 25,School Type,Selective State,Total,94.0
201112,Academic year,National,E92000001,England,By Age 19,School Type,Selective State,Total,90.4
201112,Academic year,National,E92000001,England,By Age 25,School Type,Selective State,High tariff,57.9
201112,Academic year,National,E92000001,England,By Age 19,School Type,Selective State,High tariff,57.1
201213,Academic year,National,E92000001,England,By Age 25,School Type,Independent,Total,89.9
201213,Academic year,National,E92000001,England,By Age 19,School Type,Independent,Total,83.1
201213,Academic year,National,E92000001,England,By Age 25,School Type,Independent,High tariff,62.6
201213,Academic year,National,E92000001,England,By Age 19,School Type,Independent,High tariff,59.1
201213,Academic year,National,E92000001,England,By Age 25,School Type,Other State,Total,85.1
201213,Academic year,National,E92000001,England,By Age 19,School Type,Other State,Total,78.2
201213,Academic year,National,E92000001,England,By Age 25,School Type,Other State,High tariff,26.3
201213,Academic year,National,E92000001,England,By Age 19,School Type,Other State,High tariff,25.5
201213,Academic year,National,E92000001,England,By Age 19,School Type,Selective State,Total,90.5
201213,Academic year,National,E92000001,England,By Age 25,School Type,Selective State,Total,94.0
201213,Academic year,National,E92000001,England,By Age 19,School Type,Selective State,High tariff,57.3
201213,Academic year,National,E92000001,England,By Age 25,School Type,Selective State,High tariff,58.1
201314,Academic year,National,E92000001,England,By Age 19,School Type,Independent,Total,86.2
201314,Academic year,National,E92000001,England,By Age 25,School Type,Independent,Total,89.9
201314,Academic year,National,E92000001,England,By Age 19,School Type,Independent,High tariff,60.4
201314,Academic year,National,E92000001,England,By Age 25,School Type,Independent,High tariff,61.7
201314,Academic year,National,E92000001,England,By Age 19,School Type,Other State,Total,75.5
201314,Academic year,National,E92000001,England,By Age 25,School Type,Other State,Total,82.8
201314,Academic year,National,E92000001,England,By Age 19,School Type,Other State,High tariff,23.8
201314,Academic year,National,E92000001,England,By Age 25,School Type,Other State,High tariff,24.5
201314,Academic year,National,E92000001,England,By Age 25,School Type,Selective State,Total,93.9
201314,Academic year,National,E92000001,England,By Age 19,School Type,Selective State,Total,90.1
201314,Academic year,National,E92000001,England,By Age 25,School Type,Selective State,High tariff,56.7
201314,Academic year,National,E92000001,England,By Age 19,School Type,Selective State,High tariff,55.9
201415,Academic year,National,E92000001,England,By Age 25,School Type,Independent,Total,89.7
201415,Academic year,National,E92000001,England,By Age 19,School Type,Independent,Total,86.1
201415,Academic year,National,E92000001,England,By Age 25,School Type,Independent,High tariff,60.5
201415,Academic year,National,E92000001,England,By Age 19,School Type,Independent,High tariff,59.2
201415,Academic year,National,E92000001,England,By Age 25,School Type,Other State,Total,82.7
201415,Academic year,National,E92000001,England,By Age 19,School Type,Other State,Total,75.6
201415,Academic year,National,E92000001,England,By Age 25,School Type,Other State,High tariff,25.0
201415,Academic year,National,E92000001,England,By Age 19,School Type,Other State,High tariff,24.3
201415,Academic year,National,E92000001,England,By Age 25,School Type,Selective State,Total,93.1
201415,Academic year,National,E92000001,England,By Age 19,School Type,Selective State,Total,89.4
201415,Academic year,National,E92000001,England,By Age 25,School Type,Selective State,High tariff,54.8
201415,Academic year,National,E92000001,England,By Age 19,School Type,Selective State,High tariff,54.1
201516,Academic year,National,E92000001,England,By Age 19,School Type,Independent,Total,86.8
201516,Academic year,National,E92000001,England,By Age 19,School Type,Independent,High tariff,60.5
201516,Academic year,National,E92000001,England,By Age 19,School Type,Other State,Total,76.7
201516,Academic year,National,E92000001,England,By Age 19,School Type,Other State,High tariff,24.8
201516,Academic year,National,E92000001,England,By Age 19,School Type,Selective State,Total,88.8
201516,Academic year,National,E92000001,England,By Age 19,School Type,Selective State,High tariff,52.7
201617,Academic year,National,E92000001,England,By Age 19,School Type,Independent,Total,87.3
201617,Academic year,National,E92000001,England,By Age 19,School Type,Independent,High tariff,59.9
201617,Academic year,National,E92000001,England,By Age 19,School Type,Other State,Total,78.6
201617,Academic year,National,E92000001,England,By Age 19,School Type,Other State,High tariff,25.6
201617,Academic year,National,E92000001,England,By Age 19,School Type,Selective State,Total,89.4
201617,Academic year,National,E92000001,England,By Age 19,School Type,Selective State,High tariff,52.5
201718,Academic year,National,E92000001,England,By Age 19,School Type,Independent,Total,88.7
201718,Academic year,National,E92000001,England,By Age 19,School Type,Independent,High tariff,64.2
201718,Academic year,National,E92000001,England,By Age 19,School Type,Other State,Total,81.4
201718,Academic year,National,E92000001,England,By Age 19,School Type,Other State,High tariff,28.4
201718,Academic year,National,E92000001,England,By Age 19,School Type,Selective State,Total,91.0
201718,Academic year,National,E92000001,England,By Age 19,School Type,Selective State,High tariff,55.5
201819,Academic year,National,E92000001,England,By Age 19,School Type,Independent,Total,88.5
201819,Academic year,National,E92000001,England,By Age 19,School Type,Independent,High tariff,65.3
201819,Academic year,National,E92000001,England,By Age 19,School Type,Other State,Total,81.0
201819,Academic year,National,E92000001,England,By Age 19,School Type,Other State,High tariff,28.9
201819,Academic year,National,E92000001,England,By Age 19,School Type,Selective State,Total,91.0
201819,Academic year,National,E92000001,England,By Age 19,School Type,Selective State,High tariff,55.6
201920,Academic year,National,E92000001,England,By Age 19,School Type,Independent,Total,86.8
201920,Academic year,National,E92000001,England,By Age 19,School Type,Independent,High tariff,60.4
201920,Academic year,National,E92000001,England,By Age 19,School Type,Other State,Total,78.8
201920,Academic year,National,E92000001,England,By Age 19,School Type,Other State,High tariff,26.3
201920,Academic year,National,E92000001,England,By Age 19,School Type,Selective State,Total,89.1
201920,Academic year,National,E92000001,England,By Age 19,School Type,Selective State,High tariff,52.9
202021,Academic year,National,E92000001,England,By Age 19,School Type,Independent,Total,86.9
202021,Academic year,National,E92000001,England,By Age 19,School Type,Independent,High tariff,58.6
202021,Academic year,National,E92000001,England,By Age 19,School Type,Other State,Total,77.2
202021,Academic year,National,E92000001,England,By Age 19,School Type,Other State,High tariff,24.2
202021,Academic year,National,E92000001,England,By Age 19,School Type,Selective State,Total,88.8
202021,Academic year,National,E92000001,England,By Age 19,School Type,Selective State,High tariff,50.2
200102,Academic year,National,E92000001,England,By Age 19,Sex,Female,High tariff,9.2
200102,Academic year,National,E92000001,England,By Age 25,Sex,Female,High tariff,9.9
200102,Academic year,National,E92000001,England,By Age 19,Sex,Female,Total,34.5
200102,Academic year,National,E92000001,England,By Age 25,Sex,Female,Total,43.2
200102,Academic year,National,E92000001,England,By Age 19,Sex,Male,High tariff,7.5
200102,Academic year,National,E92000001,England,By Age 25,Sex,Male,High tariff,8.0
200102,Academic year,National,E92000001,England,By Age 19,Sex,Male,Total,27.4
200102,Academic year,National,E92000001,England,By Age 25,Sex,Male,Total,34.8
200203,Academic year,National,E92000001,England,By Age 25,Sex,Female,High tariff,10.0
200203,Academic year,National,E92000001,England,By Age 19,Sex,Female,High tariff,9.4
200203,Academic year,National,E92000001,England,By Age 25,Sex,Female,Total,43.9
200203,Academic year,National,E92000001,England,By Age 19,Sex,Female,Total,35.3
200203,Academic year,National,E92000001,England,By Age 25,Sex,Male,High tariff,8.2
200203,Academic year,National,E92000001,England,By Age 19,Sex,Male,High tariff,7.6
200203,Academic year,National,E92000001,England,By Age 25,Sex,Male,Total,35.2
200203,Academic year,National,E92000001,England,By Age 19,Sex,Male,Total,27.8
200304,Academic year,National,E92000001,England,By Age 19,Sex,Female,High tariff,9.5
200304,Academic year,National,E92000001,England,By Age 25,Sex,Female,High tariff,10.1
200304,Academic year,National,E92000001,England,By Age 19,Sex,Female,Total,35.3
200304,Academic year,National,E92000001,England,By Age 25,Sex,Female,Total,44.2
200304,Academic year,National,E92000001,England,By Age 19,Sex,Male,High tariff,8.0
200304,Academic year,National,E92000001,England,By Age 25,Sex,Male,High tariff,8.6
200304,Academic year,National,E92000001,England,By Age 19,Sex,Male,Total,27.9
200304,Academic year,National,E92000001,England,By Age 25,Sex,Male,Total,35.7
200405,Academic year,National,E92000001,England,By Age 25,Sex,Female,High tariff,10.4
200405,Academic year,National,E92000001,England,By Age 19,Sex,Female,High tariff,9.7
200405,Academic year,National,E92000001,England,By Age 25,Sex,Female,Total,45.2
200405,Academic year,National,E92000001,England,By Age 19,Sex,Female,Total,36.4
200405,Academic year,National,E92000001,England,By Age 25,Sex,Male,High tariff,8.7
200405,Academic year,National,E92000001,England,By Age 19,Sex,Male,High tariff,8.1
200405,Academic year,National,E92000001,England,By Age 25,Sex,Male,Total,36.7
200405,Academic year,National,E92000001,England,By Age 19,Sex,Male,Total,29.0
200506,Academic year,National,E92000001,England,By Age 25,Sex,Female,High tariff,11.0
200506,Academic year,National,E92000001,England,By Age 19,Sex,Female,High tariff,10.3
200506,Academic year,National,E92000001,England,By Age 25,Sex,Female,Total,46.6
200506,Academic year,National,E92000001,England,By Age 19,Sex,Female,Total,37.9
200506,Academic year,National,E92000001,England,By Age 25,Sex,Male,High tariff,9.1
200506,Academic year,National,E92000001,England,By Age 19,Sex,Male,High tariff,8.5
200506,Academic year,National,E92000001,England,By Age 25,Sex,Male,Total,37.8
200506,Academic year,National,E92000001,England,By Age 19,Sex,Male,Total,30.1
200607,Academic year,National,E92000001,England,By Age 19,Sex,Female,High tariff,10.3
200607,Academic year,National,E92000001,England,By Age 25,Sex,Female,High tariff,11.0
200607,Academic year,National,E92000001,England,By Age 19,Sex,Female,Total,39.1
200607,Academic year,National,E92000001,England,By Age 25,Sex,Female,Total,47.7
200607,Academic year,National,E92000001,England,By Age 19,Sex,Male,High tariff,8.7
200607,Academic year,National,E92000001,England,By Age 25,Sex,Male,High tariff,9.3
200607,Academic year,National,E92000001,England,By Age 19,Sex,Male,Total,31.4
200607,Academic year,National,E92000001,England,By Age 25,Sex,Male,Total,39.1
200708,Academic year,National,E92000001,England,By Age 19,Sex,Female,High tariff,10.8
200708,Academic year,National,E92000001,England,By Age 25,Sex,Female,High tariff,11.3
200708,Academic year,National,E92000001,England,By Age 19,Sex,Female,Total,39.9
200708,Academic year,National,E92000001,England,By Age 25,Sex,Female,Total,48.5
200708,Academic year,National,E92000001,England,By Age 25,Sex,Male,High tariff,9.6
200708,Academic year,National,E92000001,England,By Age 19,Sex,Male,High tariff,9.1
200708,Academic year,National,E92000001,England,By Age 25,Sex,Male,Total,39.7
200708,Academic year,National,E92000001,England,By Age 19,Sex,Male,Total,32.4
200809,Academic year,National,E92000001,England,By Age 19,Sex,Female,High tariff,10.7
200809,Academic year,National,E92000001,England,By Age 25,Sex,Female,High tariff,11.2
200809,Academic year,National,E92000001,England,By Age 19,Sex,Female,Total,40.5
200809,Academic year,National,E92000001,England,By Age 25,Sex,Female,Total,49.7
200809,Academic year,National,E92000001,England,By Age 19,Sex,Male,High tariff,9.0
200809,Academic year,National,E92000001,England,By Age 25,Sex,Male,High tariff,9.6
200809,Academic year,National,E92000001,England,By Age 19,Sex,Male,Total,32.8
200809,Academic year,National,E92000001,England,By Age 25,Sex,Male,Total,40.5
200910,Academic year,National,E92000001,England,By Age 19,Sex,Female,High tariff,11.1
200910,Academic year,National,E92000001,England,By Age 25,Sex,Female,High tariff,11.8
200910,Academic year,National,E92000001,England,By Age 19,Sex,Female,Total,40.9
200910,Academic year,National,E92000001,England,By Age 25,Sex,Female,Total,50.7
200910,Academic year,National,E92000001,England,By Age 25,Sex,Male,High tariff,10.0
200910,Academic year,National,E92000001,England,By Age 19,Sex,Male,High tariff,9.4
200910,Academic year,National,E92000001,England,By Age 25,Sex,Male,Total,41.3
200910,Academic year,National,E92000001,England,By Age 19,Sex,Male,Total,32.9
201011,Academic year,National,E92000001,England,By Age 19,Sex,Female,High tariff,12.0
201011,Academic year,National,E92000001,England,By Age 25,Sex,Female,High tariff,12.7
201011,Academic year,National,E92000001,England,By Age 19,Sex,Female,Total,43.3
201011,Academic year,National,E92000001,England,By Age 25,Sex,Female,Total,52.9
201011,Academic year,National,E92000001,England,By Age 25,Sex,Male,High tariff,10.6
201011,Academic year,National,E92000001,England,By Age 19,Sex,Male,High tariff,10.1
201011,Academic year,National,E92000001,England,By Age 25,Sex,Male,Total,42.8
201011,Academic year,National,E92000001,England,By Age 19,Sex,Male,Total,34.8
201112,Academic year,National,E92000001,England,By Age 25,Sex,Female,High tariff,13.3
201112,Academic year,National,E92000001,England,By Age 19,Sex,Female,High tariff,12.6
201112,Academic year,National,E92000001,England,By Age 25,Sex,Female,Total,55.0
201112,Academic year,National,E92000001,England,By Age 19,Sex,Female,Total,45.3
201112,Academic year,National,E92000001,England,By Age 19,Sex,Male,High tariff,10.3
201112,Academic year,National,E92000001,England,By Age 25,Sex,Male,High tariff,10.9
201112,Academic year,National,E92000001,England,By Age 19,Sex,Male,Total,36.5
201112,Academic year,National,E92000001,England,By Age 25,Sex,Male,Total,44.3
201213,Academic year,National,E92000001,England,By Age 25,Sex,Female,High tariff,13.6
201213,Academic year,National,E92000001,England,By Age 19,Sex,Female,High tariff,12.9
201213,Academic year,National,E92000001,England,By Age 25,Sex,Female,Total,55.9
201213,Academic year,National,E92000001,England,By Age 19,Sex,Female,Total,46.3
201213,Academic year,National,E92000001,England,By Age 19,Sex,Male,High tariff,10.3
201213,Academic year,National,E92000001,England,By Age 25,Sex,Male,High tariff,10.9
201213,Academic year,National,E92000001,England,By Age 19,Sex,Male,Total,36.5
201213,Academic year,National,E92000001,England,By Age 25,Sex,Male,Total,44.4
201314,Academic year,National,E92000001,England,By Age 25,Sex,Female,High tariff,14.1
201314,Academic year,National,E92000001,England,By Age 19,Sex,Female,High tariff,13.4
201314,Academic year,National,E92000001,England,By Age 25,Sex,Female,Total,57.1
201314,Academic year,National,E92000001,England,By Age 19,Sex,Female,Total,47.5
201314,Academic year,National,E92000001,England,By Age 19,Sex,Male,High tariff,10.4
201314,Academic year,National,E92000001,England,By Age 25,Sex,Male,High tariff,10.9
201314,Academic year,National,E92000001,England,By Age 19,Sex,Male,Total,37.3
201314,Academic year,National,E92000001,England,By Age 25,Sex,Male,Total,45.0
201415,Academic year,National,E92000001,England,By Age 25,Sex,Female,High tariff,14.2
201415,Academic year,National,E92000001,England,By Age 19,Sex,Female,High tariff,13.5
201415,Academic year,National,E92000001,England,By Age 25,Sex,Female,Total,57.6
201415,Academic year,National,E92000001,England,By Age 19,Sex,Female,Total,48.0
201415,Academic year,National,E92000001,England,By Age 25,Sex,Male,High tariff,11.2
201415,Academic year,National,E92000001,England,By Age 19,Sex,Male,High tariff,10.7
201415,Academic year,National,E92000001,England,By Age 25,Sex,Male,Total,45.3
201415,Academic year,National,E92000001,England,By Age 19,Sex,Male,Total,37.4
201516,Academic year,National,E92000001,England,By Age 19,Sex,Female,High tariff,13.8
201516,Academic year,National,E92000001,England,By Age 19,Sex,Female,Total,49.0
201516,Academic year,National,E92000001,England,By Age 19,Sex,Male,High tariff,10.8
201516,Academic year,National,E92000001,England,By Age 19,Sex,Male,Total,37.7
201617,Academic year,National,E92000001,England,By Age 19,Sex,Female,High tariff,14.2
201617,Academic year,National,E92000001,England,By Age 19,Sex,Female,Total,50.7
201617,Academic year,National,E92000001,England,By Age 19,Sex,Male,High tariff,10.9
201617,Academic year,National,E92000001,England,By Age 19,Sex,Male,Total,38.5
201718,Academic year,National,E92000001,England,By Age 19,Sex,Female,High tariff,15.6
201718,Academic year,National,E92000001,England,By Age 19,Sex,Female,Total,53.7
201718,Academic year,National,E92000001,England,By Age 19,Sex,Male,High tariff,11.9
201718,Academic year,National,E92000001,England,By Age 19,Sex,Male,Total,40.3
201819,Academic year,National,E92000001,England,By Age 19,Sex,Female,High tariff,16.1
201819,Academic year,National,E92000001,England,By Age 19,Sex,Female,Total,53.7
201819,Academic year,National,E92000001,England,By Age 19,Sex,Male,High tariff,12.1
201819,Academic year,National,E92000001,England,By Age 19,Sex,Male,Total,40.5
201920,Academic year,National,E92000001,England,By Age 19,Sex,Female,High tariff,15.0
201920,Academic year,National,E92000001,England,By Age 19,Sex,Female,Total,52.6
201920,Academic year,National,E92000001,England,By Age 19,Sex,Male,High tariff,11.4
201920,Academic year,National,E92000001,England,By Age 19,Sex,Male,Total,39.7
202021,Academic year,National,E92000001,England,By Age 19,Sex,Female,High tariff,13.8
202021,Academic year,National,E92000001,England,By Age 19,Sex,Female,Total,51.0
202021,Academic year,National,E92000001,England,By Age 19,Sex,Male,High tariff,10.5
202021,Academic year,National,E92000001,England,By Age 19,Sex,Male,Total,38.7
200506,Academic year,National,E92000001,England,By Age 25,Special Educational Needs,"Education, health and care plan",High tariff,1.1
200506,Academic year,National,E92000001,England,By Age 19,Special Educational Needs,"Education, health and care plan",High tariff,0.9
200506,Academic year,National,E92000001,England,By Age 25,Special Educational Needs,"Education, health and care plan",Total,9.1
200506,Academic year,National,E92000001,England,By Age 19,Special Educational Needs,"Education, health and care plan",Total,5.5
200506,Academic year,National,E92000001,England,By Age 25,Special Educational Needs,No SEN provision,High tariff,11.9
200506,Academic year,National,E92000001,England,By Age 19,Special Educational Needs,No SEN provision,High tariff,11.1
200506,Academic year,National,E92000001,England,By Age 25,Special Educational Needs,No SEN provision,Total,48.1
200506,Academic year,National,E92000001,England,By Age 19,Special Educational Needs,No SEN provision,Total,39.3
200506,Academic year,National,E92000001,England,By Age 19,Special Educational Needs,SEN support / SEN without an EHC plan,High tariff,1.5
200506,Academic year,National,E92000001,England,By Age 25,Special Educational Needs,SEN support / SEN without an EHC plan,High tariff,1.9
200506,Academic year,National,E92000001,England,By Age 19,Special Educational Needs,SEN support / SEN without an EHC plan,Total,11.2
200506,Academic year,National,E92000001,England,By Age 25,Special Educational Needs,SEN support / SEN without an EHC plan,Total,17.5
200607,Academic year,National,E92000001,England,By Age 25,Special Educational Needs,"Education, health and care plan",High tariff,1.0
200607,Academic year,National,E92000001,England,By Age 19,Special Educational Needs,"Education, health and care plan",High tariff,0.8
200607,Academic year,National,E92000001,England,By Age 25,Special Educational Needs,"Education, health and care plan",Total,9.7
200607,Academic year,National,E92000001,England,By Age 19,Special Educational Needs,"Education, health and care plan",Total,6.1
200607,Academic year,National,E92000001,England,By Age 25,Special Educational Needs,No SEN provision,High tariff,12.2
200607,Academic year,National,E92000001,England,By Age 19,Special Educational Needs,No SEN provision,High tariff,11.4
200607,Academic year,National,E92000001,England,By Age 25,Special Educational Needs,No SEN provision,Total,49.7
200607,Academic year,National,E92000001,England,By Age 19,Special Educational Needs,No SEN provision,Total,41.0
200607,Academic year,National,E92000001,England,By Age 25,Special Educational Needs,SEN support / SEN without an EHC plan,High tariff,2.1
200607,Academic year,National,E92000001,England,By Age 19,Special Educational Needs,SEN support / SEN without an EHC plan,High tariff,1.8
200607,Academic year,National,E92000001,England,By Age 25,Special Educational Needs,SEN support / SEN without an EHC plan,Total,19.2
200607,Academic year,National,E92000001,England,By Age 19,Special Educational Needs,SEN support / SEN without an EHC plan,Total,12.5
200708,Academic year,National,E92000001,England,By Age 19,Special Educational Needs,"Education, health and care plan",High tariff,0.9
200708,Academic year,National,E92000001,England,By Age 25,Special Educational Needs,"Education, health and care plan",High tariff,1.1
200708,Academic year,National,E92000001,England,By Age 19,Special Educational Needs,"Education, health and care plan",Total,6.2
200708,Academic year,National,E92000001,England,By Age 25,Special Educational Needs,"Education, health and care plan",Total,10.2
200708,Academic year,National,E92000001,England,By Age 25,Special Educational Needs,No SEN provision,High tariff,12.7
200708,Academic year,National,E92000001,England,By Age 19,Special Educational Needs,No SEN provision,High tariff,12.1
200708,Academic year,National,E92000001,England,By Age 25,Special Educational Needs,No SEN provision,Total,51.0
200708,Academic year,National,E92000001,England,By Age 19,Special Educational Needs,No SEN provision,Total,42.5
200708,Academic year,National,E92000001,England,By Age 25,Special Educational Needs,SEN support / SEN without an EHC plan,High tariff,2.4
200708,Academic year,National,E92000001,England,By Age 19,Special Educational Needs,SEN support / SEN without an EHC plan,High tariff,2.1
200708,Academic year,National,E92000001,England,By Age 25,Special Educational Needs,SEN support / SEN without an EHC plan,Total,20.7
200708,Academic year,National,E92000001,England,By Age 19,Special Educational Needs,SEN support / SEN without an EHC plan,Total,14.0
200809,Academic year,National,E92000001,England,By Age 25,Special Educational Needs,"Education, health and care plan",High tariff,1.2
200809,Academic year,National,E92000001,England,By Age 19,Special Educational Needs,"Education, health and care plan",High tariff,1.1
200809,Academic year,National,E92000001,England,By Age 25,Special Educational Needs,"Education, health and care plan",Total,10.8
200809,Academic year,National,E92000001,England,By Age 19,Special Educational Needs,"Education, health and care plan",Total,6.6
200809,Academic year,National,E92000001,England,By Age 19,Special Educational Needs,No SEN provision,High tariff,12.2
200809,Academic year,National,E92000001,England,By Age 25,Special Educational Needs,No SEN provision,High tariff,12.9
200809,Academic year,National,E92000001,England,By Age 19,Special Educational Needs,No SEN provision,Total,43.6
200809,Academic year,National,E92000001,England,By Age 25,Special Educational Needs,No SEN provision,Total,52.5
200809,Academic year,National,E92000001,England,By Age 19,Special Educational Needs,SEN support / SEN without an EHC plan,High tariff,2.3
200809,Academic year,National,E92000001,England,By Age 25,Special Educational Needs,SEN support / SEN without an EHC plan,High tariff,2.7
200809,Academic year,National,E92000001,England,By Age 19,Special Educational Needs,SEN support / SEN without an EHC plan,Total,15.6
200809,Academic year,National,E92000001,England,By Age 25,Special Educational Needs,SEN support / SEN without an EHC plan,Total,23.0
200910,Academic year,National,E92000001,England,By Age 25,Special Educational Needs,"Education, health and care plan",High tariff,1.3
200910,Academic year,National,E92000001,England,By Age 19,Special Educational Needs,"Education, health and care plan",High tariff,1.1
200910,Academic year,National,E92000001,England,By Age 25,Special Educational Needs,"Education, health and care plan",Total,11.9
200910,Academic year,National,E92000001,England,By Age 19,Special Educational Needs,"Education, health and care plan",Total,7.2
200910,Academic year,National,E92000001,England,By Age 19,Special Educational Needs,No SEN provision,High tariff,12.9
200910,Academic year,National,E92000001,England,By Age 25,Special Educational Needs,No SEN provision,High tariff,13.6
200910,Academic year,National,E92000001,England,By Age 19,Special Educational Needs,No SEN provision,Total,44.0
200910,Academic year,National,E92000001,England,By Age 25,Special Educational Needs,No SEN provision,Total,53.7
200910,Academic year,National,E92000001,England,By Age 19,Special Educational Needs,SEN support / SEN without an EHC plan,High tariff,2.5
200910,Academic year,National,E92000001,England,By Age 25,Special Educational Needs,SEN support / SEN without an EHC plan,High tariff,2.9
200910,Academic year,National,E92000001,England,By Age 19,Special Educational Needs,SEN support / SEN without an EHC plan,Total,16.6
200910,Academic year,National,E92000001,England,By Age 25,Special Educational Needs,SEN support / SEN without an EHC plan,Total,24.5
201011,Academic year,National,E92000001,England,By Age 19,Special Educational Needs,"Education, health and care plan",High tariff,1.1
201011,Academic year,National,E92000001,England,By Age 25,Special Educational Needs,"Education, health and care plan",High tariff,1.3
201011,Academic year,National,E92000001,England,By Age 19,Special Educational Needs,"Education, health and care plan",Total,7.7
201011,Academic year,National,E92000001,England,By Age 25,Special Educational Needs,"Education, health and care plan",Total,12.2
201011,Academic year,National,E92000001,England,By Age 19,Special Educational Needs,No SEN provision,High tariff,13.8
201011,Academic year,National,E92000001,England,By Age 25,Special Educational Needs,No SEN provision,High tariff,14.5
201011,Academic year,National,E92000001,England,By Age 19,Special Educational Needs,No SEN provision,Total,46.2
201011,Academic year,National,E92000001,England,By Age 25,Special Educational Needs,No SEN provision,Total,55.4
201011,Academic year,National,E92000001,England,By Age 19,Special Educational Needs,SEN support / SEN without an EHC plan,High tariff,2.6
201011,Academic year,National,E92000001,England,By Age 25,Special Educational Needs,SEN support / SEN without an EHC plan,High tariff,2.9
201011,Academic year,National,E92000001,England,By Age 19,Special Educational Needs,SEN support / SEN without an EHC plan,Total,17.9
201011,Academic year,National,E92000001,England,By Age 25,Special Educational Needs,SEN support / SEN without an EHC plan,Total,25.7
201112,Academic year,National,E92000001,England,By Age 19,Special Educational Needs,"Education, health and care plan",High tariff,1.2
201112,Academic year,National,E92000001,England,By Age 25,Special Educational Needs,"Education, health and care plan",High tariff,1.4
201112,Academic year,National,E92000001,England,By Age 19,Special Educational Needs,"Education, health and care plan",Total,8.0
201112,Academic year,National,E92000001,England,By Age 25,Special Educational Needs,"Education, health and care plan",Total,12.2
201112,Academic year,National,E92000001,England,By Age 25,Special Educational Needs,No SEN provision,High tariff,14.7
201112,Academic year,National,E92000001,England,By Age 19,Special Educational Needs,No SEN provision,High tariff,14.0
201112,Academic year,National,E92000001,England,By Age 25,Special Educational Needs,No SEN provision,Total,56.6
201112,Academic year,National,E92000001,England,By Age 19,Special Educational Needs,No SEN provision,Total,47.5
201112,Academic year,National,E92000001,England,By Age 25,Special Educational Needs,SEN support / SEN without an EHC plan,High tariff,3.4
201112,Academic year,National,E92000001,England,By Age 19,Special Educational Needs,SEN support / SEN without an EHC plan,High tariff,3.0
201112,Academic year,National,E92000001,England,By Age 25,Special Educational Needs,SEN support / SEN without an EHC plan,Total,27.4
201112,Academic year,National,E92000001,England,By Age 19,Special Educational Needs,SEN support / SEN without an EHC plan,Total,19.6
201213,Academic year,National,E92000001,England,By Age 25,Special Educational Needs,"Education, health and care plan",High tariff,1.5
201213,Academic year,National,E92000001,England,By Age 19,Special Educational Needs,"Education, health and care plan",High tariff,1.3
201213,Academic year,National,E92000001,England,By Age 25,Special Educational Needs,"Education, health and care plan",Total,13.5
201213,Academic year,National,E92000001,England,By Age 19,Special Educational Needs,"Education, health and care plan",Total,8.6
201213,Academic year,National,E92000001,England,By Age 19,Special Educational Needs,No SEN provision,High tariff,13.9
201213,Academic year,National,E92000001,England,By Age 25,Special Educational Needs,No SEN provision,High tariff,14.6
201213,Academic year,National,E92000001,England,By Age 19,Special Educational Needs,No SEN provision,Total,47.6
201213,Academic year,National,E92000001,England,By Age 25,Special Educational Needs,No SEN provision,Total,56.6
201213,Academic year,National,E92000001,England,By Age 19,Special Educational Needs,SEN support / SEN without an EHC plan,High tariff,3.0
201213,Academic year,National,E92000001,England,By Age 25,Special Educational Needs,SEN support / SEN without an EHC plan,High tariff,3.4
201213,Academic year,National,E92000001,England,By Age 19,Special Educational Needs,SEN support / SEN without an EHC plan,Total,19.7
201213,Academic year,National,E92000001,England,By Age 25,Special Educational Needs,SEN support / SEN without an EHC plan,Total,27.8
201314,Academic year,National,E92000001,England,By Age 19,Special Educational Needs,"Education, health and care plan",High tariff,1.4
201314,Academic year,National,E92000001,England,By Age 25,Special Educational Needs,"Education, health and care plan",High tariff,1.7
201314,Academic year,National,E92000001,England,By Age 19,Special Educational Needs,"Education, health and care plan",Total,8.5
201314,Academic year,National,E92000001,England,By Age 25,Special Educational Needs,"Education, health and care plan",Total,13.6
201314,Academic year,National,E92000001,England,By Age 25,Special Educational Needs,No SEN provision,High tariff,14.7
201314,Academic year,National,E92000001,England,By Age 19,Special Educational Needs,No SEN provision,High tariff,14.0
201314,Academic year,National,E92000001,England,By Age 25,Special Educational Needs,No SEN provision,Total,57.0
201314,Academic year,National,E92000001,England,By Age 19,Special Educational Needs,No SEN provision,Total,48.1
201314,Academic year,National,E92000001,England,By Age 19,Special Educational Needs,SEN support / SEN without an EHC plan,High tariff,3.4
201314,Academic year,National,E92000001,England,By Age 25,Special Educational Needs,SEN support / SEN without an EHC plan,High tariff,3.9
201314,Academic year,National,E92000001,England,By Age 19,Special Educational Needs,SEN support / SEN without an EHC plan,Total,20.9
201314,Academic year,National,E92000001,England,By Age 25,Special Educational Needs,SEN support / SEN without an EHC plan,Total,29.1
201415,Academic year,National,E92000001,England,By Age 19,Special Educational Needs,"Education, health and care plan",High tariff,1.3
201415,Academic year,National,E92000001,England,By Age 25,Special Educational Needs,"Education, health and care plan",High tariff,1.7
201415,Academic year,National,E92000001,England,By Age 19,Special Educational Needs,"Education, health and care plan",Total,8.9
201415,Academic year,National,E92000001,England,By Age 25,Special Educational Needs,"Education, health and care plan",Total,14.3
201415,Academic year,National,E92000001,England,By Age 25,Special Educational Needs,No SEN provision,High tariff,14.5
201415,Academic year,National,E92000001,England,By Age 19,Special Educational Needs,No SEN provision,High tariff,13.8
201415,Academic year,National,E92000001,England,By Age 25,Special Educational Needs,No SEN provision,Total,56.3
201415,Academic year,National,E92000001,England,By Age 19,Special Educational Needs,No SEN provision,Total,47.4
201415,Academic year,National,E92000001,England,By Age 25,Special Educational Needs,SEN support / SEN without an EHC plan,High tariff,4.1
201415,Academic year,National,E92000001,England,By Age 19,Special Educational Needs,SEN support / SEN without an EHC plan,High tariff,3.7
201415,Academic year,National,E92000001,England,By Age 25,Special Educational Needs,SEN support / SEN without an EHC plan,Total,29.2
201415,Academic year,National,E92000001,England,By Age 19,Special Educational Needs,SEN support / SEN without an EHC plan,Total,20.7
201516,Academic year,National,E92000001,England,By Age 19,Special Educational Needs,"Education, health and care plan",High tariff,1.3
201516,Academic year,National,E92000001,England,By Age 19,Special Educational Needs,"Education, health and care plan",Total,8.4
201516,Academic year,National,E92000001,England,By Age 19,Special Educational Needs,No SEN provision,High tariff,13.8
201516,Academic year,National,E92000001,England,By Age 19,Special Educational Needs,No SEN provision,Total,47.6
201516,Academic year,National,E92000001,England,By Age 19,Special Educational Needs,SEN support / SEN without an EHC plan,High tariff,3.8
201516,Academic year,National,E92000001,England,By Age 19,Special Educational Needs,SEN support / SEN without an EHC plan,Total,20.8
201617,Academic year,National,E92000001,England,By Age 19,Special Educational Needs,"Education, health and care plan",High tariff,1.3
201617,Academic year,National,E92000001,England,By Age 19,Special Educational Needs,"Education, health and care plan",Total,8.7
201617,Academic year,National,E92000001,England,By Age 19,Special Educational Needs,No SEN provision,High tariff,14.1
201617,Academic year,National,E92000001,England,By Age 19,Special Educational Needs,No SEN provision,Total,48.7
201617,Academic year,National,E92000001,England,By Age 19,Special Educational Needs,SEN support / SEN without an EHC plan,High tariff,4.0
201617,Academic year,National,E92000001,England,By Age 19,Special Educational Needs,SEN support / SEN without an EHC plan,Total,22.6
201718,Academic year,National,E92000001,England,By Age 19,Special Educational Needs,"Education, health and care plan",High tariff,1.4
201718,Academic year,National,E92000001,England,By Age 19,Special Educational Needs,"Education, health and care plan",Total,8.9
201718,Academic year,National,E92000001,England,By Age 19,Special Educational Needs,No SEN provision,High tariff,15.4
201718,Academic year,National,E92000001,England,By Age 19,Special Educational Needs,No SEN provision,Total,51.3
201718,Academic year,National,E92000001,England,By Age 19,Special Educational Needs,SEN support / SEN without an EHC plan,High tariff,4.4
201718,Academic year,National,E92000001,England,By Age 19,Special Educational Needs,SEN support / SEN without an EHC plan,Total,24.3
201819,Academic year,National,E92000001,England,By Age 19,Special Educational Needs,"Education, health and care plan",High tariff,1.4
201819,Academic year,National,E92000001,England,By Age 19,Special Educational Needs,"Education, health and care plan",Total,9.3
201819,Academic year,National,E92000001,England,By Age 19,Special Educational Needs,No SEN provision,High tariff,15.7
201819,Academic year,National,E92000001,England,By Age 19,Special Educational Needs,No SEN provision,Total,51.3
201819,Academic year,National,E92000001,England,By Age 19,Special Educational Needs,SEN support / SEN without an EHC plan,High tariff,4.7
201819,Academic year,National,E92000001,England,By Age 19,Special Educational Needs,SEN support / SEN without an EHC plan,Total,25.0
201920,Academic year,National,E92000001,England,By Age 19,Special Educational Needs,"Education, health and care plan",High tariff,1.5
201920,Academic year,National,E92000001,England,By Age 19,Special Educational Needs,"Education, health and care plan",Total,9.4
201920,Academic year,National,E92000001,England,By Age 19,Special Educational Needs,No SEN provision,High tariff,14.8
201920,Academic year,National,E92000001,England,By Age 19,Special Educational Needs,No SEN provision,Total,50.3
201920,Academic year,National,E92000001,England,By Age 19,Special Educational Needs,SEN support / SEN without an EHC plan,High tariff,4.7
201920,Academic year,National,E92000001,England,By Age 19,Special Educational Needs,SEN support / SEN without an EHC plan,Total,25.5
202021,Academic year,National,E92000001,England,By Age 19,Special Educational Needs,"Education, health and care plan",High tariff,1.5
202021,Academic year,National,E92000001,England,By Age 19,Special Educational Needs,"Education, health and care plan",Total,9.6
202021,Academic year,National,E92000001,England,By Age 19,Special Educational Needs,No SEN provision,High tariff,13.7
202021,Academic year,National,E92000001,England,By Age 19,Special Educational Needs,No SEN provision,Total,49.0
202021,Academic year,National,E92000001,England,By Age 19,Special Educational Needs,SEN support / SEN without an EHC plan,High tariff,4.4
202021,Academic year,National,E92000001,England,By Age 19,Special Educational Needs,SEN support / SEN without an EHC plan,Total,24.7
200102,Academic year,National,E92000001,England,By Age 25,Total,Total,High tariff,8.9
200102,Academic year,National,E92000001,England,By Age 19,Total,Total,High tariff,8.4
200102,Academic year,National,E92000001,England,By Age 25,Total,Total,Total,38.9
200102,Academic year,National,E92000001,England,By Age 19,Total,Total,Total,30.9
200203,Academic year,National,E92000001,England,By Age 19,Total,Total,High tariff,8.5
200203,Academic year,National,E92000001,England,By Age 25,Total,Total,High tariff,9.1
200203,Academic year,National,E92000001,England,By Age 19,Total,Total,Total,31.5
200203,Academic year,National,E92000001,England,By Age 25,Total,Total,Total,39.5
200304,Academic year,National,E92000001,England,By Age 25,Total,Total,High tariff,9.3
200304,Academic year,National,E92000001,England,By Age 19,Total,Total,High tariff,8.7
200304,Academic year,National,E92000001,England,By Age 25,Total,Total,Total,39.9
200304,Academic year,National,E92000001,England,By Age 19,Total,Total,Total,31.5
200405,Academic year,National,E92000001,England,By Age 19,Total,Total,High tariff,8.9
200405,Academic year,National,E92000001,England,By Age 25,Total,Total,High tariff,9.5
200405,Academic year,National,E92000001,England,By Age 19,Total,Total,Total,32.6
200405,Academic year,National,E92000001,England,By Age 25,Total,Total,Total,40.9
200506,Academic year,National,E92000001,England,By Age 25,Total,Total,High tariff,10.0
200506,Academic year,National,E92000001,England,By Age 19,Total,Total,High tariff,9.4
200506,Academic year,National,E92000001,England,By Age 25,Total,Total,Total,42.1
200506,Academic year,National,E92000001,England,By Age 19,Total,Total,Total,33.9
200607,Academic year,National,E92000001,England,By Age 25,Total,Total,High tariff,10.1
200607,Academic year,National,E92000001,England,By Age 19,Total,Total,High tariff,9.5
200607,Academic year,National,E92000001,England,By Age 25,Total,Total,Total,43.3
200607,Academic year,National,E92000001,England,By Age 19,Total,Total,Total,35.2
200708,Academic year,National,E92000001,England,By Age 19,Total,Total,High tariff,9.9
200708,Academic year,National,E92000001,England,By Age 25,Total,Total,High tariff,10.5
200708,Academic year,National,E92000001,England,By Age 19,Total,Total,Total,36.0
200708,Academic year,National,E92000001,England,By Age 25,Total,Total,Total,44.0
200809,Academic year,National,E92000001,England,By Age 19,Total,Total,High tariff,9.8
200809,Academic year,National,E92000001,England,By Age 25,Total,Total,High tariff,10.4
200809,Academic year,National,E92000001,England,By Age 19,Total,Total,Total,36.6
200809,Academic year,National,E92000001,England,By Age 25,Total,Total,Total,45.0
200910,Academic year,National,E92000001,England,By Age 19,Total,Total,High tariff,10.2
200910,Academic year,National,E92000001,England,By Age 25,Total,Total,High tariff,10.9
200910,Academic year,National,E92000001,England,By Age 19,Total,Total,Total,36.9
200910,Academic year,National,E92000001,England,By Age 25,Total,Total,Total,45.9
201011,Academic year,National,E92000001,England,By Age 25,Total,Total,High tariff,11.6
201011,Academic year,National,E92000001,England,By Age 19,Total,Total,High tariff,11.0
201011,Academic year,National,E92000001,England,By Age 25,Total,Total,Total,47.8
201011,Academic year,National,E92000001,England,By Age 19,Total,Total,Total,39.0
201112,Academic year,National,E92000001,England,By Age 19,Total,Total,High tariff,11.5
201112,Academic year,National,E92000001,England,By Age 25,Total,Total,High tariff,12.1
201112,Academic year,National,E92000001,England,By Age 19,Total,Total,Total,40.8
201112,Academic year,National,E92000001,England,By Age 25,Total,Total,Total,49.5
201213,Academic year,National,E92000001,England,By Age 19,Total,Total,High tariff,11.6
201213,Academic year,National,E92000001,England,By Age 25,Total,Total,High tariff,12.2
201213,Academic year,National,E92000001,England,By Age 19,Total,Total,Total,41.3
201213,Academic year,National,E92000001,England,By Age 25,Total,Total,Total,50.0
201314,Academic year,National,E92000001,England,By Age 25,Total,Total,High tariff,12.5
201314,Academic year,National,E92000001,England,By Age 19,Total,Total,High tariff,11.9
201314,Academic year,National,E92000001,England,By Age 25,Total,Total,Total,50.9
201314,Academic year,National,E92000001,England,By Age 19,Total,Total,Total,42.3
201415,Academic year,National,E92000001,England,By Age 25,Total,Total,High tariff,12.7
201415,Academic year,National,E92000001,England,By Age 19,Total,Total,High tariff,12.1
201415,Academic year,National,E92000001,England,By Age 25,Total,Total,Total,51.3
201415,Academic year,National,E92000001,England,By Age 19,Total,Total,Total,42.6
201516,Academic year,National,E92000001,England,By Age 19,Total,Total,High tariff,12.2
201516,Academic year,National,E92000001,England,By Age 19,Total,Total,Total,43.2
201617,Academic year,National,E92000001,England,By Age 19,Total,Total,High tariff,12.5
201617,Academic year,National,E92000001,England,By Age 19,Total,Total,Total,44.5
201718,Academic year,National,E92000001,England,By Age 19,Total,Total,High tariff,13.7
201718,Academic year,National,E92000001,England,By Age 19,Total,Total,Total,46.9
201819,Academic year,National,E92000001,England,By Age 19,Total,Total,High tariff,14.0
201819,Academic year,National,E92000001,England,By Age 19,Total,Total,Total,47.0
201920,Academic year,National,E92000001,England,By Age 19,Total,Total,High tariff,13.2
201920,Academic year,National,E92000001,England,By Age 19,Total,Total,Total,46.0
202021,Academic year,National,E92000001,England,By Age 19,Total,Total,High tariff,12.1
202021,Academic year,National,E92000001,England,By Age 19,Total,Total,Total,44.7
