time_period,time_identifier,geographic_level,country_code,country_name,region_code,region_name,old_la_code,new_la_code,la_name,entry_age,characteristic_group,characteristic,tariff_group,entry_rate
201415,Academic year,Local authority,E92000001,England,E12000003,Yorkshire and The Humber,383,E08000035,Leeds,By Age 25,Free School Meals,All Other Pupils,High tariff,14.4
201415,Academic year,Local authority,E92000001,England,E12000007,London,319,E09000029,Sutton,By Age 25,Free School Meals,All Other Pupils,High tariff,33.0
201415,Academic year,Local authority,E92000001,England,E12000002,North West,896,E06000050,Cheshire West and Chester,By Age 25,Free School Meals,All Other Pupils,High tariff,15.0
201415,Academic year,Local authority,E92000001,England,E12000007,London,203,E09000011,Greenwich,By Age 25,Free School Meals,All Other Pupils,High tariff,13.3
201415,Academic year,Local authority,E92000001,England,E12000009,South West,835,E10000009,Dorset,By Age 25,Free School Meals,All Other Pupils,High tariff,12.9
201415,Academic year,Local authority,E92000001,England,E12000003,Yorkshire and The Humber,382,E08000034,Kirklees,By Age 25,Free School Meals,All Other Pupils,High tariff,11.0
201415,Academic year,Local authority,E92000001,England,E12000005,West Midlands,861,E06000021,Stoke-on-Trent,By Age 25,Free School Meals,All Other Pupils,High tariff,5.2
201415,Academic year,Local authority,E92000001,England,E12000009,South West,803,E06000025,South Gloucestershire,By Age 25,Free School Meals,All Other Pupils,High tariff,10.0
201415,Academic year,Local authority,E92000001,England,E12000001,North East,391,E08000021,Newcastle upon Tyne,By Age 25,Free School Meals,All Other Pupils,High tariff,15.7
201415,Academic year,Local authority,E92000001,England,E12000006,East of England,823,E06000056,Central Bedfordshire,By Age 25,Free School Meals,All Other Pupils,High tariff,9.4
201415,Academic year,Local authority,E92000001,England,E12000006,East of England,874,E06000031,Peterborough,By Age 25,Free School Meals,All Other Pupils,High tariff,9.8
201415,Academic year,Local authority,E92000001,England,E12000008,South East,870,E06000038,Reading,By Age 25,Free School Meals,All Other Pupils,High tariff,25.5
201415,Academic year,Local authority,E92000001,England,E12000003,Yorkshire and The Humber,812,E06000012,North East Lincolnshire,By Age 25,Free School Meals,All Other Pupils,High tariff,4.5
201415,Academic year,Local authority,E92000001,England,E12000002,North West,877,E06000007,Warrington,By Age 25,Free School Meals,All Other Pupils,High tariff,15.2
201415,Academic year,Local authority,E92000001,England,E12000009,South West,933,E10000027,Somerset,By Age 25,Free School Meals,All Other Pupils,High tariff,11.5
201415,Academic year,Local authority,E92000001,England,E12000006,East of England,935,E10000029,Suffolk,By Age 25,Free School Meals,All Other Pupils,High tariff,11.9
201415,Academic year,Local authority,E92000001,England,E12000009,South West,802,E06000024,North Somerset,By Age 25,Free School Meals,All Other Pupils,High tariff,12.2
201415,Academic year,Local authority,E92000001,England,E12000009,South West,836,E06000029,Poole,By Age 25,Free School Meals,All Other Pupils,High tariff,16.7
201415,Academic year,Local authority,E92000001,England,E12000005,West Midlands,331,E08000026,Coventry,By Age 25,Free School Meals,All Other Pupils,High tariff,8.4
201415,Academic year,Local authority,E92000001,England,E12000003,Yorkshire and The Humber,815,E10000023,North Yorkshire,By Age 25,Free School Meals,All Other Pupils,High tariff,18.0
201415,Academic year,Local authority,E92000001,England,E12000007,London,303,E09000004,Bexley,By Age 25,Free School Meals,All Other Pupils,High tariff,14.9
201415,Academic year,Local authority,E92000001,England,E12000009,South West,801,E06000023,Bristol,By Age 25,Free School Meals,All Other Pupils,High tariff,15.5
201415,Academic year,Local authority,E92000001,England,E12000007,London,207,E09000020,Kensington and Chelsea,By Age 25,Free School Meals,All Other Pupils,High tariff,26.1
201415,Academic year,Local authority,E92000001,England,E12000002,North West,890,E06000009,Blackpool,By Age 25,Free School Meals,All Other Pupils,High tariff,9.0
201415,Academic year,Local authority,E92000001,England,E12000008,South East,871,E06000039,Slough,By Age 25,Free School Meals,All Other Pupils,High tariff,22.7
201415,Academic year,Local authority,E92000001,England,E12000007,London,314,E09000021,Kingston upon Thames,By Age 25,Free School Meals,All Other Pupils,High tariff,33.0
201415,Academic year,Local authority,E92000001,England,E12000005,West Midlands,336,E08000031,Wolverhampton,By Age 25,Free School Meals,All Other Pupils,High tariff,10.2
201415,Academic year,Local authority,E92000001,England,E12000002,North West,355,E08000006,Salford,By Age 25,Free School Meals,All Other Pupils,High tariff,6.4
201415,Academic year,Local authority,E92000001,England,E12000003,Yorkshire and The Humber,810,E06000010,Kingston Upon Hull,By Age 25,Free School Meals,All Other Pupils,High tariff,5.6
201415,Academic year,Local authority,E92000001,England,E12000008,South East,826,E06000042,Milton Keynes,By Age 25,Free School Meals,All Other Pupils,High tariff,10.7
201415,Academic year,Local authority,E92000001,England,E12000004,East Midlands,831,E06000015,Derby,By Age 25,Free School Meals,All Other Pupils,High tariff,8.3
201415,Academic year,Local authority,E92000001,England,E12000004,East Midlands,891,E10000024,Nottinghamshire,By Age 25,Free School Meals,All Other Pupils,High tariff,11.6
201415,Academic year,Local authority,E92000001,England,E12000007,London,313,E09000018,Hounslow,By Age 25,Free School Meals,All Other Pupils,High tariff,19.3
201415,Academic year,Local authority,E92000001,England,E12000002,North West,888,E10000017,Lancashire,By Age 25,Free School Meals,All Other Pupils,High tariff,15.1
201415,Academic year,Local authority,E92000001,England,E12000007,London,205,E09000013,Hammersmith and Fulham,By Age 25,Free School Meals,All Other Pupils,High tariff,30.7
201415,Academic year,Local authority,E92000001,England,E12000007,London,210,E09000028,Southwark,By Age 25,Free School Meals,All Other Pupils,High tariff,16.1
201415,Academic year,Local authority,E92000001,England,E12000003,Yorkshire and The Humber,373,E08000019,Sheffield,By Age 25,Free School Meals,All Other Pupils,High tariff,14.1
201415,Academic year,Local authority,E92000001,England,E12000007,London,209,E09000023,Lewisham,By Age 25,Free School Meals,All Other Pupils,High tariff,13.4
201415,Academic year,Local authority,E92000001,England,E12000005,West Midlands,335,E08000030,Walsall,By Age 25,Free School Meals,All Other Pupils,High tariff,9.0
201415,Academic year,Local authority,E92000001,England,E12000003,Yorkshire and The Humber,381,E08000033,Calderdale,By Age 25,Free School Meals,All Other Pupils,High tariff,13.8
201415,Academic year,Local authority,E92000001,England,E12000004,East Midlands,928,E10000021,Northamptonshire,By Age 25,Free School Meals,All Other Pupils,High tariff,9.3
201415,Academic year,Local authority,E92000001,England,E12000006,East of England,822,E06000055,Bedford,By Age 25,Free School Meals,All Other Pupils,High tariff,10.9
201415,Academic year,Local authority,E92000001,England,E12000007,London,305,E09000006,Bromley,By Age 25,Free School Meals,All Other Pupils,High tariff,19.1
201415,Academic year,Local authority,E92000001,England,E12000001,North East,390,E08000037,Gateshead,By Age 25,Free School Meals,All Other Pupils,High tariff,13.4
201415,Academic year,Local authority,E92000001,England,E12000007,London,208,E09000022,Lambeth,By Age 25,Free School Meals,All Other Pupils,High tariff,13.9
201415,Academic year,Local authority,E92000001,England,E12000009,South West,908,E06000052,Cornwall,By Age 25,Free School Meals,All Other Pupils,High tariff,10.3
201415,Academic year,Local authority,E92000001,England,E12000007,London,213,E09000033,Westminster,By Age 25,Free School Meals,All Other Pupils,High tariff,23.7
201415,Academic year,Local authority,E92000001,England,E12000006,East of England,883,E06000034,Thurrock,By Age 25,Free School Meals,All Other Pupils,High tariff,6.5
201415,Academic year,Local authority,E92000001,England,E12000002,North West,876,E06000006,Halton,By Age 25,Free School Meals,All Other Pupils,High tariff,9.5
201415,Academic year,Local authority,E92000001,England,E12000003,Yorkshire and The Humber,816,E06000014,York,By Age 25,Free School Meals,All Other Pupils,High tariff,18.9
201415,Academic year,Local authority,E92000001,England,E12000007,London,311,E09000016,Havering,By Age 25,Free School Meals,All Other Pupils,High tariff,9.6
201415,Academic year,Local authority,E92000001,England,E12000003,Yorkshire and The Humber,811,E06000011,East Riding of Yorkshire,By Age 25,Free School Meals,All Other Pupils,High tariff,11.4
201415,Academic year,Local authority,E92000001,England,E12000007,London,320,E09000031,Waltham Forest,By Age 25,Free School Meals,All Other Pupils,High tariff,15.4
201415,Academic year,Local authority,E92000001,England,E12000007,London,308,E09000010,Enfield,By Age 25,Free School Meals,All Other Pupils,High tariff,19.5
201415,Academic year,Local authority,E92000001,England,E12000005,West Midlands,334,E08000029,Solihull,By Age 25,Free School Meals,All Other Pupils,High tariff,12.7
201415,Academic year,Local authority,E92000001,England,E12000008,South East,867,E06000036,Bracknell Forest,By Age 25,Free School Meals,All Other Pupils,High tariff,14.0
201415,Academic year,Local authority,E92000001,England,E12000003,Yorkshire and The Humber,370,E08000016,Barnsley,By Age 25,Free School Meals,All Other Pupils,High tariff,7.6
201415,Academic year,Local authority,E92000001,England,E12000009,South West,865,E06000054,Wiltshire,By Age 25,Free School Meals,All Other Pupils,High tariff,15.4
201415,Academic year,Local authority,E92000001,England,E12000007,London,301,E09000002,Barking and Dagenham,By Age 25,Free School Meals,All Other Pupils,High tariff,12.3
201415,Academic year,Local authority,E92000001,England,E12000007,London,212,E09000032,Wandsworth,By Age 25,Free School Meals,All Other Pupils,High tariff,22.4
201415,Academic year,Local authority,E92000001,England,E12000007,London,304,E09000005,Brent,By Age 25,Free School Meals,All Other Pupils,High tariff,20.2
201415,Academic year,Local authority,E92000001,England,E12000002,North West,344,E08000015,Wirral,By Age 25,Free School Meals,All Other Pupils,High tariff,17.7
201415,Academic year,Local authority,E92000001,England,E12000007,London,204,E09000012,Hackney,By Age 25,Free School Meals,All Other Pupils,High tariff,17.7
201415,Academic year,Local authority,E92000001,England,E12000009,South West,866,E06000030,Swindon,By Age 25,Free School Meals,All Other Pupils,High tariff,8.2
201415,Academic year,Local authority,E92000001,England,E12000002,North West,340,E08000011,Knowsley,By Age 25,Free School Meals,All Other Pupils,High tariff,6.6
201415,Academic year,Local authority,E92000001,England,E12000008,South East,886,E10000016,Kent,By Age 25,Free School Meals,All Other Pupils,High tariff,14.9
201415,Academic year,Local authority,E92000001,England,E12000009,South West,878,E10000008,Devon,By Age 25,Free School Meals,All Other Pupils,High tariff,12.8
201415,Academic year,Local authority,E92000001,England,E12000006,East of England,821,E06000032,Luton,By Age 25,Free School Meals,All Other Pupils,High tariff,8.7
201415,Academic year,Local authority,E92000001,England,E12000009,South West,879,E06000026,Plymouth,By Age 25,Free School Meals,All Other Pupils,High tariff,9.4
201415,Academic year,Local authority,E92000001,England,E12000007,London,202,E09000007,Camden,By Age 25,Free School Meals,All Other Pupils,High tariff,22.4
201415,Academic year,Local authority,E92000001,England,E12000003,Yorkshire and The Humber,813,E06000013,North Lincolnshire,By Age 25,Free School Meals,All Other Pupils,High tariff,6.8
201415,Academic year,Local authority,E92000001,England,E12000008,South East,851,E06000044,Portsmouth,By Age 25,Free School Meals,All Other Pupils,High tariff,5.6
201415,Academic year,Local authority,E92000001,England,E12000008,South East,921,E06000046,Isle of Wight,By Age 25,Free School Meals,All Other Pupils,High tariff,7.3
201415,Academic year,Local authority,E92000001,England,E12000009,South West,916,E10000013,Gloucestershire,By Age 25,Free School Meals,All Other Pupils,High tariff,16.2
201415,Academic year,Local authority,E92000001,England,E12000002,North West,342,E08000013,St. Helens,By Age 25,Free School Meals,All Other Pupils,High tariff,11.0
201415,Academic year,Local authority,E92000001,England,E12000006,East of England,873,E10000003,Cambridgeshire,By Age 25,Free School Meals,All Other Pupils,High tariff,17.0
201415,Academic year,Local authority,E92000001,England,E12000008,South East,846,E06000043,Brighton and Hove,By Age 25,Free School Meals,All Other Pupils,High tariff,19.8
201415,Academic year,Local authority,E92000001,England,E12000002,North West,351,E08000002,Bury,By Age 25,Free School Meals,All Other Pupils,High tariff,10.6
201415,Academic year,Local authority,E92000001,England,E12000002,North West,354,E08000005,Rochdale,By Age 25,Free School Meals,All Other Pupils,High tariff,9.7
201415,Academic year,Local authority,E92000001,England,E12000008,South East,852,E06000045,Southampton,By Age 25,Free School Meals,All Other Pupils,High tariff,10.0
201415,Academic year,Local authority,E92000001,England,E12000008,South East,938,E10000032,West Sussex,By Age 25,Free School Meals,All Other Pupils,High tariff,13.8
201415,Academic year,Local authority,E92000001,England,E12000005,West Midlands,893,E06000051,Shropshire,By Age 25,Free School Meals,All Other Pupils,High tariff,10.9
201415,Academic year,Local authority,E92000001,England,E12000001,North East,392,E08000022,North Tyneside,By Age 25,Free School Meals,All Other Pupils,High tariff,13.1
201415,Academic year,Local authority,E92000001,England,E12000002,North West,353,E08000004,Oldham,By Age 25,Free School Meals,All Other Pupils,High tariff,11.2
201415,Academic year,Local authority,E92000001,England,E12000003,Yorkshire and The Humber,384,E08000036,Wakefield,By Age 25,Free School Meals,All Other Pupils,High tariff,11.1
201415,Academic year,Local authority,E92000001,England,E12000002,North West,341,E08000012,Liverpool,By Age 25,Free School Meals,All Other Pupils,High tariff,16.0
201415,Academic year,Local authority,E92000001,England,E12000007,London,317,E09000026,Redbridge,By Age 25,Free School Meals,All Other Pupils,High tariff,24.5
201415,Academic year,Local authority,E92000001,England,E12000003,Yorkshire and The Humber,380,E08000032,Bradford,By Age 25,Free School Meals,All Other Pupils,High tariff,9.3
201415,Academic year,Local authority,E92000001,England,E12000002,North West,909,E10000006,Cumbria,By Age 25,Free School Meals,All Other Pupils,High tariff,11.8
201415,Academic year,Local authority,E92000001,England,E12000005,West Midlands,937,E10000031,Warwickshire,By Age 25,Free School Meals,All Other Pupils,High tariff,14.4
201415,Academic year,Local authority,E92000001,England,E12000001,North East,393,E08000023,South Tyneside,By Age 25,Free School Meals,All Other Pupils,High tariff,11.0
201415,Academic year,Local authority,E92000001,England,E12000001,North East,806,E06000002,Middlesbrough,By Age 25,Free School Meals,All Other Pupils,High tariff,10.8
201415,Academic year,Local authority,E92000001,England,E12000008,South East,872,E06000041,Wokingham,By Age 25,Free School Meals,All Other Pupils,High tariff,18.9
201415,Academic year,Local authority,E92000001,England,E12000002,North West,357,E08000008,Tameside,By Age 25,Free School Meals,All Other Pupils,High tariff,10.7
201415,Academic year,Local authority,E92000001,England,E12000001,North East,394,E08000024,Sunderland,By Age 25,Free School Meals,All Other Pupils,High tariff,8.2
201415,Academic year,Local authority,E92000001,England,E12000002,North West,358,E08000009,Trafford,By Age 25,Free School Meals,All Other Pupils,High tariff,30.3
201415,Academic year,Local authority,E92000001,England,E12000002,North West,356,E08000007,Stockport,By Age 25,Free School Meals,All Other Pupils,High tariff,15.2
201415,Academic year,Local authority,E92000001,England,E12000002,North West,352,E08000003,Manchester,By Age 25,Free School Meals,All Other Pupils,High tariff,12.5
201415,Academic year,Local authority,E92000001,England,E12000007,London,312,E09000017,Hillingdon,By Age 25,Free School Meals,All Other Pupils,High tariff,14.2
201415,Academic year,Local authority,E92000001,England,E12000002,North West,343,E08000014,Sefton,By Age 25,Free School Meals,All Other Pupils,High tariff,13.0
201415,Academic year,Local authority,E92000001,England,E12000008,South East,825,E10000002,Buckinghamshire,By Age 25,Free School Meals,All Other Pupils,High tariff,28.4
201415,Academic year,Local authority,E92000001,England,E12000006,East of England,882,E06000033,Southend-on-Sea,By Age 25,Free School Meals,All Other Pupils,High tariff,20.4
201415,Academic year,Local authority,E92000001,England,E12000007,London,309,E09000014,Haringey,By Age 25,Free School Meals,All Other Pupils,High tariff,22.1
201415,Academic year,Local authority,E92000001,England,E12000004,East Midlands,855,E10000018,Leicestershire,By Age 25,Free School Meals,All Other Pupils,High tariff,11.1
201415,Academic year,Local authority,E92000001,England,E12000008,South East,887,E06000035,Medway,By Age 25,Free School Meals,All Other Pupils,High tariff,11.0
201415,Academic year,Local authority,E92000001,England,E12000007,London,310,E09000015,Harrow,By Age 25,Free School Meals,All Other Pupils,High tariff,22.5
201415,Academic year,Local authority,E92000001,England,E12000002,North West,350,E08000001,Bolton,By Age 25,Free School Meals,All Other Pupils,High tariff,11.6
201415,Academic year,Local authority,E92000001,England,E12000009,South West,837,E06000028,Bournemouth,By Age 25,Free School Meals,All Other Pupils,High tariff,16.2
201415,Academic year,Local authority,E92000001,England,E12000005,West Midlands,332,E08000027,Dudley,By Age 25,Free School Meals,All Other Pupils,High tariff,7.3
201415,Academic year,Local authority,E92000001,England,E12000005,West Midlands,860,E10000028,Staffordshire,By Age 25,Free School Meals,All Other Pupils,High tariff,8.9
201415,Academic year,Local authority,E92000001,England,E12000004,East Midlands,830,E10000007,Derbyshire,By Age 25,Free School Meals,All Other Pupils,High tariff,11.2
201415,Academic year,Local authority,E92000001,England,E12000007,London,306,E09000008,Croydon,By Age 25,Free School Meals,All Other Pupils,High tariff,14.3
201415,Academic year,Local authority,E92000001,England,E12000007,London,316,E09000025,Newham,By Age 25,Free School Meals,All Other Pupils,High tariff,16.1
201415,Academic year,Local authority,E92000001,England,E12000007,London,318,E09000027,Richmond upon Thames,By Age 25,Free School Meals,All Other Pupils,High tariff,26.6
201415,Academic year,Local authority,E92000001,England,E12000002,North West,359,E08000010,Wigan,By Age 25,Free School Meals,All Other Pupils,High tariff,10.2
201415,Academic year,Local authority,E92000001,England,E12000008,South East,869,E06000037,West Berkshire,By Age 25,Free School Meals,All Other Pupils,High tariff,14.4
201415,Academic year,Local authority,E92000001,England,E12000001,North East,805,E06000001,Hartlepool,By Age 25,Free School Meals,All Other Pupils,High tariff,9.6
201415,Academic year,Local authority,E92000001,England,E12000007,London,302,E09000003,Barnet,By Age 25,Free School Meals,All Other Pupils,High tariff,32.3
201415,Academic year,Local authority,E92000001,England,E12000005,West Midlands,330,E08000025,Birmingham,By Age 25,Free School Meals,All Other Pupils,High tariff,13.4
201415,Academic year,Local authority,E92000001,England,E12000004,East Midlands,857,E06000017,Rutland,By Age 25,Free School Meals,All Other Pupils,High tariff,16.5
201415,Academic year,Local authority,E92000001,England,E12000009,South West,420,E06000053,Isles of Scilly,By Age 25,Free School Meals,All Other Pupils,High tariff,5.9
201415,Academic year,Local authority,E92000001,England,E12000005,West Midlands,333,E08000028,Sandwell,By Age 25,Free School Meals,All Other Pupils,High tariff,4.7
201415,Academic year,Local authority,E92000001,England,E12000001,North East,840,E06000047,Durham,By Age 25,Free School Meals,All Other Pupils,High tariff,11.0
201415,Academic year,Local authority,E92000001,England,E12000007,London,307,E09000009,Ealing,By Age 25,Free School Meals,All Other Pupils,High tariff,19.6
201415,Academic year,Local authority,E92000001,England,E12000005,West Midlands,884,E06000019,Herefordshire,By Age 25,Free School Meals,All Other Pupils,High tariff,13.2
201415,Academic year,Local authority,E92000001,England,E12000001,North East,807,E06000003,Redcar and Cleveland,By Age 25,Free School Meals,All Other Pupils,High tariff,8.5
201415,Academic year,Local authority,E92000001,England,E12000008,South East,850,E10000014,Hampshire,By Age 25,Free School Meals,All Other Pupils,High tariff,13.4
201415,Academic year,Local authority,E92000001,England,E12000005,West Midlands,885,E10000034,Worcestershire,By Age 25,Free School Meals,All Other Pupils,High tariff,11.0
201415,Academic year,Local authority,E92000001,England,E12000002,North West,895,E06000049,Cheshire East,By Age 25,Free School Meals,All Other Pupils,High tariff,17.0
201415,Academic year,Local authority,E92000001,England,E12000008,South East,931,E10000025,Oxfordshire,By Age 25,Free School Meals,All Other Pupils,High tariff,15.9
201415,Academic year,Local authority,E92000001,England,E12000004,East Midlands,892,E06000018,Nottingham,By Age 25,Free School Meals,All Other Pupils,High tariff,8.2
201415,Academic year,Local authority,E92000001,England,E12000009,South West,880,E06000027,Torbay,By Age 25,Free School Meals,All Other Pupils,High tariff,14.8
201415,Academic year,Local authority,E92000001,England,E12000009,South West,800,E06000022,Bath and North East Somerset,By Age 25,Free School Meals,All Other Pupils,High tariff,14.6
201415,Academic year,Local authority,E92000001,England,E12000008,South East,936,E10000030,Surrey,By Age 25,Free School Meals,All Other Pupils,High tariff,18.4
201415,Academic year,Local authority,E92000001,England,E12000004,East Midlands,856,E06000016,Leicester,By Age 25,Free School Meals,All Other Pupils,High tariff,8.1
201415,Academic year,Local authority,E92000001,England,E12000007,London,206,E09000019,Islington,By Age 25,Free School Meals,All Other Pupils,High tariff,16.8
201415,Academic year,Local authority,E92000001,England,E12000007,London,211,E09000030,Tower Hamlets,By Age 25,Free School Meals,All Other Pupils,High tariff,20.5
201415,Academic year,Local authority,E92000001,England,E12000001,North East,808,E06000004,Stockton-on-Tees,By Age 25,Free School Meals,All Other Pupils,High tariff,11.3
201415,Academic year,Local authority,E92000001,England,E12000006,East of England,919,E10000015,Hertfordshire,By Age 25,Free School Meals,All Other Pupils,High tariff,20.5
201415,Academic year,Local authority,E92000001,England,E12000007,London,315,E09000024,Merton,By Age 25,Free School Meals,All Other Pupils,High tariff,17.4
201415,Academic year,Local authority,E92000001,England,E12000002,North West,889,E06000008,Blackburn with Darwen,By Age 25,Free School Meals,All Other Pupils,High tariff,10.4
201415,Academic year,Local authority,E92000001,England,E12000008,South East,845,E10000011,East Sussex,By Age 25,Free School Meals,All Other Pupils,High tariff,11.8
201415,Academic year,Local authority,E92000001,England,E12000001,North East,841,E06000005,Darlington,By Age 25,Free School Meals,All Other Pupils,High tariff,10.1
201415,Academic year,Local authority,E92000001,England,E12000004,East Midlands,925,E10000019,Lincolnshire,By Age 25,Free School Meals,All Other Pupils,High tariff,13.4
201415,Academic year,Local authority,E92000001,England,E12000008,South East,868,E06000040,Windsor and Maidenhead,By Age 25,Free School Meals,All Other Pupils,High tariff,16.9
201415,Academic year,Local authority,E92000001,England,E12000003,Yorkshire and The Humber,371,E08000017,Doncaster,By Age 25,Free School Meals,All Other Pupils,High tariff,7.2
201415,Academic year,Local authority,E92000001,England,E12000001,North East,929,E06000057,Northumberland,By Age 25,Free School Meals,All Other Pupils,High tariff,13.7
201415,Academic year,Local authority,E92000001,England,E12000005,West Midlands,894,E06000020,Telford and Wrekin,By Age 25,Free School Meals,All Other Pupils,High tariff,12.1
201415,Academic year,Local authority,E92000001,England,E12000006,East of England,881,E10000012,Essex,By Age 25,Free School Meals,All Other Pupils,High tariff,12.3
201415,Academic year,Local authority,E92000001,England,E12000006,East of England,926,E10000020,Norfolk,By Age 25,Free School Meals,All Other Pupils,High tariff,13.1
201415,Academic year,Local authority,E92000001,England,E12000003,Yorkshire and The Humber,372,E08000018,Rotherham,By Age 25,Free School Meals,All Other Pupils,High tariff,8.1
201415,Academic year,National,E92000001,England,,,,,,By Age 25,Free School Meals,All Other Pupils,High tariff,13.9
201415,Academic year,National,E92000001,England,,,,,,By Age 25,Free School Meals,All Other Pupils,Total,53.9
201415,Academic year,Regional,E92000001,England,E12000001,North East,,,,By Age 25,Free School Meals,All Other Pupils,Total,53.1
201415,Academic year,Regional,E92000001,England,E12000008,South East,,,,By Age 25,Free School Meals,All Other Pupils,Total,52.5
201415,Academic year,Regional,E92000001,England,E12000006,East of England,,,,By Age 25,Free School Meals,All Other Pupils,Total,51.0
201415,Academic year,Regional,E92000001,England,E12000003,Yorkshire and The Humber,,,,By Age 25,Free School Meals,All Other Pupils,Total,51.4
201415,Academic year,Regional,E92000001,England,E12000009,South West,,,,By Age 25,Free School Meals,All Other Pupils,Total,49.8
201415,Academic year,Regional,E92000001,England,E12000004,East Midlands,,,,By Age 25,Free School Meals,All Other Pupils,Total,50.1
201415,Academic year,Regional,E92000001,England,E12000002,North West,,,,By Age 25,Free School Meals,All Other Pupils,Total,54.5
201415,Academic year,Regional,E92000001,England,E12000005,West Midlands,,,,By Age 25,Free School Meals,All Other Pupils,Total,53.7
201415,Academic year,Regional,E92000001,England,E12000007,London,,,,By Age 25,Free School Meals,All Other Pupils,Total,66.1
201415,Academic year,Regional,E92000001,England,E12000001,North East,,,,By Age 25,Free School Meals,All Other Pupils,High tariff,11.6
201415,Academic year,Regional,E92000001,England,E12000008,South East,,,,By Age 25,Free School Meals,All Other Pupils,High tariff,15.6
201415,Academic year,Regional,E92000001,England,E12000006,East of England,,,,By Age 25,Free School Meals,All Other Pupils,High tariff,14.2
201415,Academic year,Regional,E92000001,England,E12000003,Yorkshire and The Humber,,,,By Age 25,Free School Meals,All Other Pupils,High tariff,11.8
201415,Academic year,Regional,E92000001,England,E12000009,South West,,,,By Age 25,Free School Meals,All Other Pupils,High tariff,13.1
201415,Academic year,Regional,E92000001,England,E12000004,East Midlands,,,,By Age 25,Free School Meals,All Other Pupils,High tariff,10.9
201415,Academic year,Regional,E92000001,England,E12000002,North West,,,,By Age 25,Free School Meals,All Other Pupils,High tariff,13.8
201415,Academic year,Regional,E92000001,England,E12000005,West Midlands,,,,By Age 25,Free School Meals,All Other Pupils,High tariff,10.6
201415,Academic year,Regional,E92000001,England,E12000007,London,,,,By Age 25,Free School Meals,All Other Pupils,High tariff,19.6
201415,Academic year,Local authority,E92000001,England,E12000003,Yorkshire and The Humber,383,E08000035,Leeds,By Age 25,Free School Meals,All Other Pupils,Total,51.6
201415,Academic year,Local authority,E92000001,England,E12000007,London,319,E09000029,Sutton,By Age 25,Free School Meals,All Other Pupils,Total,69.7
201415,Academic year,Local authority,E92000001,England,E12000002,North West,896,E06000050,Cheshire West and Chester,By Age 25,Free School Meals,All Other Pupils,Total,54.3
201415,Academic year,Local authority,E92000001,England,E12000005,West Midlands,861,E06000021,Stoke-on-Trent,By Age 25,Free School Meals,All Other Pupils,Total,47.3
201415,Academic year,Local authority,E92000001,England,E12000003,Yorkshire and The Humber,382,E08000034,Kirklees,By Age 25,Free School Meals,All Other Pupils,Total,56.6
201415,Academic year,Local authority,E92000001,England,E12000007,London,203,E09000011,Greenwich,By Age 25,Free School Meals,All Other Pupils,Total,60.8
201415,Academic year,Local authority,E92000001,England,E12000009,South West,835,E10000009,Dorset,By Age 25,Free School Meals,All Other Pupils,Total,50.3
201415,Academic year,Local authority,E92000001,England,E12000001,North East,391,E08000021,Newcastle upon Tyne,By Age 25,Free School Meals,All Other Pupils,Total,55.7
201415,Academic year,Local authority,E92000001,England,E12000006,East of England,823,E06000056,Central Bedfordshire,By Age 25,Free School Meals,All Other Pupils,Total,50.3
201415,Academic year,Local authority,E92000001,England,E12000009,South West,803,E06000025,South Gloucestershire,By Age 25,Free School Meals,All Other Pupils,Total,45.2
201415,Academic year,Local authority,E92000001,England,E12000008,South East,870,E06000038,Reading,By Age 25,Free School Meals,All Other Pupils,Total,58.4
201415,Academic year,Local authority,E92000001,England,E12000006,East of England,874,E06000031,Peterborough,By Age 25,Free School Meals,All Other Pupils,Total,48.1
201415,Academic year,Local authority,E92000001,England,E12000003,Yorkshire and The Humber,812,E06000012,North East Lincolnshire,By Age 25,Free School Meals,All Other Pupils,Total,44.0
201415,Academic year,Local authority,E92000001,England,E12000002,North West,877,E06000007,Warrington,By Age 25,Free School Meals,All Other Pupils,Total,54.7
201415,Academic year,Local authority,E92000001,England,E12000009,South West,933,E10000027,Somerset,By Age 25,Free School Meals,All Other Pupils,Total,47.2
201415,Academic year,Local authority,E92000001,England,E12000006,East of England,935,E10000029,Suffolk,By Age 25,Free School Meals,All Other Pupils,Total,48.3
201415,Academic year,Local authority,E92000001,England,E12000009,South West,802,E06000024,North Somerset,By Age 25,Free School Meals,All Other Pupils,Total,54.1
201415,Academic year,Local authority,E92000001,England,E12000009,South West,836,E06000029,Poole,By Age 25,Free School Meals,All Other Pupils,Total,53.9
201415,Academic year,Local authority,E92000001,England,E12000005,West Midlands,331,E08000026,Coventry,By Age 25,Free School Meals,All Other Pupils,Total,54.6
201415,Academic year,Local authority,E92000001,England,E12000007,London,303,E09000004,Bexley,By Age 25,Free School Meals,All Other Pupils,Total,57.9
201415,Academic year,Local authority,E92000001,England,E12000003,Yorkshire and The Humber,815,E10000023,North Yorkshire,By Age 25,Free School Meals,All Other Pupils,Total,55.3
201415,Academic year,Local authority,E92000001,England,E12000007,London,207,E09000020,Kensington and Chelsea,By Age 25,Free School Meals,All Other Pupils,Total,73.1
201415,Academic year,Local authority,E92000001,England,E12000002,North West,890,E06000009,Blackpool,By Age 25,Free School Meals,All Other Pupils,Total,51.2
201415,Academic year,Local authority,E92000001,England,E12000009,South West,801,E06000023,Bristol,By Age 25,Free School Meals,All Other Pupils,Total,50.3
201415,Academic year,Local authority,E92000001,England,E12000008,South East,871,E06000039,Slough,By Age 25,Free School Meals,All Other Pupils,Total,70.9
201415,Academic year,Local authority,E92000001,England,E12000002,North West,355,E08000006,Salford,By Age 25,Free School Meals,All Other Pupils,Total,45.3
201415,Academic year,Local authority,E92000001,England,E12000005,West Midlands,336,E08000031,Wolverhampton,By Age 25,Free School Meals,All Other Pupils,Total,57.7
201415,Academic year,Local authority,E92000001,England,E12000007,London,314,E09000021,Kingston upon Thames,By Age 25,Free School Meals,All Other Pupils,Total,69.8
201415,Academic year,Local authority,E92000001,England,E12000003,Yorkshire and The Humber,810,E06000010,Kingston Upon Hull,By Age 25,Free School Meals,All Other Pupils,Total,44.7
201415,Academic year,Local authority,E92000001,England,E12000008,South East,826,E06000042,Milton Keynes,By Age 25,Free School Meals,All Other Pupils,Total,54.1
201415,Academic year,Local authority,E92000001,England,E12000004,East Midlands,891,E10000024,Nottinghamshire,By Age 25,Free School Meals,All Other Pupils,Total,48.5
201415,Academic year,Local authority,E92000001,England,E12000004,East Midlands,831,E06000015,Derby,By Age 25,Free School Meals,All Other Pupils,Total,49.7
201415,Academic year,Local authority,E92000001,England,E12000007,London,313,E09000018,Hounslow,By Age 25,Free School Meals,All Other Pupils,Total,67.1
201415,Academic year,Local authority,E92000001,England,E12000002,North West,888,E10000017,Lancashire,By Age 25,Free School Meals,All Other Pupils,Total,55.4
201415,Academic year,Local authority,E92000001,England,E12000007,London,205,E09000013,Hammersmith and Fulham,By Age 25,Free School Meals,All Other Pupils,Total,72.8
201415,Academic year,Local authority,E92000001,England,E12000003,Yorkshire and The Humber,381,E08000033,Calderdale,By Age 25,Free School Meals,All Other Pupils,Total,58.0
201415,Academic year,Local authority,E92000001,England,E12000007,London,209,E09000023,Lewisham,By Age 25,Free School Meals,All Other Pupils,Total,64.0
201415,Academic year,Local authority,E92000001,England,E12000007,London,210,E09000028,Southwark,By Age 25,Free School Meals,All Other Pupils,Total,68.5
201415,Academic year,Local authority,E92000001,England,E12000003,Yorkshire and The Humber,373,E08000019,Sheffield,By Age 25,Free School Meals,All Other Pupils,Total,52.8
201415,Academic year,Local authority,E92000001,England,E12000005,West Midlands,335,E08000030,Walsall,By Age 25,Free School Meals,All Other Pupils,Total,51.8
201415,Academic year,Local authority,E92000001,England,E12000004,East Midlands,928,E10000021,Northamptonshire,By Age 25,Free School Meals,All Other Pupils,Total,48.0
201415,Academic year,Local authority,E92000001,England,E12000006,East of England,822,E06000055,Bedford,By Age 25,Free School Meals,All Other Pupils,Total,52.1
201415,Academic year,Local authority,E92000001,England,E12000001,North East,390,E08000037,Gateshead,By Age 25,Free School Meals,All Other Pupils,Total,53.4
201415,Academic year,Local authority,E92000001,England,E12000007,London,305,E09000006,Bromley,By Age 25,Free School Meals,All Other Pupils,Total,57.2
201415,Academic year,Local authority,E92000001,England,E12000007,London,208,E09000022,Lambeth,By Age 25,Free School Meals,All Other Pupils,Total,67.0
201415,Academic year,Local authority,E92000001,England,E12000009,South West,908,E06000052,Cornwall,By Age 25,Free School Meals,All Other Pupils,Total,48.0
201415,Academic year,Local authority,E92000001,England,E12000002,North West,876,E06000006,Halton,By Age 25,Free School Meals,All Other Pupils,Total,51.6
201415,Academic year,Local authority,E92000001,England,E12000007,London,213,E09000033,Westminster,By Age 25,Free School Meals,All Other Pupils,Total,75.0
201415,Academic year,Local authority,E92000001,England,E12000006,East of England,883,E06000034,Thurrock,By Age 25,Free School Meals,All Other Pupils,Total,40.8
201415,Academic year,Local authority,E92000001,England,E12000007,London,311,E09000016,Havering,By Age 25,Free School Meals,All Other Pupils,Total,46.1
201415,Academic year,Local authority,E92000001,England,E12000003,Yorkshire and The Humber,811,E06000011,East Riding of Yorkshire,By Age 25,Free School Meals,All Other Pupils,Total,54.5
201415,Academic year,Local authority,E92000001,England,E12000003,Yorkshire and The Humber,816,E06000014,York,By Age 25,Free School Meals,All Other Pupils,Total,55.4
201415,Academic year,Local authority,E92000001,England,E12000007,London,308,E09000010,Enfield,By Age 25,Free School Meals,All Other Pupils,Total,65.9
201415,Academic year,Local authority,E92000001,England,E12000007,London,320,E09000031,Waltham Forest,By Age 25,Free School Meals,All Other Pupils,Total,64.7
201415,Academic year,Local authority,E92000001,England,E12000003,Yorkshire and The Humber,370,E08000016,Barnsley,By Age 25,Free School Meals,All Other Pupils,Total,42.6
201415,Academic year,Local authority,E92000001,England,E12000005,West Midlands,334,E08000029,Solihull,By Age 25,Free School Meals,All Other Pupils,Total,56.4
201415,Academic year,Local authority,E92000001,England,E12000008,South East,867,E06000036,Bracknell Forest,By Age 25,Free School Meals,All Other Pupils,Total,51.3
201415,Academic year,Local authority,E92000001,England,E12000007,London,304,E09000005,Brent,By Age 25,Free School Meals,All Other Pupils,Total,71.5
201415,Academic year,Local authority,E92000001,England,E12000009,South West,865,E06000054,Wiltshire,By Age 25,Free School Meals,All Other Pupils,Total,52.6
201415,Academic year,Local authority,E92000001,England,E12000007,London,212,E09000032,Wandsworth,By Age 25,Free School Meals,All Other Pupils,Total,67.3
201415,Academic year,Local authority,E92000001,England,E12000002,North West,344,E08000015,Wirral,By Age 25,Free School Meals,All Other Pupils,Total,59.3
201415,Academic year,Local authority,E92000001,England,E12000007,London,301,E09000002,Barking and Dagenham,By Age 25,Free School Meals,All Other Pupils,Total,59.0
201415,Academic year,Local authority,E92000001,England,E12000007,London,204,E09000012,Hackney,By Age 25,Free School Meals,All Other Pupils,Total,65.9
201415,Academic year,Local authority,E92000001,England,E12000002,North West,340,E08000011,Knowsley,By Age 25,Free School Meals,All Other Pupils,Total,37.7
201415,Academic year,Local authority,E92000001,England,E12000009,South West,866,E06000030,Swindon,By Age 25,Free School Meals,All Other Pupils,Total,43.8
201415,Academic year,Local authority,E92000001,England,E12000008,South East,886,E10000016,Kent,By Age 25,Free School Meals,All Other Pupils,Total,51.1
201415,Academic year,Local authority,E92000001,England,E12000009,South West,879,E06000026,Plymouth,By Age 25,Free School Meals,All Other Pupils,Total,49.5
201415,Academic year,Local authority,E92000001,England,E12000006,East of England,821,E06000032,Luton,By Age 25,Free School Meals,All Other Pupils,Total,58.5
201415,Academic year,Local authority,E92000001,England,E12000009,South West,878,E10000008,Devon,By Age 25,Free School Meals,All Other Pupils,Total,48.3
201415,Academic year,Local authority,E92000001,England,E12000007,London,202,E09000007,Camden,By Age 25,Free School Meals,All Other Pupils,Total,67.7
201415,Academic year,Local authority,E92000001,England,E12000003,Yorkshire and The Humber,813,E06000013,North Lincolnshire,By Age 25,Free School Meals,All Other Pupils,Total,44.7
201415,Academic year,Local authority,E92000001,England,E12000008,South East,851,E06000044,Portsmouth,By Age 25,Free School Meals,All Other Pupils,Total,41.7
201415,Academic year,Local authority,E92000001,England,E12000008,South East,921,E06000046,Isle of Wight,By Age 25,Free School Meals,All Other Pupils,Total,44.2
201415,Academic year,Local authority,E92000001,England,E12000002,North West,342,E08000013,St. Helens,By Age 25,Free School Meals,All Other Pupils,Total,52.1
201415,Academic year,Local authority,E92000001,England,E12000009,South West,916,E10000013,Gloucestershire,By Age 25,Free School Meals,All Other Pupils,Total,52.6
201415,Academic year,Local authority,E92000001,England,E12000006,East of England,873,E10000003,Cambridgeshire,By Age 25,Free School Meals,All Other Pupils,Total,52.9
201415,Academic year,Local authority,E92000001,England,E12000008,South East,846,E06000043,Brighton and Hove,By Age 25,Free School Meals,All Other Pupils,Total,54.9
201415,Academic year,Local authority,E92000001,England,E12000002,North West,354,E08000005,Rochdale,By Age 25,Free School Meals,All Other Pupils,Total,51.5
201415,Academic year,Local authority,E92000001,England,E12000002,North West,351,E08000002,Bury,By Age 25,Free School Meals,All Other Pupils,Total,55.2
201415,Academic year,Local authority,E92000001,England,E12000008,South East,938,E10000032,West Sussex,By Age 25,Free School Meals,All Other Pupils,Total,50.6
201415,Academic year,Local authority,E92000001,England,E12000008,South East,852,E06000045,Southampton,By Age 25,Free School Meals,All Other Pupils,Total,44.5
201415,Academic year,Local authority,E92000001,England,E12000005,West Midlands,893,E06000051,Shropshire,By Age 25,Free School Meals,All Other Pupils,Total,49.6
201415,Academic year,Local authority,E92000001,England,E12000001,North East,392,E08000022,North Tyneside,By Age 25,Free School Meals,All Other Pupils,Total,57.3
201415,Academic year,Local authority,E92000001,England,E12000003,Yorkshire and The Humber,380,E08000032,Bradford,By Age 25,Free School Meals,All Other Pupils,Total,54.3
201415,Academic year,Local authority,E92000001,England,E12000002,North West,353,E08000004,Oldham,By Age 25,Free School Meals,All Other Pupils,Total,55.2
201415,Academic year,Local authority,E92000001,England,E12000007,London,317,E09000026,Redbridge,By Age 25,Free School Meals,All Other Pupils,Total,74.6
201415,Academic year,Local authority,E92000001,England,E12000002,North West,341,E08000012,Liverpool,By Age 25,Free School Meals,All Other Pupils,Total,58.6
201415,Academic year,Local authority,E92000001,England,E12000003,Yorkshire and The Humber,384,E08000036,Wakefield,By Age 25,Free School Meals,All Other Pupils,Total,48.1
201415,Academic year,Local authority,E92000001,England,E12000002,North West,909,E10000006,Cumbria,By Age 25,Free School Meals,All Other Pupils,Total,47.2
201415,Academic year,Local authority,E92000001,England,E12000008,South East,872,E06000041,Wokingham,By Age 25,Free School Meals,All Other Pupils,Total,59.9
201415,Academic year,Local authority,E92000001,England,E12000005,West Midlands,937,E10000031,Warwickshire,By Age 25,Free School Meals,All Other Pupils,Total,53.6
201415,Academic year,Local authority,E92000001,England,E12000002,North West,357,E08000008,Tameside,By Age 25,Free School Meals,All Other Pupils,Total,48.8
201415,Academic year,Local authority,E92000001,England,E12000001,North East,393,E08000023,South Tyneside,By Age 25,Free School Meals,All Other Pupils,Total,55.5
201415,Academic year,Local authority,E92000001,England,E12000001,North East,806,E06000002,Middlesbrough,By Age 25,Free School Meals,All Other Pupils,Total,56.2
201415,Academic year,Local authority,E92000001,England,E12000002,North West,358,E08000009,Trafford,By Age 25,Free School Meals,All Other Pupils,Total,66.7
201415,Academic year,Local authority,E92000001,England,E12000002,North West,356,E08000007,Stockport,By Age 25,Free School Meals,All Other Pupils,Total,53.9
201415,Academic year,Local authority,E92000001,England,E12000001,North East,394,E08000024,Sunderland,By Age 25,Free School Meals,All Other Pupils,Total,50.2
201415,Academic year,Local authority,E92000001,England,E12000007,London,312,E09000017,Hillingdon,By Age 25,Free School Meals,All Other Pupils,Total,61.2
201415,Academic year,Local authority,E92000001,England,E12000002,North West,352,E08000003,Manchester,By Age 25,Free School Meals,All Other Pupils,Total,58.9
201415,Academic year,Local authority,E92000001,England,E12000002,North West,343,E08000014,Sefton,By Age 25,Free School Meals,All Other Pupils,Total,52.9
201415,Academic year,Local authority,E92000001,England,E12000008,South East,825,E10000002,Buckinghamshire,By Age 25,Free School Meals,All Other Pupils,Total,65.1
201415,Academic year,Local authority,E92000001,England,E12000007,London,309,E09000014,Haringey,By Age 25,Free School Meals,All Other Pupils,Total,69.8
201415,Academic year,Local authority,E92000001,England,E12000006,East of England,882,E06000033,Southend-on-Sea,By Age 25,Free School Meals,All Other Pupils,Total,55.9
201415,Academic year,Local authority,E92000001,England,E12000008,South East,887,E06000035,Medway,By Age 25,Free School Meals,All Other Pupils,Total,47.9
201415,Academic year,Local authority,E92000001,England,E12000004,East Midlands,855,E10000018,Leicestershire,By Age 25,Free School Meals,All Other Pupils,Total,51.4
201415,Academic year,Local authority,E92000001,England,E12000002,North West,350,E08000001,Bolton,By Age 25,Free School Meals,All Other Pupils,Total,57.5
201415,Academic year,Local authority,E92000001,England,E12000007,London,310,E09000015,Harrow,By Age 25,Free School Meals,All Other Pupils,Total,77.2
201415,Academic year,Local authority,E92000001,England,E12000005,West Midlands,332,E08000027,Dudley,By Age 25,Free School Meals,All Other Pupils,Total,49.8
201415,Academic year,Local authority,E92000001,England,E12000009,South West,837,E06000028,Bournemouth,By Age 25,Free School Meals,All Other Pupils,Total,53.8
201415,Academic year,Local authority,E92000001,England,E12000005,West Midlands,860,E10000028,Staffordshire,By Age 25,Free School Meals,All Other Pupils,Total,51.1
201415,Academic year,Local authority,E92000001,England,E12000004,East Midlands,830,E10000007,Derbyshire,By Age 25,Free School Meals,All Other Pupils,Total,48.8
201415,Academic year,Local authority,E92000001,England,E12000007,London,316,E09000025,Newham,By Age 25,Free School Meals,All Other Pupils,Total,71.2
201415,Academic year,Local authority,E92000001,England,E12000007,London,318,E09000027,Richmond upon Thames,By Age 25,Free School Meals,All Other Pupils,Total,65.4
201415,Academic year,Local authority,E92000001,England,E12000007,London,306,E09000008,Croydon,By Age 25,Free School Meals,All Other Pupils,Total,61.0
201415,Academic year,Local authority,E92000001,England,E12000002,North West,359,E08000010,Wigan,By Age 25,Free School Meals,All Other Pupils,Total,50.7
201415,Academic year,Local authority,E92000001,England,E12000008,South East,869,E06000037,West Berkshire,By Age 25,Free School Meals,All Other Pupils,Total,50.9
201415,Academic year,Local authority,E92000001,England,E12000001,North East,805,E06000001,Hartlepool,By Age 25,Free School Meals,All Other Pupils,Total,55.0
201415,Academic year,Local authority,E92000001,England,E12000005,West Midlands,330,E08000025,Birmingham,By Age 25,Free School Meals,All Other Pupils,Total,63.1
201415,Academic year,Local authority,E92000001,England,E12000007,London,302,E09000003,Barnet,By Age 25,Free School Meals,All Other Pupils,Total,73.6
201415,Academic year,Local authority,E92000001,England,E12000004,East Midlands,857,E06000017,Rutland,By Age 25,Free School Meals,All Other Pupils,Total,55.5
201415,Academic year,Local authority,E92000001,England,E12000009,South West,420,E06000053,Isles of Scilly,By Age 25,Free School Meals,All Other Pupils,Total,58.8
201415,Academic year,Local authority,E92000001,England,E12000005,West Midlands,333,E08000028,Sandwell,By Age 25,Free School Meals,All Other Pupils,Total,49.0
201415,Academic year,Local authority,E92000001,England,E12000001,North East,840,E06000047,Durham,By Age 25,Free School Meals,All Other Pupils,Total,47.3
201415,Academic year,Local authority,E92000001,England,E12000007,London,307,E09000009,Ealing,By Age 25,Free School Meals,All Other Pupils,Total,70.6
201415,Academic year,Local authority,E92000001,England,E12000005,West Midlands,884,E06000019,Herefordshire,By Age 25,Free School Meals,All Other Pupils,Total,49.6
201415,Academic year,Local authority,E92000001,England,E12000001,North East,807,E06000003,Redcar and Cleveland,By Age 25,Free School Meals,All Other Pupils,Total,53.8
201415,Academic year,Local authority,E92000001,England,E12000002,North West,895,E06000049,Cheshire East,By Age 25,Free School Meals,All Other Pupils,Total,55.8
201415,Academic year,Local authority,E92000001,England,E12000008,South East,850,E10000014,Hampshire,By Age 25,Free School Meals,All Other Pupils,Total,49.6
201415,Academic year,Local authority,E92000001,England,E12000005,West Midlands,885,E10000034,Worcestershire,By Age 25,Free School Meals,All Other Pupils,Total,51.8
201415,Academic year,Local authority,E92000001,England,E12000008,South East,931,E10000025,Oxfordshire,By Age 25,Free School Meals,All Other Pupils,Total,51.5
201415,Academic year,Local authority,E92000001,England,E12000004,East Midlands,892,E06000018,Nottingham,By Age 25,Free School Meals,All Other Pupils,Total,45.9
201415,Academic year,Local authority,E92000001,England,E12000009,South West,880,E06000027,Torbay,By Age 25,Free School Meals,All Other Pupils,Total,50.6
201415,Academic year,Local authority,E92000001,England,E12000009,South West,800,E06000022,Bath and North East Somerset,By Age 25,Free School Meals,All Other Pupils,Total,51.2
201415,Academic year,Local authority,E92000001,England,E12000008,South East,936,E10000030,Surrey,By Age 25,Free School Meals,All Other Pupils,Total,55.4
201415,Academic year,Local authority,E92000001,England,E12000007,London,211,E09000030,Tower Hamlets,By Age 25,Free School Meals,All Other Pupils,Total,71.6
201415,Academic year,Local authority,E92000001,England,E12000007,London,206,E09000019,Islington,By Age 25,Free School Meals,All Other Pupils,Total,64.4
201415,Academic year,Local authority,E92000001,England,E12000004,East Midlands,856,E06000016,Leicester,By Age 25,Free School Meals,All Other Pupils,Total,57.3
201415,Academic year,Local authority,E92000001,England,E12000001,North East,808,E06000004,Stockton-on-Tees,By Age 25,Free School Meals,All Other Pupils,Total,58.9
201415,Academic year,Local authority,E92000001,England,E12000006,East of England,919,E10000015,Hertfordshire,By Age 25,Free School Meals,All Other Pupils,Total,60.7
201415,Academic year,Local authority,E92000001,England,E12000002,North West,889,E06000008,Blackburn with Darwen,By Age 25,Free School Meals,All Other Pupils,Total,62.6
201415,Academic year,Local authority,E92000001,England,E12000007,London,315,E09000024,Merton,By Age 25,Free School Meals,All Other Pupils,Total,66.6
201415,Academic year,Local authority,E92000001,England,E12000008,South East,845,E10000011,East Sussex,By Age 25,Free School Meals,All Other Pupils,Total,46.3
201415,Academic year,Local authority,E92000001,England,E12000001,North East,841,E06000005,Darlington,By Age 25,Free School Meals,All Other Pupils,Total,50.6
201415,Academic year,Local authority,E92000001,England,E12000003,Yorkshire and The Humber,371,E08000017,Doncaster,By Age 25,Free School Meals,All Other Pupils,Total,42.7
201415,Academic year,Local authority,E92000001,England,E12000004,East Midlands,925,E10000019,Lincolnshire,By Age 25,Free School Meals,All Other Pupils,Total,51.7
201415,Academic year,Local authority,E92000001,England,E12000001,North East,929,E06000057,Northumberland,By Age 25,Free School Meals,All Other Pupils,Total,53.4
201415,Academic year,Local authority,E92000001,England,E12000005,West Midlands,894,E06000020,Telford and Wrekin,By Age 25,Free School Meals,All Other Pupils,Total,49.5
201415,Academic year,Local authority,E92000001,England,E12000008,South East,868,E06000040,Windsor and Maidenhead,By Age 25,Free School Meals,All Other Pupils,Total,56.5
201415,Academic year,Local authority,E92000001,England,E12000006,East of England,926,E10000020,Norfolk,By Age 25,Free School Meals,All Other Pupils,Total,45.0
201415,Academic year,Local authority,E92000001,England,E12000006,East of England,881,E10000012,Essex,By Age 25,Free School Meals,All Other Pupils,Total,46.2
201415,Academic year,Local authority,E92000001,England,E12000003,Yorkshire and The Humber,372,E08000018,Rotherham,By Age 25,Free School Meals,All Other Pupils,Total,47.0
201415,Academic year,Local authority,E92000001,England,E12000007,London,315,E09000024,Merton,By Age 25,Free School Meals,Free School Meals,High tariff,4.7
201415,Academic year,Local authority,E92000001,England,E12000008,South East,870,E06000038,Reading,By Age 25,Free School Meals,Free School Meals,High tariff,4.2
201415,Academic year,Local authority,E92000001,England,E12000009,South West,836,E06000029,Poole,By Age 25,Free School Meals,Free School Meals,High tariff,4.8
201415,Academic year,Local authority,E92000001,England,E12000005,West Midlands,937,E10000031,Warwickshire,By Age 25,Free School Meals,Free School Meals,High tariff,5.1
201415,Academic year,Local authority,E92000001,England,E12000007,London,314,E09000021,Kingston upon Thames,By Age 25,Free School Meals,Free School Meals,High tariff,12.1
201415,Academic year,Local authority,E92000001,England,E12000002,North West,888,E10000017,Lancashire,By Age 25,Free School Meals,Free School Meals,High tariff,5.0
201415,Academic year,Local authority,E92000001,England,E12000007,London,310,E09000015,Harrow,By Age 25,Free School Meals,Free School Meals,High tariff,7.6
201415,Academic year,Local authority,E92000001,England,E12000002,North West,344,E08000015,Wirral,By Age 25,Free School Meals,Free School Meals,High tariff,4.5
201415,Academic year,Local authority,E92000001,England,E12000007,London,307,E09000009,Ealing,By Age 25,Free School Meals,Free School Meals,High tariff,11.0
201415,Academic year,Local authority,E92000001,England,E12000003,Yorkshire and The Humber,372,E08000018,Rotherham,By Age 25,Free School Meals,Free School Meals,High tariff,1.7
201415,Academic year,Local authority,E92000001,England,E12000002,North West,341,E08000012,Liverpool,By Age 25,Free School Meals,Free School Meals,High tariff,6.2
201415,Academic year,Local authority,E92000001,England,E12000008,South East,886,E10000016,Kent,By Age 25,Free School Meals,Free School Meals,High tariff,3.0
201415,Academic year,Local authority,E92000001,England,E12000007,London,312,E09000017,Hillingdon,By Age 25,Free School Meals,Free School Meals,High tariff,8.5
201415,Academic year,Local authority,E92000001,England,E12000002,North West,342,E08000013,St. Helens,By Age 25,Free School Meals,Free School Meals,High tariff,2.5
201415,Academic year,Local authority,E92000001,England,E12000006,East of England,881,E10000012,Essex,By Age 25,Free School Meals,Free School Meals,High tariff,3.8
201415,Academic year,Local authority,E92000001,England,E12000007,London,212,E09000032,Wandsworth,By Age 25,Free School Meals,Free School Meals,High tariff,10.1
201415,Academic year,Local authority,E92000001,England,E12000009,South West,837,E06000028,Bournemouth,By Age 25,Free School Meals,Free School Meals,High tariff,3.8
201415,Academic year,Local authority,E92000001,England,E12000001,North East,391,E08000021,Newcastle upon Tyne,By Age 25,Free School Meals,Free School Meals,High tariff,4.9
201415,Academic year,Local authority,E92000001,England,E12000009,South West,835,E10000009,Dorset,By Age 25,Free School Meals,Free School Meals,High tariff,4.4
201415,Academic year,Local authority,E92000001,England,E12000006,East of England,873,E10000003,Cambridgeshire,By Age 25,Free School Meals,Free School Meals,High tariff,3.0
201415,Academic year,Local authority,E92000001,England,E12000005,West Midlands,332,E08000027,Dudley,By Age 25,Free School Meals,Free School Meals,High tariff,2.5
201415,Academic year,Local authority,E92000001,England,E12000002,North West,896,E06000050,Cheshire West and Chester,By Age 25,Free School Meals,Free School Meals,High tariff,2.5
201415,Academic year,Local authority,E92000001,England,E12000005,West Midlands,331,E08000026,Coventry,By Age 25,Free School Meals,Free School Meals,High tariff,2.2
201415,Academic year,Local authority,E92000001,England,E12000006,East of England,822,E06000055,Bedford,By Age 25,Free School Meals,Free School Meals,High tariff,2.0
201415,Academic year,Local authority,E92000001,England,E12000007,London,211,E09000030,Tower Hamlets,By Age 25,Free School Meals,Free School Meals,High tariff,15.4
201415,Academic year,Local authority,E92000001,England,E12000009,South West,880,E06000027,Torbay,By Age 25,Free School Meals,Free School Meals,High tariff,3.4
201415,Academic year,Local authority,E92000001,England,E12000002,North West,889,E06000008,Blackburn with Darwen,By Age 25,Free School Meals,Free School Meals,High tariff,3.1
201415,Academic year,Local authority,E92000001,England,E12000005,West Midlands,894,E06000020,Telford and Wrekin,By Age 25,Free School Meals,Free School Meals,High tariff,2.3
201415,Academic year,Local authority,E92000001,England,E12000005,West Midlands,884,E06000019,Herefordshire,By Age 25,Free School Meals,Free School Meals,High tariff,5.4
201415,Academic year,Local authority,E92000001,England,E12000002,North West,353,E08000004,Oldham,By Age 25,Free School Meals,Free School Meals,High tariff,4.8
201415,Academic year,Local authority,E92000001,England,E12000003,Yorkshire and The Humber,381,E08000033,Calderdale,By Age 25,Free School Meals,Free School Meals,High tariff,3.4
201415,Academic year,Local authority,E92000001,England,E12000004,East Midlands,928,E10000021,Northamptonshire,By Age 25,Free School Meals,Free School Meals,High tariff,2.7
201415,Academic year,Local authority,E92000001,England,E12000002,North West,895,E06000049,Cheshire East,By Age 25,Free School Meals,Free School Meals,High tariff,3.4
201415,Academic year,Local authority,E92000001,England,E12000002,North West,351,E08000002,Bury,By Age 25,Free School Meals,Free School Meals,High tariff,4.0
201415,Academic year,Local authority,E92000001,England,E12000008,South East,869,E06000037,West Berkshire,By Age 25,Free School Meals,Free School Meals,High tariff,4.1
201415,Academic year,Local authority,E92000001,England,E12000008,South East,826,E06000042,Milton Keynes,By Age 25,Free School Meals,Free School Meals,High tariff,3.4
201415,Academic year,Local authority,E92000001,England,E12000006,East of England,926,E10000020,Norfolk,By Age 25,Free School Meals,Free School Meals,High tariff,3.7
201415,Academic year,Local authority,E92000001,England,E12000008,South East,845,E10000011,East Sussex,By Age 25,Free School Meals,Free School Meals,High tariff,3.4
201415,Academic year,Local authority,E92000001,England,E12000009,South West,908,E06000052,Cornwall,By Age 25,Free School Meals,Free School Meals,High tariff,2.2
201415,Academic year,Local authority,E92000001,England,E12000007,London,306,E09000008,Croydon,By Age 25,Free School Meals,Free School Meals,High tariff,7.3
201415,Academic year,Local authority,E92000001,England,E12000009,South West,865,E06000054,Wiltshire,By Age 25,Free School Meals,Free School Meals,High tariff,3.5
201415,Academic year,Local authority,E92000001,England,E12000002,North West,352,E08000003,Manchester,By Age 25,Free School Meals,Free School Meals,High tariff,5.4
201415,Academic year,Local authority,E92000001,England,E12000005,West Midlands,333,E08000028,Sandwell,By Age 25,Free School Meals,Free School Meals,High tariff,2.3
201415,Academic year,Local authority,E92000001,England,E12000007,London,320,E09000031,Waltham Forest,By Age 25,Free School Meals,Free School Meals,High tariff,8.7
201415,Academic year,Local authority,E92000001,England,E12000006,East of England,919,E10000015,Hertfordshire,By Age 25,Free School Meals,Free School Meals,High tariff,6.7
201415,Academic year,Local authority,E92000001,England,E12000002,North West,354,E08000005,Rochdale,By Age 25,Free School Meals,Free School Meals,High tariff,5.7
201415,Academic year,Local authority,E92000001,England,E12000003,Yorkshire and The Humber,812,E06000012,North East Lincolnshire,By Age 25,Free School Meals,Free School Meals,High tariff,0.8
201415,Academic year,Local authority,E92000001,England,E12000001,North East,394,E08000024,Sunderland,By Age 25,Free School Meals,Free School Meals,High tariff,2.4
201415,Academic year,Local authority,E92000001,England,E12000001,North East,806,E06000002,Middlesbrough,By Age 25,Free School Meals,Free School Meals,High tariff,6.8
201415,Academic year,Local authority,E92000001,England,E12000001,North East,393,E08000023,South Tyneside,By Age 25,Free School Meals,Free School Meals,High tariff,3.9
201415,Academic year,Local authority,E92000001,England,E12000008,South East,931,E10000025,Oxfordshire,By Age 25,Free School Meals,Free School Meals,High tariff,4.9
201415,Academic year,Local authority,E92000001,England,E12000008,South East,867,E06000036,Bracknell Forest,By Age 25,Free School Meals,Free School Meals,High tariff,2.4
201415,Academic year,Local authority,E92000001,England,E12000001,North East,392,E08000022,North Tyneside,By Age 25,Free School Meals,Free School Meals,High tariff,1.3
201415,Academic year,Local authority,E92000001,England,E12000007,London,302,E09000003,Barnet,By Age 25,Free School Meals,Free School Meals,High tariff,13.5
201415,Academic year,Local authority,E92000001,England,E12000003,Yorkshire and The Humber,383,E08000035,Leeds,By Age 25,Free School Meals,Free School Meals,High tariff,4.0
201415,Academic year,Local authority,E92000001,England,E12000001,North East,840,E06000047,Durham,By Age 25,Free School Meals,Free School Meals,High tariff,2.1
201415,Academic year,Local authority,E92000001,England,E12000003,Yorkshire and The Humber,370,E08000016,Barnsley,By Age 25,Free School Meals,Free School Meals,High tariff,1.8
201415,Academic year,Local authority,E92000001,England,E12000005,West Midlands,885,E10000034,Worcestershire,By Age 25,Free School Meals,Free School Meals,High tariff,2.8
201415,Academic year,Local authority,E92000001,England,E12000004,East Midlands,831,E06000015,Derby,By Age 25,Free School Meals,Free School Meals,High tariff,1.4
201415,Academic year,Local authority,E92000001,England,E12000003,Yorkshire and The Humber,815,E10000023,North Yorkshire,By Age 25,Free School Meals,Free School Meals,High tariff,4.7
201415,Academic year,Local authority,E92000001,England,E12000007,London,309,E09000014,Haringey,By Age 25,Free School Meals,Free School Meals,High tariff,9.6
201415,Academic year,Local authority,E92000001,England,E12000009,South West,916,E10000013,Gloucestershire,By Age 25,Free School Meals,Free School Meals,High tariff,4.7
201415,Academic year,Local authority,E92000001,England,E12000006,East of England,823,E06000056,Central Bedfordshire,By Age 25,Free School Meals,Free School Meals,High tariff,4.2
201415,Academic year,Local authority,E92000001,England,E12000005,West Midlands,336,E08000031,Wolverhampton,By Age 25,Free School Meals,Free School Meals,High tariff,2.5
201415,Academic year,Local authority,E92000001,England,E12000007,London,204,E09000012,Hackney,By Age 25,Free School Meals,Free School Meals,High tariff,10.9
201415,Academic year,Local authority,E92000001,England,E12000009,South West,802,E06000024,North Somerset,By Age 25,Free School Meals,Free School Meals,High tariff,2.2
201415,Academic year,Local authority,E92000001,England,E12000008,South East,872,E06000041,Wokingham,By Age 25,Free School Meals,Free School Meals,High tariff,4.2
201415,Academic year,Local authority,E92000001,England,E12000005,West Midlands,334,E08000029,Solihull,By Age 25,Free School Meals,Free School Meals,High tariff,3.6
201415,Academic year,Local authority,E92000001,England,E12000004,East Midlands,925,E10000019,Lincolnshire,By Age 25,Free School Meals,Free School Meals,High tariff,3.4
201415,Academic year,Local authority,E92000001,England,E12000009,South West,933,E10000027,Somerset,By Age 25,Free School Meals,Free School Meals,High tariff,3.0
201415,Academic year,Local authority,E92000001,England,E12000007,London,210,E09000028,Southwark,By Age 25,Free School Meals,Free School Meals,High tariff,8.2
201415,Academic year,Local authority,E92000001,England,E12000007,London,209,E09000023,Lewisham,By Age 25,Free School Meals,Free School Meals,High tariff,5.3
201415,Academic year,Local authority,E92000001,England,E12000003,Yorkshire and The Humber,384,E08000036,Wakefield,By Age 25,Free School Meals,Free School Meals,High tariff,2.2
201415,Academic year,Local authority,E92000001,England,E12000009,South West,878,E10000008,Devon,By Age 25,Free School Meals,Free School Meals,High tariff,4.2
201415,Academic year,Local authority,E92000001,England,E12000001,North East,841,E06000005,Darlington,By Age 25,Free School Meals,Free School Meals,High tariff,2.8
201415,Academic year,Local authority,E92000001,England,E12000005,West Midlands,860,E10000028,Staffordshire,By Age 25,Free School Meals,Free School Meals,High tariff,2.7
201415,Academic year,Local authority,E92000001,England,E12000002,North West,350,E08000001,Bolton,By Age 25,Free School Meals,Free School Meals,High tariff,3.2
201415,Academic year,Local authority,E92000001,England,E12000009,South West,866,E06000030,Swindon,By Age 25,Free School Meals,Free School Meals,High tariff,2.2
201415,Academic year,Local authority,E92000001,England,E12000007,London,308,E09000010,Enfield,By Age 25,Free School Meals,Free School Meals,High tariff,7.8
201415,Academic year,Local authority,E92000001,England,E12000001,North East,808,E06000004,Stockton-on-Tees,By Age 25,Free School Meals,Free School Meals,High tariff,2.7
201415,Academic year,Local authority,E92000001,England,E12000006,East of England,821,E06000032,Luton,By Age 25,Free School Meals,Free School Meals,High tariff,5.5
201415,Academic year,Local authority,E92000001,England,E12000007,London,305,E09000006,Bromley,By Age 25,Free School Meals,Free School Meals,High tariff,2.9
201415,Academic year,Local authority,E92000001,England,E12000007,London,203,E09000011,Greenwich,By Age 25,Free School Meals,Free School Meals,High tariff,6.1
201415,Academic year,Local authority,E92000001,England,E12000004,East Midlands,856,E06000016,Leicester,By Age 25,Free School Meals,Free School Meals,High tariff,2.3
201415,Academic year,Local authority,E92000001,England,E12000008,South East,921,E06000046,Isle of Wight,By Age 25,Free School Meals,Free School Meals,High tariff,3.6
201415,Academic year,Local authority,E92000001,England,E12000002,North West,340,E08000011,Knowsley,By Age 25,Free School Meals,Free School Meals,High tariff,2.1
201415,Academic year,Local authority,E92000001,England,E12000001,North East,805,E06000001,Hartlepool,By Age 25,Free School Meals,Free School Meals,High tariff,3.2
201415,Academic year,Local authority,E92000001,England,E12000008,South East,852,E06000045,Southampton,By Age 25,Free School Meals,Free School Meals,High tariff,3.7
201415,Academic year,Local authority,E92000001,England,E12000002,North West,357,E08000008,Tameside,By Age 25,Free School Meals,Free School Meals,High tariff,5.8
201415,Academic year,Local authority,E92000001,England,E12000002,North West,356,E08000007,Stockport,By Age 25,Free School Meals,Free School Meals,High tariff,3.2
201415,Academic year,Local authority,E92000001,England,E12000001,North East,390,E08000037,Gateshead,By Age 25,Free School Meals,Free School Meals,High tariff,2.5
201415,Academic year,Local authority,E92000001,England,E12000007,London,318,E09000027,Richmond upon Thames,By Age 25,Free School Meals,Free School Meals,High tariff,8.5
201415,Academic year,Local authority,E92000001,England,E12000004,East Midlands,892,E06000018,Nottingham,By Age 25,Free School Meals,Free School Meals,High tariff,3.4
201415,Academic year,Local authority,E92000001,England,E12000002,North West,355,E08000006,Salford,By Age 25,Free School Meals,Free School Meals,High tariff,2.8
201415,Academic year,Local authority,E92000001,England,E12000004,East Midlands,830,E10000007,Derbyshire,By Age 25,Free School Meals,Free School Meals,High tariff,2.6
201415,Academic year,Local authority,E92000001,England,E12000003,Yorkshire and The Humber,816,E06000014,York,By Age 25,Free School Meals,Free School Meals,High tariff,8.4
201415,Academic year,Local authority,E92000001,England,E12000008,South East,887,E06000035,Medway,By Age 25,Free School Meals,Free School Meals,High tariff,3.2
201415,Academic year,Local authority,E92000001,England,E12000008,South East,825,E10000002,Buckinghamshire,By Age 25,Free School Meals,Free School Meals,High tariff,5.2
201415,Academic year,Local authority,E92000001,England,E12000001,North East,929,E06000057,Northumberland,By Age 25,Free School Meals,Free School Meals,High tariff,2.9
201415,Academic year,Local authority,E92000001,England,E12000008,South East,846,E06000043,Brighton and Hove,By Age 25,Free School Meals,Free School Meals,High tariff,4.6
201415,Academic year,Local authority,E92000001,England,E12000006,East of England,874,E06000031,Peterborough,By Age 25,Free School Meals,Free School Meals,High tariff,3.2
201415,Academic year,Local authority,E92000001,England,E12000008,South East,938,E10000032,West Sussex,By Age 25,Free School Meals,Free School Meals,High tariff,2.7
201415,Academic year,Local authority,E92000001,England,E12000002,North West,358,E08000009,Trafford,By Age 25,Free School Meals,Free School Meals,High tariff,8.2
201415,Academic year,Local authority,E92000001,England,E12000007,London,304,E09000005,Brent,By Age 25,Free School Meals,Free School Meals,High tariff,11.9
201415,Academic year,Local authority,E92000001,England,E12000007,London,311,E09000016,Havering,By Age 25,Free School Meals,Free School Meals,High tariff,3.5
201415,Academic year,Local authority,E92000001,England,E12000007,London,303,E09000004,Bexley,By Age 25,Free School Meals,Free School Meals,High tariff,6.0
201415,Academic year,Local authority,E92000001,England,E12000007,London,207,E09000020,Kensington and Chelsea,By Age 25,Free School Meals,Free School Meals,High tariff,17.2
201415,Academic year,Local authority,E92000001,England,E12000007,London,301,E09000002,Barking and Dagenham,By Age 25,Free School Meals,Free School Meals,High tariff,7.1
201415,Academic year,Local authority,E92000001,England,E12000004,East Midlands,857,E06000017,Rutland,By Age 25,Free School Meals,Free School Meals,High tariff,0.0
201415,Academic year,Local authority,E92000001,England,E12000009,South West,803,E06000025,South Gloucestershire,By Age 25,Free School Meals,Free School Meals,High tariff,2.0
201415,Academic year,Local authority,E92000001,England,E12000008,South East,868,E06000040,Windsor and Maidenhead,By Age 25,Free School Meals,Free School Meals,High tariff,3.2
201415,Academic year,Local authority,E92000001,England,E12000007,London,316,E09000025,Newham,By Age 25,Free School Meals,Free School Meals,High tariff,14.2
201415,Academic year,Local authority,E92000001,England,E12000004,East Midlands,855,E10000018,Leicestershire,By Age 25,Free School Meals,Free School Meals,High tariff,3.3
201415,Academic year,Local authority,E92000001,England,E12000003,Yorkshire and The Humber,371,E08000017,Doncaster,By Age 25,Free School Meals,Free School Meals,High tariff,1.8
201415,Academic year,Local authority,E92000001,England,E12000008,South East,871,E06000039,Slough,By Age 25,Free School Meals,Free School Meals,High tariff,5.2
201415,Academic year,Local authority,E92000001,England,E12000002,North West,890,E06000009,Blackpool,By Age 25,Free School Meals,Free School Meals,High tariff,2.7
201415,Academic year,Local authority,E92000001,England,E12000002,North West,909,E10000006,Cumbria,By Age 25,Free School Meals,Free School Meals,High tariff,3.3
201415,Academic year,Local authority,E92000001,England,E12000004,East Midlands,891,E10000024,Nottinghamshire,By Age 25,Free School Meals,Free School Meals,High tariff,2.5
201415,Academic year,Local authority,E92000001,England,E12000008,South East,936,E10000030,Surrey,By Age 25,Free School Meals,Free School Meals,High tariff,4.1
201415,Academic year,Local authority,E92000001,England,E12000001,North East,807,E06000003,Redcar and Cleveland,By Age 25,Free School Meals,Free School Meals,High tariff,3.7
201415,Academic year,Local authority,E92000001,England,E12000007,London,213,E09000033,Westminster,By Age 25,Free School Meals,Free School Meals,High tariff,16.7
201415,Academic year,Local authority,E92000001,England,E12000007,London,202,E09000007,Camden,By Age 25,Free School Meals,Free School Meals,High tariff,11.5
201415,Academic year,Local authority,E92000001,England,E12000009,South West,800,E06000022,Bath and North East Somerset,By Age 25,Free School Meals,Free School Meals,High tariff,6.1
201415,Academic year,Local authority,E92000001,England,E12000007,London,313,E09000018,Hounslow,By Age 25,Free School Meals,Free School Meals,High tariff,12.0
201415,Academic year,Local authority,E92000001,England,E12000006,East of England,883,E06000034,Thurrock,By Age 25,Free School Meals,Free School Meals,High tariff,4.1
201415,Academic year,Local authority,E92000001,England,E12000007,London,206,E09000019,Islington,By Age 25,Free School Meals,Free School Meals,High tariff,12.0
201415,Academic year,Local authority,E92000001,England,E12000002,North West,876,E06000006,Halton,By Age 25,Free School Meals,Free School Meals,High tariff,3.1
201415,Academic year,Local authority,E92000001,England,E12000002,North West,877,E06000007,Warrington,By Age 25,Free School Meals,Free School Meals,High tariff,2.3
201415,Academic year,Local authority,E92000001,England,E12000006,East of England,882,E06000033,Southend-on-Sea,By Age 25,Free School Meals,Free School Meals,High tariff,6.3
201415,Academic year,Local authority,E92000001,England,E12000003,Yorkshire and The Humber,373,E08000019,Sheffield,By Age 25,Free School Meals,Free School Meals,High tariff,5.3
201415,Academic year,Local authority,E92000001,England,E12000005,West Midlands,335,E08000030,Walsall,By Age 25,Free School Meals,Free School Meals,High tariff,2.4
201415,Academic year,Local authority,E92000001,England,E12000007,London,317,E09000026,Redbridge,By Age 25,Free School Meals,Free School Meals,High tariff,10.4
201415,Academic year,Local authority,E92000001,England,E12000009,South West,879,E06000026,Plymouth,By Age 25,Free School Meals,Free School Meals,High tariff,3.1
201415,Academic year,Local authority,E92000001,England,E12000003,Yorkshire and The Humber,811,E06000011,East Riding of Yorkshire,By Age 25,Free School Meals,Free School Meals,High tariff,3.4
201415,Academic year,Local authority,E92000001,England,E12000008,South East,850,E10000014,Hampshire,By Age 25,Free School Meals,Free School Meals,High tariff,2.9
201415,Academic year,Local authority,E92000001,England,E12000003,Yorkshire and The Humber,810,E06000010,Kingston Upon Hull,By Age 25,Free School Meals,Free School Meals,High tariff,1.9
201415,Academic year,Local authority,E92000001,England,E12000009,South West,801,E06000023,Bristol,By Age 25,Free School Meals,Free School Meals,High tariff,3.3
201415,Academic year,Local authority,E92000001,England,E12000007,London,205,E09000013,Hammersmith and Fulham,By Age 25,Free School Meals,Free School Meals,High tariff,14.3
201415,Academic year,Local authority,E92000001,England,E12000008,South East,851,E06000044,Portsmouth,By Age 25,Free School Meals,Free School Meals,High tariff,1.4
201415,Academic year,Local authority,E92000001,England,E12000006,East of England,935,E10000029,Suffolk,By Age 25,Free School Meals,Free School Meals,High tariff,3.0
201415,Academic year,Local authority,E92000001,England,E12000005,West Midlands,861,E06000021,Stoke-on-Trent,By Age 25,Free School Meals,Free School Meals,High tariff,2.8
201415,Academic year,Local authority,E92000001,England,E12000002,North West,343,E08000014,Sefton,By Age 25,Free School Meals,Free School Meals,High tariff,5.3
201415,Academic year,Local authority,E92000001,England,E12000005,West Midlands,893,E06000051,Shropshire,By Age 25,Free School Meals,Free School Meals,High tariff,2.7
201415,Academic year,Local authority,E92000001,England,E12000007,London,208,E09000022,Lambeth,By Age 25,Free School Meals,Free School Meals,High tariff,7.5
201415,Academic year,Local authority,E92000001,England,E12000002,North West,359,E08000010,Wigan,By Age 25,Free School Meals,Free School Meals,High tariff,2.3
201415,Academic year,Local authority,E92000001,England,E12000003,Yorkshire and The Humber,380,E08000032,Bradford,By Age 25,Free School Meals,Free School Meals,High tariff,3.2
201415,Academic year,Local authority,E92000001,England,E12000005,West Midlands,330,E08000025,Birmingham,By Age 25,Free School Meals,Free School Meals,High tariff,5.4
201415,Academic year,Local authority,E92000001,England,E12000003,Yorkshire and The Humber,382,E08000034,Kirklees,By Age 25,Free School Meals,Free School Meals,High tariff,4.6
201415,Academic year,Local authority,E92000001,England,E12000007,London,319,E09000029,Sutton,By Age 25,Free School Meals,Free School Meals,High tariff,12.3
201415,Academic year,Local authority,E92000001,England,E12000003,Yorkshire and The Humber,813,E06000013,North Lincolnshire,By Age 25,Free School Meals,Free School Meals,High tariff,1.9
201415,Academic year,Local authority,E92000001,England,E12000009,South West,420,E06000053,Isles of Scilly,By Age 25,Free School Meals,Free School Meals,High tariff,0.0
201415,Academic year,National,E92000001,England,,,,,,By Age 25,Free School Meals,Free School Meals,High tariff,5.0
201415,Academic year,National,E92000001,England,,,,,,By Age 25,Free School Meals,Free School Meals,Total,35.5
201415,Academic year,Regional,E92000001,England,E12000002,North West,,,,By Age 25,Free School Meals,Free School Meals,Total,33.3
201415,Academic year,Regional,E92000001,England,E12000006,East of England,,,,By Age 25,Free School Meals,Free School Meals,Total,28.5
201415,Academic year,Regional,E92000001,England,E12000004,East Midlands,,,,By Age 25,Free School Meals,Free School Meals,Total,25.9
201415,Academic year,Regional,E92000001,England,E12000005,West Midlands,,,,By Age 25,Free School Meals,Free School Meals,Total,37.7
201415,Academic year,Regional,E92000001,England,E12000001,North East,,,,By Age 25,Free School Meals,Free School Meals,Total,28.6
201415,Academic year,Regional,E92000001,England,E12000009,South West,,,,By Age 25,Free School Meals,Free School Meals,Total,25.8
201415,Academic year,Regional,E92000001,England,E12000008,South East,,,,By Age 25,Free School Meals,Free School Meals,Total,25.7
201415,Academic year,Regional,E92000001,England,E12000007,London,,,,By Age 25,Free School Meals,Free School Meals,Total,56.0
201415,Academic year,Regional,E92000001,England,E12000003,Yorkshire and The Humber,,,,By Age 25,Free School Meals,Free School Meals,Total,30.6
201415,Academic year,Regional,E92000001,England,E12000002,North West,,,,By Age 25,Free School Meals,Free School Meals,High tariff,4.4
201415,Academic year,Regional,E92000001,England,E12000006,East of England,,,,By Age 25,Free School Meals,Free School Meals,High tariff,4.2
201415,Academic year,Regional,E92000001,England,E12000004,East Midlands,,,,By Age 25,Free School Meals,Free School Meals,High tariff,2.7
201415,Academic year,Regional,E92000001,England,E12000005,West Midlands,,,,By Age 25,Free School Meals,Free School Meals,High tariff,3.7
201415,Academic year,Regional,E92000001,England,E12000001,North East,,,,By Age 25,Free School Meals,Free School Meals,High tariff,3.3
201415,Academic year,Regional,E92000001,England,E12000009,South West,,,,By Age 25,Free School Meals,Free School Meals,High tariff,3.5
201415,Academic year,Regional,E92000001,England,E12000008,South East,,,,By Age 25,Free School Meals,Free School Meals,High tariff,3.5
201415,Academic year,Regional,E92000001,England,E12000007,London,,,,By Age 25,Free School Meals,Free School Meals,High tariff,10.2
201415,Academic year,Regional,E92000001,England,E12000003,Yorkshire and The Humber,,,,By Age 25,Free School Meals,Free School Meals,High tariff,3.4
201415,Academic year,Local authority,E92000001,England,E12000007,London,315,E09000024,Merton,By Age 25,Free School Meals,Free School Meals,Total,47.1
201415,Academic year,Local authority,E92000001,England,E12000008,South East,870,E06000038,Reading,By Age 25,Free School Meals,Free School Meals,Total,23.2
201415,Academic year,Local authority,E92000001,England,E12000005,West Midlands,937,E10000031,Warwickshire,By Age 25,Free School Meals,Free School Meals,Total,26.0
201415,Academic year,Local authority,E92000001,England,E12000009,South West,836,E06000029,Poole,By Age 25,Free School Meals,Free School Meals,Total,32.8
201415,Academic year,Local authority,E92000001,England,E12000007,London,314,E09000021,Kingston upon Thames,By Age 25,Free School Meals,Free School Meals,Total,47.6
201415,Academic year,Local authority,E92000001,England,E12000002,North West,888,E10000017,Lancashire,By Age 25,Free School Meals,Free School Meals,Total,32.7
201415,Academic year,Local authority,E92000001,England,E12000002,North West,344,E08000015,Wirral,By Age 25,Free School Meals,Free School Meals,Total,29.1
201415,Academic year,Local authority,E92000001,England,E12000007,London,310,E09000015,Harrow,By Age 25,Free School Meals,Free School Meals,Total,64.7
201415,Academic year,Local authority,E92000001,England,E12000003,Yorkshire and The Humber,372,E08000018,Rotherham,By Age 25,Free School Meals,Free School Meals,Total,27.7
201415,Academic year,Local authority,E92000001,England,E12000007,London,307,E09000009,Ealing,By Age 25,Free School Meals,Free School Meals,Total,60.1
201415,Academic year,Local authority,E92000001,England,E12000002,North West,341,E08000012,Liverpool,By Age 25,Free School Meals,Free School Meals,Total,37.6
201415,Academic year,Local authority,E92000001,England,E12000007,London,312,E09000017,Hillingdon,By Age 25,Free School Meals,Free School Meals,Total,45.9
201415,Academic year,Local authority,E92000001,England,E12000008,South East,886,E10000016,Kent,By Age 25,Free School Meals,Free School Meals,Total,24.6
201415,Academic year,Local authority,E92000001,England,E12000002,North West,342,E08000013,St. Helens,By Age 25,Free School Meals,Free School Meals,Total,22.9
201415,Academic year,Local authority,E92000001,England,E12000007,London,212,E09000032,Wandsworth,By Age 25,Free School Meals,Free School Meals,Total,58.4
201415,Academic year,Local authority,E92000001,England,E12000006,East of England,881,E10000012,Essex,By Age 25,Free School Meals,Free School Meals,Total,26.7
201415,Academic year,Local authority,E92000001,England,E12000009,South West,837,E06000028,Bournemouth,By Age 25,Free School Meals,Free School Meals,Total,26.2
201415,Academic year,Local authority,E92000001,England,E12000006,East of England,873,E10000003,Cambridgeshire,By Age 25,Free School Meals,Free School Meals,Total,17.6
201415,Academic year,Local authority,E92000001,England,E12000009,South West,835,E10000009,Dorset,By Age 25,Free School Meals,Free School Meals,Total,29.5
201415,Academic year,Local authority,E92000001,England,E12000005,West Midlands,332,E08000027,Dudley,By Age 25,Free School Meals,Free School Meals,Total,27.2
201415,Academic year,Local authority,E92000001,England,E12000002,North West,896,E06000050,Cheshire West and Chester,By Age 25,Free School Meals,Free School Meals,Total,20.8
201415,Academic year,Local authority,E92000001,England,E12000001,North East,391,E08000021,Newcastle upon Tyne,By Age 25,Free School Meals,Free School Meals,Total,34.2
201415,Academic year,Local authority,E92000001,England,E12000005,West Midlands,331,E08000026,Coventry,By Age 25,Free School Meals,Free School Meals,Total,35.3
201415,Academic year,Local authority,E92000001,England,E12000006,East of England,822,E06000055,Bedford,By Age 25,Free School Meals,Free School Meals,Total,35.9
201415,Academic year,Local authority,E92000001,England,E12000007,London,211,E09000030,Tower Hamlets,By Age 25,Free School Meals,Free School Meals,Total,64.7
201415,Academic year,Local authority,E92000001,England,E12000009,South West,880,E06000027,Torbay,By Age 25,Free School Meals,Free School Meals,Total,21.5
201415,Academic year,Local authority,E92000001,England,E12000005,West Midlands,894,E06000020,Telford and Wrekin,By Age 25,Free School Meals,Free School Meals,Total,23.5
201415,Academic year,Local authority,E92000001,England,E12000002,North West,889,E06000008,Blackburn with Darwen,By Age 25,Free School Meals,Free School Meals,Total,40.3
201415,Academic year,Local authority,E92000001,England,E12000005,West Midlands,884,E06000019,Herefordshire,By Age 25,Free School Meals,Free School Meals,Total,23.1
201415,Academic year,Local authority,E92000001,England,E12000002,North West,351,E08000002,Bury,By Age 25,Free School Meals,Free School Meals,Total,40.7
201415,Academic year,Local authority,E92000001,England,E12000002,North West,895,E06000049,Cheshire East,By Age 25,Free School Meals,Free School Meals,Total,24.4
201415,Academic year,Local authority,E92000001,England,E12000003,Yorkshire and The Humber,381,E08000033,Calderdale,By Age 25,Free School Meals,Free School Meals,Total,37.2
201415,Academic year,Local authority,E92000001,England,E12000004,East Midlands,928,E10000021,Northamptonshire,By Age 25,Free School Meals,Free School Meals,Total,26.3
201415,Academic year,Local authority,E92000001,England,E12000002,North West,353,E08000004,Oldham,By Age 25,Free School Meals,Free School Meals,Total,43.9
201415,Academic year,Local authority,E92000001,England,E12000006,East of England,926,E10000020,Norfolk,By Age 25,Free School Meals,Free School Meals,Total,22.7
201415,Academic year,Local authority,E92000001,England,E12000008,South East,845,E10000011,East Sussex,By Age 25,Free School Meals,Free School Meals,Total,19.3
201415,Academic year,Local authority,E92000001,England,E12000008,South East,869,E06000037,West Berkshire,By Age 25,Free School Meals,Free School Meals,Total,23.6
201415,Academic year,Local authority,E92000001,England,E12000008,South East,826,E06000042,Milton Keynes,By Age 25,Free School Meals,Free School Meals,Total,33.8
201415,Academic year,Local authority,E92000001,England,E12000007,London,306,E09000008,Croydon,By Age 25,Free School Meals,Free School Meals,Total,50.1
201415,Academic year,Local authority,E92000001,England,E12000009,South West,908,E06000052,Cornwall,By Age 25,Free School Meals,Free School Meals,Total,28.1
201415,Academic year,Local authority,E92000001,England,E12000009,South West,865,E06000054,Wiltshire,By Age 25,Free School Meals,Free School Meals,Total,23.6
201415,Academic year,Local authority,E92000001,England,E12000002,North West,352,E08000003,Manchester,By Age 25,Free School Meals,Free School Meals,Total,44.4
201415,Academic year,Local authority,E92000001,England,E12000007,London,320,E09000031,Waltham Forest,By Age 25,Free School Meals,Free School Meals,Total,55.4
201415,Academic year,Local authority,E92000001,England,E12000005,West Midlands,333,E08000028,Sandwell,By Age 25,Free School Meals,Free School Meals,Total,35.9
201415,Academic year,Local authority,E92000001,England,E12000006,East of England,919,E10000015,Hertfordshire,By Age 25,Free School Meals,Free School Meals,Total,34.6
201415,Academic year,Local authority,E92000001,England,E12000002,North West,354,E08000005,Rochdale,By Age 25,Free School Meals,Free School Meals,Total,37.9
201415,Academic year,Local authority,E92000001,England,E12000003,Yorkshire and The Humber,812,E06000012,North East Lincolnshire,By Age 25,Free School Meals,Free School Meals,Total,24.6
201415,Academic year,Local authority,E92000001,England,E12000001,North East,806,E06000002,Middlesbrough,By Age 25,Free School Meals,Free School Meals,Total,38.6
201415,Academic year,Local authority,E92000001,England,E12000008,South East,931,E10000025,Oxfordshire,By Age 25,Free School Meals,Free School Meals,Total,32.1
201415,Academic year,Local authority,E92000001,England,E12000001,North East,393,E08000023,South Tyneside,By Age 25,Free School Meals,Free School Meals,Total,29.0
201415,Academic year,Local authority,E92000001,England,E12000001,North East,394,E08000024,Sunderland,By Age 25,Free School Meals,Free School Meals,Total,25.1
201415,Academic year,Local authority,E92000001,England,E12000008,South East,867,E06000036,Bracknell Forest,By Age 25,Free School Meals,Free School Meals,Total,14.6
201415,Academic year,Local authority,E92000001,England,E12000001,North East,392,E08000022,North Tyneside,By Age 25,Free School Meals,Free School Meals,Total,29.6
201415,Academic year,Local authority,E92000001,England,E12000007,London,302,E09000003,Barnet,By Age 25,Free School Meals,Free School Meals,Total,60.3
201415,Academic year,Local authority,E92000001,England,E12000003,Yorkshire and The Humber,383,E08000035,Leeds,By Age 25,Free School Meals,Free School Meals,Total,27.2
201415,Academic year,Local authority,E92000001,England,E12000001,North East,840,E06000047,Durham,By Age 25,Free School Meals,Free School Meals,Total,23.9
201415,Academic year,Local authority,E92000001,England,E12000003,Yorkshire and The Humber,370,E08000016,Barnsley,By Age 25,Free School Meals,Free School Meals,Total,20.0
201415,Academic year,Local authority,E92000001,England,E12000004,East Midlands,831,E06000015,Derby,By Age 25,Free School Meals,Free School Meals,Total,28.5
201415,Academic year,Local authority,E92000001,England,E12000003,Yorkshire and The Humber,815,E10000023,North Yorkshire,By Age 25,Free School Meals,Free School Meals,Total,31.1
201415,Academic year,Local authority,E92000001,England,E12000005,West Midlands,885,E10000034,Worcestershire,By Age 25,Free School Meals,Free School Meals,Total,27.0
201415,Academic year,Local authority,E92000001,England,E12000007,London,309,E09000014,Haringey,By Age 25,Free School Meals,Free School Meals,Total,60.5
201415,Academic year,Local authority,E92000001,England,E12000006,East of England,823,E06000056,Central Bedfordshire,By Age 25,Free School Meals,Free School Meals,Total,27.7
201415,Academic year,Local authority,E92000001,England,E12000009,South West,916,E10000013,Gloucestershire,By Age 25,Free School Meals,Free School Meals,Total,22.7
201415,Academic year,Local authority,E92000001,England,E12000005,West Midlands,336,E08000031,Wolverhampton,By Age 25,Free School Meals,Free School Meals,Total,37.6
201415,Academic year,Local authority,E92000001,England,E12000007,London,204,E09000012,Hackney,By Age 25,Free School Meals,Free School Meals,Total,61.5
201415,Academic year,Local authority,E92000001,England,E12000009,South West,802,E06000024,North Somerset,By Age 25,Free School Meals,Free School Meals,Total,29.2
201415,Academic year,Local authority,E92000001,England,E12000008,South East,872,E06000041,Wokingham,By Age 25,Free School Meals,Free School Meals,Total,20.0
201415,Academic year,Local authority,E92000001,England,E12000004,East Midlands,925,E10000019,Lincolnshire,By Age 25,Free School Meals,Free School Meals,Total,22.1
201415,Academic year,Local authority,E92000001,England,E12000005,West Midlands,334,E08000029,Solihull,By Age 25,Free School Meals,Free School Meals,Total,35.6
201415,Academic year,Local authority,E92000001,England,E12000009,South West,933,E10000027,Somerset,By Age 25,Free School Meals,Free School Meals,Total,22.8
201415,Academic year,Local authority,E92000001,England,E12000007,London,210,E09000028,Southwark,By Age 25,Free School Meals,Free School Meals,Total,60.6
201415,Academic year,Local authority,E92000001,England,E12000003,Yorkshire and The Humber,384,E08000036,Wakefield,By Age 25,Free School Meals,Free School Meals,Total,19.0
201415,Academic year,Local authority,E92000001,England,E12000007,London,209,E09000023,Lewisham,By Age 25,Free School Meals,Free School Meals,Total,45.7
201415,Academic year,Local authority,E92000001,England,E12000001,North East,841,E06000005,Darlington,By Age 25,Free School Meals,Free School Meals,Total,19.8
201415,Academic year,Local authority,E92000001,England,E12000009,South West,878,E10000008,Devon,By Age 25,Free School Meals,Free School Meals,Total,24.7
201415,Academic year,Local authority,E92000001,England,E12000005,West Midlands,860,E10000028,Staffordshire,By Age 25,Free School Meals,Free School Meals,Total,27.2
201415,Academic year,Local authority,E92000001,England,E12000002,North West,350,E08000001,Bolton,By Age 25,Free School Meals,Free School Meals,Total,38.0
201415,Academic year,Local authority,E92000001,England,E12000009,South West,866,E06000030,Swindon,By Age 25,Free School Meals,Free School Meals,Total,21.1
201415,Academic year,Local authority,E92000001,England,E12000007,London,308,E09000010,Enfield,By Age 25,Free School Meals,Free School Meals,Total,57.5
201415,Academic year,Local authority,E92000001,England,E12000001,North East,808,E06000004,Stockton-on-Tees,By Age 25,Free School Meals,Free School Meals,Total,35.7
201415,Academic year,Local authority,E92000001,England,E12000007,London,203,E09000011,Greenwich,By Age 25,Free School Meals,Free School Meals,Total,46.2
201415,Academic year,Local authority,E92000001,England,E12000006,East of England,821,E06000032,Luton,By Age 25,Free School Meals,Free School Meals,Total,52.0
201415,Academic year,Local authority,E92000001,England,E12000007,London,305,E09000006,Bromley,By Age 25,Free School Meals,Free School Meals,Total,32.2
201415,Academic year,Local authority,E92000001,England,E12000002,North West,340,E08000011,Knowsley,By Age 25,Free School Meals,Free School Meals,Total,18.1
201415,Academic year,Local authority,E92000001,England,E12000004,East Midlands,856,E06000016,Leicester,By Age 25,Free School Meals,Free School Meals,Total,37.0
201415,Academic year,Local authority,E92000001,England,E12000001,North East,805,E06000001,Hartlepool,By Age 25,Free School Meals,Free School Meals,Total,27.5
201415,Academic year,Local authority,E92000001,England,E12000008,South East,921,E06000046,Isle of Wight,By Age 25,Free School Meals,Free School Meals,Total,25.0
201415,Academic year,Local authority,E92000001,England,E12000008,South East,852,E06000045,Southampton,By Age 25,Free School Meals,Free School Meals,Total,24.6
201415,Academic year,Local authority,E92000001,England,E12000002,North West,357,E08000008,Tameside,By Age 25,Free School Meals,Free School Meals,Total,31.3
201415,Academic year,Local authority,E92000001,England,E12000002,North West,356,E08000007,Stockport,By Age 25,Free School Meals,Free School Meals,Total,32.5
201415,Academic year,Local authority,E92000001,England,E12000001,North East,390,E08000037,Gateshead,By Age 25,Free School Meals,Free School Meals,Total,24.4
201415,Academic year,Local authority,E92000001,England,E12000007,London,318,E09000027,Richmond upon Thames,By Age 25,Free School Meals,Free School Meals,Total,40.9
201415,Academic year,Local authority,E92000001,England,E12000002,North West,355,E08000006,Salford,By Age 25,Free School Meals,Free School Meals,Total,30.2
201415,Academic year,Local authority,E92000001,England,E12000004,East Midlands,892,E06000018,Nottingham,By Age 25,Free School Meals,Free School Meals,Total,26.9
201415,Academic year,Local authority,E92000001,England,E12000004,East Midlands,830,E10000007,Derbyshire,By Age 25,Free School Meals,Free School Meals,Total,23.0
201415,Academic year,Local authority,E92000001,England,E12000003,Yorkshire and The Humber,816,E06000014,York,By Age 25,Free School Meals,Free School Meals,Total,21.1
201415,Academic year,Local authority,E92000001,England,E12000008,South East,887,E06000035,Medway,By Age 25,Free School Meals,Free School Meals,Total,26.3
201415,Academic year,Local authority,E92000001,England,E12000008,South East,825,E10000002,Buckinghamshire,By Age 25,Free School Meals,Free School Meals,Total,32.1
201415,Academic year,Local authority,E92000001,England,E12000008,South East,846,E06000043,Brighton and Hove,By Age 25,Free School Meals,Free School Meals,Total,28.1
201415,Academic year,Local authority,E92000001,England,E12000001,North East,929,E06000057,Northumberland,By Age 25,Free School Meals,Free School Meals,Total,25.7
201415,Academic year,Local authority,E92000001,England,E12000006,East of England,874,E06000031,Peterborough,By Age 25,Free School Meals,Free School Meals,Total,28.5
201415,Academic year,Local authority,E92000001,England,E12000007,London,311,E09000016,Havering,By Age 25,Free School Meals,Free School Meals,Total,28.9
201415,Academic year,Local authority,E92000001,England,E12000007,London,303,E09000004,Bexley,By Age 25,Free School Meals,Free School Meals,Total,35.5
201415,Academic year,Local authority,E92000001,England,E12000007,London,304,E09000005,Brent,By Age 25,Free School Meals,Free School Meals,Total,63.5
201415,Academic year,Local authority,E92000001,England,E12000008,South East,938,E10000032,West Sussex,By Age 25,Free School Meals,Free School Meals,Total,24.7
201415,Academic year,Local authority,E92000001,England,E12000002,North West,358,E08000009,Trafford,By Age 25,Free School Meals,Free School Meals,Total,35.7
201415,Academic year,Local authority,E92000001,England,E12000007,London,301,E09000002,Barking and Dagenham,By Age 25,Free School Meals,Free School Meals,Total,45.5
201415,Academic year,Local authority,E92000001,England,E12000007,London,207,E09000020,Kensington and Chelsea,By Age 25,Free School Meals,Free School Meals,Total,71.0
201415,Academic year,Local authority,E92000001,England,E12000004,East Midlands,857,E06000017,Rutland,By Age 25,Free School Meals,Free School Meals,Total,38.5
201415,Academic year,Local authority,E92000001,England,E12000008,South East,868,E06000040,Windsor and Maidenhead,By Age 25,Free School Meals,Free School Meals,Total,29.8
201415,Academic year,Local authority,E92000001,England,E12000009,South West,803,E06000025,South Gloucestershire,By Age 25,Free School Meals,Free School Meals,Total,22.9
201415,Academic year,Local authority,E92000001,England,E12000007,London,316,E09000025,Newham,By Age 25,Free School Meals,Free School Meals,Total,63.7
201415,Academic year,Local authority,E92000001,England,E12000003,Yorkshire and The Humber,371,E08000017,Doncaster,By Age 25,Free School Meals,Free School Meals,Total,23.5
201415,Academic year,Local authority,E92000001,England,E12000004,East Midlands,855,E10000018,Leicestershire,By Age 25,Free School Meals,Free School Meals,Total,29.6
201415,Academic year,Local authority,E92000001,England,E12000008,South East,871,E06000039,Slough,By Age 25,Free School Meals,Free School Meals,Total,49.7
201415,Academic year,Local authority,E92000001,England,E12000002,North West,890,E06000009,Blackpool,By Age 25,Free School Meals,Free School Meals,Total,24.7
201415,Academic year,Local authority,E92000001,England,E12000002,North West,909,E10000006,Cumbria,By Age 25,Free School Meals,Free School Meals,Total,21.0
201415,Academic year,Local authority,E92000001,England,E12000004,East Midlands,891,E10000024,Nottinghamshire,By Age 25,Free School Meals,Free School Meals,Total,19.7
201415,Academic year,Local authority,E92000001,England,E12000001,North East,807,E06000003,Redcar and Cleveland,By Age 25,Free School Meals,Free School Meals,Total,29.6
201415,Academic year,Local authority,E92000001,England,E12000008,South East,936,E10000030,Surrey,By Age 25,Free School Meals,Free School Meals,Total,27.1
201415,Academic year,Local authority,E92000001,England,E12000007,London,213,E09000033,Westminster,By Age 25,Free School Meals,Free School Meals,Total,67.7
201415,Academic year,Local authority,E92000001,England,E12000007,London,202,E09000007,Camden,By Age 25,Free School Meals,Free School Meals,Total,61.1
201415,Academic year,Local authority,E92000001,England,E12000009,South West,800,E06000022,Bath and North East Somerset,By Age 25,Free School Meals,Free School Meals,Total,35.0
201415,Academic year,Local authority,E92000001,England,E12000007,London,313,E09000018,Hounslow,By Age 25,Free School Meals,Free School Meals,Total,56.8
201415,Academic year,Local authority,E92000001,England,E12000006,East of England,883,E06000034,Thurrock,By Age 25,Free School Meals,Free School Meals,Total,24.7
201415,Academic year,Local authority,E92000001,England,E12000007,London,206,E09000019,Islington,By Age 25,Free School Meals,Free School Meals,Total,59.5
201415,Academic year,Local authority,E92000001,England,E12000006,East of England,882,E06000033,Southend-on-Sea,By Age 25,Free School Meals,Free School Meals,Total,30.7
201415,Academic year,Local authority,E92000001,England,E12000002,North West,876,E06000006,Halton,By Age 25,Free School Meals,Free School Meals,Total,27.9
201415,Academic year,Local authority,E92000001,England,E12000002,North West,877,E06000007,Warrington,By Age 25,Free School Meals,Free School Meals,Total,28.0
201415,Academic year,Local authority,E92000001,England,E12000003,Yorkshire and The Humber,373,E08000019,Sheffield,By Age 25,Free School Meals,Free School Meals,Total,32.1
201415,Academic year,Local authority,E92000001,England,E12000007,London,317,E09000026,Redbridge,By Age 25,Free School Meals,Free School Meals,Total,60.1
201415,Academic year,Local authority,E92000001,England,E12000009,South West,879,E06000026,Plymouth,By Age 25,Free School Meals,Free School Meals,Total,28.3
201415,Academic year,Local authority,E92000001,England,E12000003,Yorkshire and The Humber,811,E06000011,East Riding of Yorkshire,By Age 25,Free School Meals,Free School Meals,Total,31.6
201415,Academic year,Local authority,E92000001,England,E12000008,South East,850,E10000014,Hampshire,By Age 25,Free School Meals,Free School Meals,Total,19.9
201415,Academic year,Local authority,E92000001,England,E12000005,West Midlands,335,E08000030,Walsall,By Age 25,Free School Meals,Free School Meals,Total,30.2
201415,Academic year,Local authority,E92000001,England,E12000003,Yorkshire and The Humber,810,E06000010,Kingston Upon Hull,By Age 25,Free School Meals,Free School Meals,Total,27.2
201415,Academic year,Local authority,E92000001,England,E12000007,London,205,E09000013,Hammersmith and Fulham,By Age 25,Free School Meals,Free School Meals,Total,64.3
201415,Academic year,Local authority,E92000001,England,E12000009,South West,801,E06000023,Bristol,By Age 25,Free School Meals,Free School Meals,Total,26.9
201415,Academic year,Local authority,E92000001,England,E12000008,South East,851,E06000044,Portsmouth,By Age 25,Free School Meals,Free School Meals,Total,27.0
201415,Academic year,Local authority,E92000001,England,E12000005,West Midlands,861,E06000021,Stoke-on-Trent,By Age 25,Free School Meals,Free School Meals,Total,28.5
201415,Academic year,Local authority,E92000001,England,E12000006,East of England,935,E10000029,Suffolk,By Age 25,Free School Meals,Free School Meals,Total,23.3
201415,Academic year,Local authority,E92000001,England,E12000002,North West,343,E08000014,Sefton,By Age 25,Free School Meals,Free School Meals,Total,32.4
201415,Academic year,Local authority,E92000001,England,E12000005,West Midlands,893,E06000051,Shropshire,By Age 25,Free School Meals,Free School Meals,Total,20.3
201415,Academic year,Local authority,E92000001,England,E12000007,London,208,E09000022,Lambeth,By Age 25,Free School Meals,Free School Meals,Total,50.7
201415,Academic year,Local authority,E92000001,England,E12000002,North West,359,E08000010,Wigan,By Age 25,Free School Meals,Free School Meals,Total,25.4
201415,Academic year,Local authority,E92000001,England,E12000003,Yorkshire and The Humber,380,E08000032,Bradford,By Age 25,Free School Meals,Free School Meals,Total,40.5
201415,Academic year,Local authority,E92000001,England,E12000003,Yorkshire and The Humber,382,E08000034,Kirklees,By Age 25,Free School Meals,Free School Meals,Total,39.8
201415,Academic year,Local authority,E92000001,England,E12000005,West Midlands,330,E08000025,Birmingham,By Age 25,Free School Meals,Free School Meals,Total,51.3
201415,Academic year,Local authority,E92000001,England,E12000007,London,319,E09000029,Sutton,By Age 25,Free School Meals,Free School Meals,Total,39.4
201415,Academic year,Local authority,E92000001,England,E12000003,Yorkshire and The Humber,813,E06000013,North Lincolnshire,By Age 25,Free School Meals,Free School Meals,Total,26.8
201415,Academic year,Local authority,E92000001,England,E12000009,South West,420,E06000053,Isles of Scilly,By Age 25,Free School Meals,Free School Meals,Total,50.0
202021,Academic year,Local authority,E92000001,England,E12000007,London,212,E09000032,Wandsworth,By Age 19,Free School Meals,All Other Pupils,High tariff,20.5
202021,Academic year,Local authority,E92000001,England,E12000008,South East,872,E06000041,Wokingham,By Age 19,Free School Meals,All Other Pupils,High tariff,18.1
202021,Academic year,Local authority,E92000001,England,E12000007,London,316,E09000025,Newham,By Age 19,Free School Meals,All Other Pupils,High tariff,16.6
202021,Academic year,Local authority,E92000001,England,E12000009,South West,933,E10000027,Somerset,By Age 19,Free School Meals,All Other Pupils,High tariff,10.7
202021,Academic year,Local authority,E92000001,England,E12000008,South East,850,E10000014,Hampshire,By Age 19,Free School Meals,All Other Pupils,High tariff,13.1
202021,Academic year,Local authority,E92000001,England,E12000007,London,209,E09000023,Lewisham,By Age 19,Free School Meals,All Other Pupils,High tariff,14.7
202021,Academic year,Local authority,E92000001,England,E12000008,South East,887,E06000035,Medway,By Age 19,Free School Meals,All Other Pupils,High tariff,10.4
202021,Academic year,Local authority,E92000001,England,E12000009,South West,866,E06000030,Swindon,By Age 19,Free School Meals,All Other Pupils,High tariff,7.9
202021,Academic year,Local authority,E92000001,England,E12000002,North West,355,E08000006,Salford,By Age 19,Free School Meals,All Other Pupils,High tariff,7.6
202021,Academic year,Local authority,E92000001,England,E12000003,Yorkshire and The Humber,382,E08000034,Kirklees,By Age 19,Free School Meals,All Other Pupils,High tariff,11.5
202021,Academic year,Local authority,E92000001,England,E12000004,East Midlands,855,E10000018,Leicestershire,By Age 19,Free School Meals,All Other Pupils,High tariff,10.5
202021,Academic year,Local authority,E92000001,England,E12000002,North West,358,E08000009,Trafford,By Age 19,Free School Meals,All Other Pupils,High tariff,31.3
202021,Academic year,Local authority,E92000001,England,E12000002,North West,896,E06000050,Cheshire West and Chester,By Age 19,Free School Meals,All Other Pupils,High tariff,15.5
202021,Academic year,Local authority,E92000001,England,E12000002,North West,895,E06000049,Cheshire East,By Age 19,Free School Meals,All Other Pupils,High tariff,14.8
202021,Academic year,Local authority,E92000001,England,E12000009,South West,916,E10000013,Gloucestershire,By Age 19,Free School Meals,All Other Pupils,High tariff,18.0
202021,Academic year,Local authority,E92000001,England,E12000007,London,303,E09000004,Bexley,By Age 19,Free School Meals,All Other Pupils,High tariff,19.6
202021,Academic year,Local authority,E92000001,England,E12000007,London,308,E09000010,Enfield,By Age 19,Free School Meals,All Other Pupils,High tariff,17.8
202021,Academic year,Local authority,E92000001,England,E12000005,West Midlands,331,E08000026,Coventry,By Age 19,Free School Meals,All Other Pupils,High tariff,9.3
202021,Academic year,Local authority,E92000001,England,E12000001,North East,808,E06000004,Stockton-on-Tees,By Age 19,Free School Meals,All Other Pupils,High tariff,9.6
202021,Academic year,Local authority,E92000001,England,E12000009,South West,879,E06000026,Plymouth,By Age 19,Free School Meals,All Other Pupils,High tariff,9.4
202021,Academic year,Local authority,E92000001,England,E12000003,Yorkshire and The Humber,811,E06000011,East Riding of Yorkshire,By Age 19,Free School Meals,All Other Pupils,High tariff,10.6
202021,Academic year,Local authority,E92000001,England,E12000008,South East,921,E06000046,Isle of Wight,By Age 19,Free School Meals,All Other Pupils,High tariff,7.3
202021,Academic year,Local authority,E92000001,England,E12000008,South East,867,E06000036,Bracknell Forest,By Age 19,Free School Meals,All Other Pupils,High tariff,12.5
202021,Academic year,Local authority,E92000001,England,E12000002,North West,343,E08000014,Sefton,By Age 19,Free School Meals,All Other Pupils,High tariff,9.4
202021,Academic year,Local authority,E92000001,England,E12000003,Yorkshire and The Humber,383,E08000035,Leeds,By Age 19,Free School Meals,All Other Pupils,High tariff,14.4
202021,Academic year,Local authority,E92000001,England,E12000008,South East,868,E06000040,Windsor and Maidenhead,By Age 19,Free School Meals,All Other Pupils,High tariff,17.0
202021,Academic year,Local authority,E92000001,England,E12000007,London,314,E09000021,Kingston upon Thames,By Age 19,Free School Meals,All Other Pupils,High tariff,32.4
202021,Academic year,Local authority,E92000001,England,E12000007,London,206,E09000019,Islington,By Age 19,Free School Meals,All Other Pupils,High tariff,17.6
202021,Academic year,Local authority,E92000001,England,E12000008,South East,852,E06000045,Southampton,By Age 19,Free School Meals,All Other Pupils,High tariff,11.4
202021,Academic year,Local authority,E92000001,England,E12000007,London,301,E09000002,Barking and Dagenham,By Age 19,Free School Meals,All Other Pupils,High tariff,15.0
202021,Academic year,Local authority,E92000001,England,E12000004,East Midlands,830,E10000007,Derbyshire,By Age 19,Free School Meals,All Other Pupils,High tariff,11.5
202021,Academic year,Local authority,E92000001,England,E12000007,London,213,E09000033,Westminster,By Age 19,Free School Meals,All Other Pupils,High tariff,25.5
202021,Academic year,Local authority,E92000001,England,E12000007,London,211,E09000030,Tower Hamlets,By Age 19,Free School Meals,All Other Pupils,High tariff,19.9
202021,Academic year,Local authority,E92000001,England,E12000002,North West,876,E06000006,Halton,By Age 19,Free School Meals,All Other Pupils,High tariff,11.9
202021,Academic year,Local authority,E92000001,England,E12000006,East of England,822,E06000055,Bedford,By Age 19,Free School Meals,All Other Pupils,High tariff,7.7
202021,Academic year,Local authority,E92000001,England,E12000001,North East,393,E08000023,South Tyneside,By Age 19,Free School Meals,All Other Pupils,High tariff,9.9
202021,Academic year,Local authority,E92000001,England,E12000007,London,208,E09000022,Lambeth,By Age 19,Free School Meals,All Other Pupils,High tariff,14.8
202021,Academic year,Local authority,E92000001,England,E12000008,South East,936,E10000030,Surrey,By Age 19,Free School Meals,All Other Pupils,High tariff,18.5
202021,Academic year,Local authority,E92000001,England,E12000003,Yorkshire and The Humber,372,E08000018,Rotherham,By Age 19,Free School Meals,All Other Pupils,High tariff,7.4
202021,Academic year,Local authority,E92000001,England,E12000002,North West,890,E06000009,Blackpool,By Age 19,Free School Meals,All Other Pupils,High tariff,6.5
202021,Academic year,Local authority,E92000001,England,E12000007,London,317,E09000026,Redbridge,By Age 19,Free School Meals,All Other Pupils,High tariff,22.7
202021,Academic year,Local authority,E92000001,England,E12000001,North East,841,E06000005,Darlington,By Age 19,Free School Meals,All Other Pupils,High tariff,12.6
202021,Academic year,Local authority,E92000001,England,E12000002,North West,350,E08000001,Bolton,By Age 19,Free School Meals,All Other Pupils,High tariff,7.8
202021,Academic year,Local authority,E92000001,England,E12000003,Yorkshire and The Humber,381,E08000033,Calderdale,By Age 19,Free School Meals,All Other Pupils,High tariff,13.0
202021,Academic year,Local authority,E92000001,England,E12000007,London,320,E09000031,Waltham Forest,By Age 19,Free School Meals,All Other Pupils,High tariff,14.5
202021,Academic year,Local authority,E92000001,England,E12000003,Yorkshire and The Humber,816,E06000014,York,By Age 19,Free School Meals,All Other Pupils,High tariff,19.9
202021,Academic year,Local authority,E92000001,England,E12000002,North West,888,E10000017,Lancashire,By Age 19,Free School Meals,All Other Pupils,High tariff,12.0
202021,Academic year,Local authority,E92000001,England,E12000008,South East,846,E06000043,Brighton and Hove,By Age 19,Free School Meals,All Other Pupils,High tariff,20.4
202021,Academic year,Local authority,E92000001,England,E12000004,East Midlands,857,E06000017,Rutland,By Age 19,Free School Meals,All Other Pupils,High tariff,17.9
202021,Academic year,Local authority,E92000001,England,E12000008,South East,845,E10000011,East Sussex,By Age 19,Free School Meals,All Other Pupils,High tariff,9.9
202021,Academic year,Local authority,E92000001,England,E12000009,South West,880,E06000027,Torbay,By Age 19,Free School Meals,All Other Pupils,High tariff,18.4
202021,Academic year,Local authority,E92000001,England,E12000007,London,315,E09000024,Merton,By Age 19,Free School Meals,All Other Pupils,High tariff,17.5
202021,Academic year,Local authority,E92000001,England,E12000003,Yorkshire and The Humber,380,E08000032,Bradford,By Age 19,Free School Meals,All Other Pupils,High tariff,8.2
202021,Academic year,Local authority,E92000001,England,E12000009,South West,839,"E06000058
","Bournemouth, Christchurch and Poole",By Age 19,Free School Meals,All Other Pupils,High tariff,14.9
202021,Academic year,Local authority,E92000001,England,E12000003,Yorkshire and The Humber,812,E06000012,North East Lincolnshire,By Age 19,Free School Meals,All Other Pupils,High tariff,5.9
202021,Academic year,Local authority,E92000001,England,E12000003,Yorkshire and The Humber,370,E08000016,Barnsley,By Age 19,Free School Meals,All Other Pupils,High tariff,8.6
202021,Academic year,Local authority,E92000001,England,E12000007,London,313,E09000018,Hounslow,By Age 19,Free School Meals,All Other Pupils,High tariff,17.9
202021,Academic year,Local authority,E92000001,England,E12000007,London,312,E09000017,Hillingdon,By Age 19,Free School Meals,All Other Pupils,High tariff,14.8
202021,Academic year,Local authority,E92000001,England,E12000003,Yorkshire and The Humber,813,E06000013,North Lincolnshire,By Age 19,Free School Meals,All Other Pupils,High tariff,5.9
202021,Academic year,Local authority,E92000001,England,E12000009,South West,838,E06000059,Dorset,By Age 19,Free School Meals,All Other Pupils,High tariff,11.2
202021,Academic year,Local authority,E92000001,England,E12000004,East Midlands,856,E06000016,Leicester,By Age 19,Free School Meals,All Other Pupils,High tariff,8.2
202021,Academic year,Local authority,E92000001,England,E12000008,South East,869,E06000037,West Berkshire,By Age 19,Free School Meals,All Other Pupils,High tariff,17.0
202021,Academic year,Local authority,E92000001,England,E12000009,South West,420,E06000053,Isles of Scilly,By Age 19,Free School Meals,All Other Pupils,High tariff,8.3
202021,Academic year,Local authority,E92000001,England,E12000002,North West,889,E06000008,Blackburn with Darwen,By Age 19,Free School Meals,All Other Pupils,High tariff,9.4
202021,Academic year,Local authority,E92000001,England,E12000007,London,205,E09000013,Hammersmith and Fulham,By Age 19,Free School Meals,All Other Pupils,High tariff,32.2
202021,Academic year,Local authority,E92000001,England,E12000009,South West,802,E06000024,North Somerset,By Age 19,Free School Meals,All Other Pupils,High tariff,13.0
202021,Academic year,Local authority,E92000001,England,E12000001,North East,391,E08000021,Newcastle upon Tyne,By Age 19,Free School Meals,All Other Pupils,High tariff,16.3
202021,Academic year,Local authority,E92000001,England,E12000002,North West,354,E08000005,Rochdale,By Age 19,Free School Meals,All Other Pupils,High tariff,9.1
202021,Academic year,Local authority,E92000001,England,E12000009,South West,803,E06000025,South Gloucestershire,By Age 19,Free School Meals,All Other Pupils,High tariff,9.6
202021,Academic year,Local authority,E92000001,England,E12000005,West Midlands,894,E06000020,Telford and Wrekin,By Age 19,Free School Meals,All Other Pupils,High tariff,12.5
202021,Academic year,Local authority,E92000001,England,E12000002,North West,356,E08000007,Stockport,By Age 19,Free School Meals,All Other Pupils,High tariff,14.3
202021,Academic year,Local authority,E92000001,England,E12000006,East of England,883,E06000034,Thurrock,By Age 19,Free School Meals,All Other Pupils,High tariff,8.0
202021,Academic year,Local authority,E92000001,England,E12000008,South East,851,E06000044,Portsmouth,By Age 19,Free School Meals,All Other Pupils,High tariff,6.3
202021,Academic year,Local authority,E92000001,England,E12000007,London,202,E09000007,Camden,By Age 19,Free School Meals,All Other Pupils,High tariff,24.2
202021,Academic year,Local authority,E92000001,England,E12000007,London,302,E09000003,Barnet,By Age 19,Free School Meals,All Other Pupils,High tariff,29.5
202021,Academic year,Local authority,E92000001,England,E12000005,West Midlands,335,E08000030,Walsall,By Age 19,Free School Meals,All Other Pupils,High tariff,10.0
202021,Academic year,Local authority,E92000001,England,E12000008,South East,931,E10000025,Oxfordshire,By Age 19,Free School Meals,All Other Pupils,High tariff,16.7
202021,Academic year,Local authority,E92000001,England,E12000006,East of England,882,E06000033,Southend-on-Sea,By Age 19,Free School Meals,All Other Pupils,High tariff,22.9
202021,Academic year,Local authority,E92000001,England,E12000005,West Midlands,333,E08000028,Sandwell,By Age 19,Free School Meals,All Other Pupils,High tariff,6.9
202021,Academic year,Local authority,E92000001,England,E12000001,North East,806,E06000002,Middlesbrough,By Age 19,Free School Meals,All Other Pupils,High tariff,5.7
202021,Academic year,Local authority,E92000001,England,E12000009,South West,801,E06000023,Bristol,By Age 19,Free School Meals,All Other Pupils,High tariff,15.6
202021,Academic year,Local authority,E92000001,England,E12000009,South West,878,E10000008,Devon,By Age 19,Free School Meals,All Other Pupils,High tariff,13.0
202021,Academic year,Local authority,E92000001,England,E12000004,East Midlands,892,E06000018,Nottingham,By Age 19,Free School Meals,All Other Pupils,High tariff,9.8
202021,Academic year,Local authority,E92000001,England,E12000001,North East,394,E08000024,Sunderland,By Age 19,Free School Meals,All Other Pupils,High tariff,9.3
202021,Academic year,Local authority,E92000001,England,E12000004,East Midlands,831,E06000015,Derby,By Age 19,Free School Meals,All Other Pupils,High tariff,9.3
202021,Academic year,Local authority,E92000001,England,E12000008,South East,870,E06000038,Reading,By Age 19,Free School Meals,All Other Pupils,High tariff,24.6
202021,Academic year,Local authority,E92000001,England,E12000009,South West,865,E06000054,Wiltshire,By Age 19,Free School Meals,All Other Pupils,High tariff,14.8
202021,Academic year,Local authority,E92000001,England,E12000004,East Midlands,925,E10000019,Lincolnshire,By Age 19,Free School Meals,All Other Pupils,High tariff,13.0
202021,Academic year,Local authority,E92000001,England,E12000005,West Midlands,885,E10000034,Worcestershire,By Age 19,Free School Meals,All Other Pupils,High tariff,10.2
202021,Academic year,Local authority,E92000001,England,E12000003,Yorkshire and The Humber,815,E10000023,North Yorkshire,By Age 19,Free School Meals,All Other Pupils,High tariff,16.5
202021,Academic year,Local authority,E92000001,England,E12000001,North East,805,E06000001,Hartlepool,By Age 19,Free School Meals,All Other Pupils,High tariff,8.2
202021,Academic year,Local authority,E92000001,England,E12000002,North West,352,E08000003,Manchester,By Age 19,Free School Meals,All Other Pupils,High tariff,12.5
202021,Academic year,Local authority,E92000001,England,E12000005,West Midlands,937,E10000031,Warwickshire,By Age 19,Free School Meals,All Other Pupils,High tariff,16.3
202021,Academic year,Local authority,E92000001,England,E12000002,North West,341,E08000012,Liverpool,By Age 19,Free School Meals,All Other Pupils,High tariff,15.4
202021,Academic year,Local authority,E92000001,England,E12000007,London,310,E09000015,Harrow,By Age 19,Free School Meals,All Other Pupils,High tariff,19.6
202021,Academic year,Local authority,E92000001,England,E12000001,North East,807,E06000003,Redcar and Cleveland,By Age 19,Free School Meals,All Other Pupils,High tariff,6.5
202021,Academic year,Local authority,E92000001,England,E12000006,East of England,823,E06000056,Central Bedfordshire,By Age 19,Free School Meals,All Other Pupils,High tariff,9.1
202021,Academic year,Local authority,E92000001,England,E12000005,West Midlands,332,E08000027,Dudley,By Age 19,Free School Meals,All Other Pupils,High tariff,7.1
202021,Academic year,Local authority,E92000001,England,E12000002,North West,344,E08000015,Wirral,By Age 19,Free School Meals,All Other Pupils,High tariff,16.9
202021,Academic year,Local authority,E92000001,England,E12000002,North West,357,E08000008,Tameside,By Age 19,Free School Meals,All Other Pupils,High tariff,8.8
202021,Academic year,Local authority,E92000001,England,E12000005,West Midlands,861,E06000021,Stoke-on-Trent,By Age 19,Free School Meals,All Other Pupils,High tariff,6.6
202021,Academic year,Local authority,E92000001,England,E12000008,South East,871,E06000039,Slough,By Age 19,Free School Meals,All Other Pupils,High tariff,21.7
202021,Academic year,Local authority,E92000001,England,E12000007,London,207,E09000020,Kensington and Chelsea,By Age 19,Free School Meals,All Other Pupils,High tariff,26.1
202021,Academic year,Local authority,E92000001,England,E12000005,West Midlands,330,E08000025,Birmingham,By Age 19,Free School Meals,All Other Pupils,High tariff,14.2
202021,Academic year,Local authority,E92000001,England,E12000008,South East,886,E10000016,Kent,By Age 19,Free School Meals,All Other Pupils,High tariff,15.2
202021,Academic year,Local authority,E92000001,England,E12000002,North West,909,E10000006,Cumbria,By Age 19,Free School Meals,All Other Pupils,High tariff,10.5
202021,Academic year,Local authority,E92000001,England,E12000007,London,305,E09000006,Bromley,By Age 19,Free School Meals,All Other Pupils,High tariff,21.1
202021,Academic year,Local authority,E92000001,England,E12000005,West Midlands,334,E08000029,Solihull,By Age 19,Free School Meals,All Other Pupils,High tariff,13.0
202021,Academic year,Local authority,E92000001,England,E12000005,West Midlands,884,E06000019,Herefordshire,By Age 19,Free School Meals,All Other Pupils,High tariff,12.0
202021,Academic year,Local authority,E92000001,England,E12000002,North West,359,E08000010,Wigan,By Age 19,Free School Meals,All Other Pupils,High tariff,10.0
202021,Academic year,Local authority,E92000001,England,E12000007,London,307,E09000009,Ealing,By Age 19,Free School Meals,All Other Pupils,High tariff,21.1
202021,Academic year,Local authority,E92000001,England,E12000007,London,304,E09000005,Brent,By Age 19,Free School Meals,All Other Pupils,High tariff,20.9
202021,Academic year,Local authority,E92000001,England,E12000005,West Midlands,336,E08000031,Wolverhampton,By Age 19,Free School Meals,All Other Pupils,High tariff,10.4
202021,Academic year,Local authority,E92000001,England,E12000001,North East,392,E08000022,North Tyneside,By Age 19,Free School Meals,All Other Pupils,High tariff,12.8
202021,Academic year,Local authority,E92000001,England,E12000001,North East,390,E08000037,Gateshead,By Age 19,Free School Meals,All Other Pupils,High tariff,12.9
202021,Academic year,Local authority,E92000001,England,E12000001,North East,929,E06000057,Northumberland,By Age 19,Free School Meals,All Other Pupils,High tariff,12.5
202021,Academic year,Local authority,E92000001,England,E12000006,East of England,881,E10000012,Essex,By Age 19,Free School Meals,All Other Pupils,High tariff,11.3
202021,Academic year,Local authority,E92000001,England,E12000004,East Midlands,891,E10000024,Nottinghamshire,By Age 19,Free School Meals,All Other Pupils,High tariff,12.6
202021,Academic year,Local authority,E92000001,England,E12000008,South East,938,E10000032,West Sussex,By Age 19,Free School Meals,All Other Pupils,High tariff,12.4
202021,Academic year,Local authority,E92000001,England,E12000003,Yorkshire and The Humber,373,E08000019,Sheffield,By Age 19,Free School Meals,All Other Pupils,High tariff,15.0
202021,Academic year,Local authority,E92000001,England,E12000003,Yorkshire and The Humber,371,E08000017,Doncaster,By Age 19,Free School Meals,All Other Pupils,High tariff,10.1
202021,Academic year,Local authority,E92000001,England,E12000003,Yorkshire and The Humber,810,E06000010,Kingston Upon Hull,By Age 19,Free School Meals,All Other Pupils,High tariff,6.3
202021,Academic year,Local authority,E92000001,England,E12000006,East of England,919,E10000015,Hertfordshire,By Age 19,Free School Meals,All Other Pupils,High tariff,20.6
202021,Academic year,Local authority,E92000001,England,E12000008,South East,825,E10000002,Buckinghamshire,By Age 19,Free School Meals,All Other Pupils,High tariff,29.5
202021,Academic year,Local authority,E92000001,England,E12000006,East of England,821,E06000032,Luton,By Age 19,Free School Meals,All Other Pupils,High tariff,7.8
202021,Academic year,Local authority,E92000001,England,E12000006,East of England,926,E10000020,Norfolk,By Age 19,Free School Meals,All Other Pupils,High tariff,8.3
202021,Academic year,Local authority,E92000001,England,E12000002,North West,353,E08000004,Oldham,By Age 19,Free School Meals,All Other Pupils,High tariff,9.2
202021,Academic year,Local authority,E92000001,England,E12000002,North West,342,E08000013,St. Helens,By Age 19,Free School Meals,All Other Pupils,High tariff,9.4
202021,Academic year,Local authority,E92000001,England,E12000007,London,309,E09000014,Haringey,By Age 19,Free School Meals,All Other Pupils,High tariff,21.4
202021,Academic year,Local authority,E92000001,England,E12000002,North West,351,E08000002,Bury,By Age 19,Free School Meals,All Other Pupils,High tariff,11.5
202021,Academic year,Local authority,E92000001,England,E12000006,East of England,874,E06000031,Peterborough,By Age 19,Free School Meals,All Other Pupils,High tariff,10.9
202021,Academic year,Local authority,E92000001,England,E12000006,East of England,873,E10000003,Cambridgeshire,By Age 19,Free School Meals,All Other Pupils,High tariff,17.6
202021,Academic year,Local authority,E92000001,England,E12000009,South West,908,E06000052,Cornwall,By Age 19,Free School Meals,All Other Pupils,High tariff,9.5
202021,Academic year,Local authority,E92000001,England,E12000005,West Midlands,893,E06000051,Shropshire,By Age 19,Free School Meals,All Other Pupils,High tariff,10.1
202021,Academic year,Local authority,E92000001,England,E12000001,North East,840,E06000047,Durham,By Age 19,Free School Meals,All Other Pupils,High tariff,10.9
202021,Academic year,Local authority,E92000001,England,E12000002,North West,877,E06000007,Warrington,By Age 19,Free School Meals,All Other Pupils,High tariff,16.4
202021,Academic year,Local authority,E92000001,England,E12000006,East of England,935,E10000029,Suffolk,By Age 19,Free School Meals,All Other Pupils,High tariff,9.0
202021,Academic year,Local authority,E92000001,England,E12000008,South East,826,E06000042,Milton Keynes,By Age 19,Free School Meals,All Other Pupils,High tariff,10.0
202021,Academic year,Local authority,E92000001,England,E12000009,South West,800,E06000022,Bath and North East Somerset,By Age 19,Free School Meals,All Other Pupils,High tariff,17.6
202021,Academic year,Local authority,E92000001,England,E12000004,East Midlands,928,E10000021,Northamptonshire,By Age 19,Free School Meals,All Other Pupils,High tariff,10.8
202021,Academic year,Local authority,E92000001,England,E12000007,London,311,E09000016,Havering,By Age 19,Free School Meals,All Other Pupils,High tariff,11.0
202021,Academic year,Local authority,E92000001,England,E12000007,London,204,E09000012,Hackney,By Age 19,Free School Meals,All Other Pupils,High tariff,21.6
202021,Academic year,Local authority,E92000001,England,E12000003,Yorkshire and The Humber,384,E08000036,Wakefield,By Age 19,Free School Meals,All Other Pupils,High tariff,9.6
202021,Academic year,Local authority,E92000001,England,E12000007,London,210,E09000028,Southwark,By Age 19,Free School Meals,All Other Pupils,High tariff,23.2
202021,Academic year,Local authority,E92000001,England,E12000007,London,203,E09000011,Greenwich,By Age 19,Free School Meals,All Other Pupils,High tariff,12.9
202021,Academic year,Local authority,E92000001,England,E12000007,London,318,E09000027,Richmond upon Thames,By Age 19,Free School Meals,All Other Pupils,High tariff,30.7
202021,Academic year,Local authority,E92000001,England,E12000002,North West,340,E08000011,Knowsley,By Age 19,Free School Meals,All Other Pupils,High tariff,4.1
202021,Academic year,Local authority,E92000001,England,E12000007,London,306,E09000008,Croydon,By Age 19,Free School Meals,All Other Pupils,High tariff,10.9
202021,Academic year,Local authority,E92000001,England,E12000007,London,319,E09000029,Sutton,By Age 19,Free School Meals,All Other Pupils,High tariff,32.9
202021,Academic year,Local authority,E92000001,England,E12000005,West Midlands,860,E10000028,Staffordshire,By Age 19,Free School Meals,All Other Pupils,High tariff,8.4
202021,Academic year,National,E92000001,England,,,,,,By Age 19,Free School Meals,All Other Pupils,High tariff,13.9
202021,Academic year,National,E92000001,England,,,,,,By Age 19,Free School Meals,All Other Pupils,Total,48.4
202021,Academic year,Regional,E92000001,England,E12000006,East of England,,,,By Age 19,Free School Meals,All Other Pupils,Total,46.0
202021,Academic year,Regional,E92000001,England,E12000007,London,,,,By Age 19,Free School Meals,All Other Pupils,Total,64.0
202021,Academic year,Regional,E92000001,England,E12000005,West Midlands,,,,By Age 19,Free School Meals,All Other Pupils,Total,47.4
202021,Academic year,Regional,E92000001,England,E12000004,East Midlands,,,,By Age 19,Free School Meals,All Other Pupils,Total,45.2
202021,Academic year,Regional,E92000001,England,E12000003,Yorkshire and The Humber,,,,By Age 19,Free School Meals,All Other Pupils,Total,44.3
202021,Academic year,Regional,E92000001,England,E12000002,North West,,,,By Age 19,Free School Meals,All Other Pupils,Total,46.2
202021,Academic year,Regional,E92000001,England,E12000008,South East,,,,By Age 19,Free School Meals,All Other Pupils,Total,48.6
202021,Academic year,Regional,E92000001,England,E12000009,South West,,,,By Age 19,Free School Meals,All Other Pupils,Total,41.7
202021,Academic year,Regional,E92000001,England,E12000001,North East,,,,By Age 19,Free School Meals,All Other Pupils,Total,44.5
202021,Academic year,Regional,E92000001,England,E12000006,East of England,,,,By Age 19,Free School Meals,All Other Pupils,High tariff,13.2
202021,Academic year,Regional,E92000001,England,E12000007,London,,,,By Age 19,Free School Meals,All Other Pupils,High tariff,20.2
202021,Academic year,Regional,E92000001,England,E12000005,West Midlands,,,,By Age 19,Free School Meals,All Other Pupils,High tariff,11.0
202021,Academic year,Regional,E92000001,England,E12000004,East Midlands,,,,By Age 19,Free School Meals,All Other Pupils,High tariff,11.3
202021,Academic year,Regional,E92000001,England,E12000003,Yorkshire and The Humber,,,,By Age 19,Free School Meals,All Other Pupils,High tariff,11.7
202021,Academic year,Regional,E92000001,England,E12000002,North West,,,,By Age 19,Free School Meals,All Other Pupils,High tariff,12.6
202021,Academic year,Regional,E92000001,England,E12000008,South East,,,,By Age 19,Free School Meals,All Other Pupils,High tariff,15.7
202021,Academic year,Regional,E92000001,England,E12000009,South West,,,,By Age 19,Free School Meals,All Other Pupils,High tariff,13.2
202021,Academic year,Regional,E92000001,England,E12000001,North East,,,,By Age 19,Free School Meals,All Other Pupils,High tariff,11.0
202021,Academic year,Local authority,E92000001,England,E12000008,South East,872,E06000041,Wokingham,By Age 19,Free School Meals,All Other Pupils,Total,57.5
202021,Academic year,Local authority,E92000001,England,E12000007,London,212,E09000032,Wandsworth,By Age 19,Free School Meals,All Other Pupils,Total,64.6
202021,Academic year,Local authority,E92000001,England,E12000009,South West,866,E06000030,Swindon,By Age 19,Free School Meals,All Other Pupils,Total,37.4
202021,Academic year,Local authority,E92000001,England,E12000007,London,209,E09000023,Lewisham,By Age 19,Free School Meals,All Other Pupils,Total,60.0
202021,Academic year,Local authority,E92000001,England,E12000007,London,316,E09000025,Newham,By Age 19,Free School Meals,All Other Pupils,Total,66.6
202021,Academic year,Local authority,E92000001,England,E12000008,South East,850,E10000014,Hampshire,By Age 19,Free School Meals,All Other Pupils,Total,43.7
202021,Academic year,Local authority,E92000001,England,E12000008,South East,887,E06000035,Medway,By Age 19,Free School Meals,All Other Pupils,Total,44.7
202021,Academic year,Local authority,E92000001,England,E12000009,South West,933,E10000027,Somerset,By Age 19,Free School Meals,All Other Pupils,Total,35.7
202021,Academic year,Local authority,E92000001,England,E12000002,North West,355,E08000006,Salford,By Age 19,Free School Meals,All Other Pupils,Total,37.6
202021,Academic year,Local authority,E92000001,England,E12000003,Yorkshire and The Humber,382,E08000034,Kirklees,By Age 19,Free School Meals,All Other Pupils,Total,47.9
202021,Academic year,Local authority,E92000001,England,E12000004,East Midlands,855,E10000018,Leicestershire,By Age 19,Free School Meals,All Other Pupils,Total,44.4
202021,Academic year,Local authority,E92000001,England,E12000002,North West,358,E08000009,Trafford,By Age 19,Free School Meals,All Other Pupils,Total,64.2
202021,Academic year,Local authority,E92000001,England,E12000009,South West,916,E10000013,Gloucestershire,By Age 19,Free School Meals,All Other Pupils,Total,49.2
202021,Academic year,Local authority,E92000001,England,E12000002,North West,895,E06000049,Cheshire East,By Age 19,Free School Meals,All Other Pupils,Total,48.1
202021,Academic year,Local authority,E92000001,England,E12000002,North West,896,E06000050,Cheshire West and Chester,By Age 19,Free School Meals,All Other Pupils,Total,47.7
202021,Academic year,Local authority,E92000001,England,E12000007,London,308,E09000010,Enfield,By Age 19,Free School Meals,All Other Pupils,Total,62.8
202021,Academic year,Local authority,E92000001,England,E12000007,London,303,E09000004,Bexley,By Age 19,Free School Meals,All Other Pupils,Total,57.6
202021,Academic year,Local authority,E92000001,England,E12000005,West Midlands,331,E08000026,Coventry,By Age 19,Free School Meals,All Other Pupils,Total,51.1
202021,Academic year,Local authority,E92000001,England,E12000001,North East,808,E06000004,Stockton-on-Tees,By Age 19,Free School Meals,All Other Pupils,Total,46.7
202021,Academic year,Local authority,E92000001,England,E12000009,South West,879,E06000026,Plymouth,By Age 19,Free School Meals,All Other Pupils,Total,39.9
202021,Academic year,Local authority,E92000001,England,E12000008,South East,921,E06000046,Isle of Wight,By Age 19,Free School Meals,All Other Pupils,Total,34.5
202021,Academic year,Local authority,E92000001,England,E12000002,North West,343,E08000014,Sefton,By Age 19,Free School Meals,All Other Pupils,Total,43.6
202021,Academic year,Local authority,E92000001,England,E12000003,Yorkshire and The Humber,811,E06000011,East Riding of Yorkshire,By Age 19,Free School Meals,All Other Pupils,Total,44.3
202021,Academic year,Local authority,E92000001,England,E12000008,South East,867,E06000036,Bracknell Forest,By Age 19,Free School Meals,All Other Pupils,Total,45.1
202021,Academic year,Local authority,E92000001,England,E12000008,South East,868,E06000040,Windsor and Maidenhead,By Age 19,Free School Meals,All Other Pupils,Total,53.1
202021,Academic year,Local authority,E92000001,England,E12000003,Yorkshire and The Humber,383,E08000035,Leeds,By Age 19,Free School Meals,All Other Pupils,Total,48.4
202021,Academic year,Local authority,E92000001,England,E12000007,London,314,E09000021,Kingston upon Thames,By Age 19,Free School Meals,All Other Pupils,Total,70.1
202021,Academic year,Local authority,E92000001,England,E12000007,London,206,E09000019,Islington,By Age 19,Free School Meals,All Other Pupils,Total,57.1
202021,Academic year,Local authority,E92000001,England,E12000007,London,301,E09000002,Barking and Dagenham,By Age 19,Free School Meals,All Other Pupils,Total,63.9
202021,Academic year,Local authority,E92000001,England,E12000007,London,211,E09000030,Tower Hamlets,By Age 19,Free School Meals,All Other Pupils,Total,65.5
202021,Academic year,Local authority,E92000001,England,E12000008,South East,852,E06000045,Southampton,By Age 19,Free School Meals,All Other Pupils,Total,41.9
202021,Academic year,Local authority,E92000001,England,E12000007,London,213,E09000033,Westminster,By Age 19,Free School Meals,All Other Pupils,Total,72.0
202021,Academic year,Local authority,E92000001,England,E12000004,East Midlands,830,E10000007,Derbyshire,By Age 19,Free School Meals,All Other Pupils,Total,42.4
202021,Academic year,Local authority,E92000001,England,E12000002,North West,876,E06000006,Halton,By Age 19,Free School Meals,All Other Pupils,Total,42.7
202021,Academic year,Local authority,E92000001,England,E12000007,London,208,E09000022,Lambeth,By Age 19,Free School Meals,All Other Pupils,Total,59.2
202021,Academic year,Local authority,E92000001,England,E12000006,East of England,822,E06000055,Bedford,By Age 19,Free School Meals,All Other Pupils,Total,45.1
202021,Academic year,Local authority,E92000001,England,E12000001,North East,393,E08000023,South Tyneside,By Age 19,Free School Meals,All Other Pupils,Total,43.7
202021,Academic year,Local authority,E92000001,England,E12000008,South East,936,E10000030,Surrey,By Age 19,Free School Meals,All Other Pupils,Total,52.0
202021,Academic year,Local authority,E92000001,England,E12000002,North West,890,E06000009,Blackpool,By Age 19,Free School Meals,All Other Pupils,Total,31.5
202021,Academic year,Local authority,E92000001,England,E12000003,Yorkshire and The Humber,372,E08000018,Rotherham,By Age 19,Free School Meals,All Other Pupils,Total,38.5
202021,Academic year,Local authority,E92000001,England,E12000007,London,317,E09000026,Redbridge,By Age 19,Free School Meals,All Other Pupils,Total,73.2
202021,Academic year,Local authority,E92000001,England,E12000001,North East,841,E06000005,Darlington,By Age 19,Free School Meals,All Other Pupils,Total,47.5
202021,Academic year,Local authority,E92000001,England,E12000002,North West,350,E08000001,Bolton,By Age 19,Free School Meals,All Other Pupils,Total,45.5
202021,Academic year,Local authority,E92000001,England,E12000003,Yorkshire and The Humber,381,E08000033,Calderdale,By Age 19,Free School Meals,All Other Pupils,Total,46.1
202021,Academic year,Local authority,E92000001,England,E12000007,London,320,E09000031,Waltham Forest,By Age 19,Free School Meals,All Other Pupils,Total,58.8
202021,Academic year,Local authority,E92000001,England,E12000002,North West,888,E10000017,Lancashire,By Age 19,Free School Meals,All Other Pupils,Total,43.9
202021,Academic year,Local authority,E92000001,England,E12000003,Yorkshire and The Humber,816,E06000014,York,By Age 19,Free School Meals,All Other Pupils,Total,47.9
202021,Academic year,Local authority,E92000001,England,E12000008,South East,846,E06000043,Brighton and Hove,By Age 19,Free School Meals,All Other Pupils,Total,52.6
202021,Academic year,Local authority,E92000001,England,E12000004,East Midlands,857,E06000017,Rutland,By Age 19,Free School Meals,All Other Pupils,Total,48.7
202021,Academic year,Local authority,E92000001,England,E12000008,South East,845,E10000011,East Sussex,By Age 19,Free School Meals,All Other Pupils,Total,37.8
202021,Academic year,Local authority,E92000001,England,E12000009,South West,880,E06000027,Torbay,By Age 19,Free School Meals,All Other Pupils,Total,46.3
202021,Academic year,Local authority,E92000001,England,E12000007,London,315,E09000024,Merton,By Age 19,Free School Meals,All Other Pupils,Total,65.9
202021,Academic year,Local authority,E92000001,England,E12000009,South West,839,"E06000058
","Bournemouth, Christchurch and Poole",By Age 19,Free School Meals,All Other Pupils,Total,45.8
202021,Academic year,Local authority,E92000001,England,E12000003,Yorkshire and The Humber,380,E08000032,Bradford,By Age 19,Free School Meals,All Other Pupils,Total,46.0
202021,Academic year,Local authority,E92000001,England,E12000003,Yorkshire and The Humber,812,E06000012,North East Lincolnshire,By Age 19,Free School Meals,All Other Pupils,Total,35.9
202021,Academic year,Local authority,E92000001,England,E12000003,Yorkshire and The Humber,370,E08000016,Barnsley,By Age 19,Free School Meals,All Other Pupils,Total,36.0
202021,Academic year,Local authority,E92000001,England,E12000007,London,313,E09000018,Hounslow,By Age 19,Free School Meals,All Other Pupils,Total,65.0
202021,Academic year,Local authority,E92000001,England,E12000007,London,312,E09000017,Hillingdon,By Age 19,Free School Meals,All Other Pupils,Total,61.1
202021,Academic year,Local authority,E92000001,England,E12000003,Yorkshire and The Humber,813,E06000013,North Lincolnshire,By Age 19,Free School Meals,All Other Pupils,Total,37.7
202021,Academic year,Local authority,E92000001,England,E12000009,South West,838,E06000059,Dorset,By Age 19,Free School Meals,All Other Pupils,Total,40.0
202021,Academic year,Local authority,E92000001,England,E12000004,East Midlands,856,E06000016,Leicester,By Age 19,Free School Meals,All Other Pupils,Total,53.3
202021,Academic year,Local authority,E92000001,England,E12000008,South East,869,E06000037,West Berkshire,By Age 19,Free School Meals,All Other Pupils,Total,48.8
202021,Academic year,Local authority,E92000001,England,E12000009,South West,420,E06000053,Isles of Scilly,By Age 19,Free School Meals,All Other Pupils,Total,41.7
202021,Academic year,Local authority,E92000001,England,E12000002,North West,889,E06000008,Blackburn with Darwen,By Age 19,Free School Meals,All Other Pupils,Total,48.2
202021,Academic year,Local authority,E92000001,England,E12000007,London,205,E09000013,Hammersmith and Fulham,By Age 19,Free School Meals,All Other Pupils,Total,70.5
202021,Academic year,Local authority,E92000001,England,E12000009,South West,802,E06000024,North Somerset,By Age 19,Free School Meals,All Other Pupils,Total,44.6
202021,Academic year,Local authority,E92000001,England,E12000001,North East,391,E08000021,Newcastle upon Tyne,By Age 19,Free School Meals,All Other Pupils,Total,50.3
202021,Academic year,Local authority,E92000001,England,E12000005,West Midlands,894,E06000020,Telford and Wrekin,By Age 19,Free School Meals,All Other Pupils,Total,45.2
202021,Academic year,Local authority,E92000001,England,E12000009,South West,803,E06000025,South Gloucestershire,By Age 19,Free School Meals,All Other Pupils,Total,38.7
202021,Academic year,Local authority,E92000001,England,E12000002,North West,354,E08000005,Rochdale,By Age 19,Free School Meals,All Other Pupils,Total,47.1
202021,Academic year,Local authority,E92000001,England,E12000002,North West,356,E08000007,Stockport,By Age 19,Free School Meals,All Other Pupils,Total,47.7
202021,Academic year,Local authority,E92000001,England,E12000006,East of England,883,E06000034,Thurrock,By Age 19,Free School Meals,All Other Pupils,Total,41.9
202021,Academic year,Local authority,E92000001,England,E12000008,South East,851,E06000044,Portsmouth,By Age 19,Free School Meals,All Other Pupils,Total,39.4
202021,Academic year,Local authority,E92000001,England,E12000007,London,202,E09000007,Camden,By Age 19,Free School Meals,All Other Pupils,Total,68.9
202021,Academic year,Local authority,E92000001,England,E12000007,London,302,E09000003,Barnet,By Age 19,Free School Meals,All Other Pupils,Total,69.3
202021,Academic year,Local authority,E92000001,England,E12000005,West Midlands,335,E08000030,Walsall,By Age 19,Free School Meals,All Other Pupils,Total,48.8
202021,Academic year,Local authority,E92000001,England,E12000008,South East,931,E10000025,Oxfordshire,By Age 19,Free School Meals,All Other Pupils,Total,47.9
202021,Academic year,Local authority,E92000001,England,E12000006,East of England,882,E06000033,Southend-on-Sea,By Age 19,Free School Meals,All Other Pupils,Total,58.2
202021,Academic year,Local authority,E92000001,England,E12000005,West Midlands,333,E08000028,Sandwell,By Age 19,Free School Meals,All Other Pupils,Total,47.3
202021,Academic year,Local authority,E92000001,England,E12000001,North East,806,E06000002,Middlesbrough,By Age 19,Free School Meals,All Other Pupils,Total,43.5
202021,Academic year,Local authority,E92000001,England,E12000009,South West,878,E10000008,Devon,By Age 19,Free School Meals,All Other Pupils,Total,37.5
202021,Academic year,Local authority,E92000001,England,E12000009,South West,801,E06000023,Bristol,By Age 19,Free School Meals,All Other Pupils,Total,45.7
202021,Academic year,Local authority,E92000001,England,E12000004,East Midlands,892,E06000018,Nottingham,By Age 19,Free School Meals,All Other Pupils,Total,47.1
202021,Academic year,Local authority,E92000001,England,E12000001,North East,394,E08000024,Sunderland,By Age 19,Free School Meals,All Other Pupils,Total,42.5
202021,Academic year,Local authority,E92000001,England,E12000004,East Midlands,831,E06000015,Derby,By Age 19,Free School Meals,All Other Pupils,Total,44.6
202021,Academic year,Local authority,E92000001,England,E12000004,East Midlands,925,E10000019,Lincolnshire,By Age 19,Free School Meals,All Other Pupils,Total,45.8
202021,Academic year,Local authority,E92000001,England,E12000009,South West,865,E06000054,Wiltshire,By Age 19,Free School Meals,All Other Pupils,Total,45.2
202021,Academic year,Local authority,E92000001,England,E12000005,West Midlands,885,E10000034,Worcestershire,By Age 19,Free School Meals,All Other Pupils,Total,42.3
202021,Academic year,Local authority,E92000001,England,E12000008,South East,870,E06000038,Reading,By Age 19,Free School Meals,All Other Pupils,Total,55.2
202021,Academic year,Local authority,E92000001,England,E12000003,Yorkshire and The Humber,815,E10000023,North Yorkshire,By Age 19,Free School Meals,All Other Pupils,Total,46.9
202021,Academic year,Local authority,E92000001,England,E12000001,North East,805,E06000001,Hartlepool,By Age 19,Free School Meals,All Other Pupils,Total,49.1
202021,Academic year,Local authority,E92000001,England,E12000002,North West,341,E08000012,Liverpool,By Age 19,Free School Meals,All Other Pupils,Total,51.8
202021,Academic year,Local authority,E92000001,England,E12000005,West Midlands,937,E10000031,Warwickshire,By Age 19,Free School Meals,All Other Pupils,Total,48.8
202021,Academic year,Local authority,E92000001,England,E12000007,London,310,E09000015,Harrow,By Age 19,Free School Meals,All Other Pupils,Total,72.1
202021,Academic year,Local authority,E92000001,England,E12000006,East of England,823,E06000056,Central Bedfordshire,By Age 19,Free School Meals,All Other Pupils,Total,40.7
202021,Academic year,Local authority,E92000001,England,E12000002,North West,352,E08000003,Manchester,By Age 19,Free School Meals,All Other Pupils,Total,55.0
202021,Academic year,Local authority,E92000001,England,E12000001,North East,807,E06000003,Redcar and Cleveland,By Age 19,Free School Meals,All Other Pupils,Total,42.3
202021,Academic year,Local authority,E92000001,England,E12000005,West Midlands,861,E06000021,Stoke-on-Trent,By Age 19,Free School Meals,All Other Pupils,Total,40.3
202021,Academic year,Local authority,E92000001,England,E12000002,North West,357,E08000008,Tameside,By Age 19,Free School Meals,All Other Pupils,Total,40.9
202021,Academic year,Local authority,E92000001,England,E12000005,West Midlands,332,E08000027,Dudley,By Age 19,Free School Meals,All Other Pupils,Total,40.3
202021,Academic year,Local authority,E92000001,England,E12000002,North West,344,E08000015,Wirral,By Age 19,Free School Meals,All Other Pupils,Total,51.6
202021,Academic year,Local authority,E92000001,England,E12000008,South East,871,E06000039,Slough,By Age 19,Free School Meals,All Other Pupils,Total,64.5
202021,Academic year,Local authority,E92000001,England,E12000005,West Midlands,330,E08000025,Birmingham,By Age 19,Free School Meals,All Other Pupils,Total,58.8
202021,Academic year,Local authority,E92000001,England,E12000007,London,207,E09000020,Kensington and Chelsea,By Age 19,Free School Meals,All Other Pupils,Total,68.5
202021,Academic year,Local authority,E92000001,England,E12000002,North West,909,E10000006,Cumbria,By Age 19,Free School Meals,All Other Pupils,Total,37.1
202021,Academic year,Local authority,E92000001,England,E12000008,South East,886,E10000016,Kent,By Age 19,Free School Meals,All Other Pupils,Total,49.3
202021,Academic year,Local authority,E92000001,England,E12000007,London,305,E09000006,Bromley,By Age 19,Free School Meals,All Other Pupils,Total,58.1
202021,Academic year,Local authority,E92000001,England,E12000005,West Midlands,334,E08000029,Solihull,By Age 19,Free School Meals,All Other Pupils,Total,48.9
202021,Academic year,Local authority,E92000001,England,E12000005,West Midlands,884,E06000019,Herefordshire,By Age 19,Free School Meals,All Other Pupils,Total,37.1
202021,Academic year,Local authority,E92000001,England,E12000002,North West,359,E08000010,Wigan,By Age 19,Free School Meals,All Other Pupils,Total,41.3
202021,Academic year,Local authority,E92000001,England,E12000007,London,307,E09000009,Ealing,By Age 19,Free School Meals,All Other Pupils,Total,67.6
202021,Academic year,Local authority,E92000001,England,E12000007,London,304,E09000005,Brent,By Age 19,Free School Meals,All Other Pupils,Total,65.2
202021,Academic year,Local authority,E92000001,England,E12000001,North East,392,E08000022,North Tyneside,By Age 19,Free School Meals,All Other Pupils,Total,46.2
202021,Academic year,Local authority,E92000001,England,E12000005,West Midlands,336,E08000031,Wolverhampton,By Age 19,Free School Meals,All Other Pupils,Total,53.1
202021,Academic year,Local authority,E92000001,England,E12000001,North East,390,E08000037,Gateshead,By Age 19,Free School Meals,All Other Pupils,Total,46.8
202021,Academic year,Local authority,E92000001,England,E12000001,North East,929,E06000057,Northumberland,By Age 19,Free School Meals,All Other Pupils,Total,43.4
202021,Academic year,Local authority,E92000001,England,E12000008,South East,938,E10000032,West Sussex,By Age 19,Free School Meals,All Other Pupils,Total,43.5
202021,Academic year,Local authority,E92000001,England,E12000004,East Midlands,891,E10000024,Nottinghamshire,By Age 19,Free School Meals,All Other Pupils,Total,43.0
202021,Academic year,Local authority,E92000001,England,E12000006,East of England,881,E10000012,Essex,By Age 19,Free School Meals,All Other Pupils,Total,42.1
202021,Academic year,Local authority,E92000001,England,E12000003,Yorkshire and The Humber,373,E08000019,Sheffield,By Age 19,Free School Meals,All Other Pupils,Total,49.5
202021,Academic year,Local authority,E92000001,England,E12000003,Yorkshire and The Humber,371,E08000017,Doncaster,By Age 19,Free School Meals,All Other Pupils,Total,39.0
202021,Academic year,Local authority,E92000001,England,E12000003,Yorkshire and The Humber,810,E06000010,Kingston Upon Hull,By Age 19,Free School Meals,All Other Pupils,Total,38.2
202021,Academic year,Local authority,E92000001,England,E12000006,East of England,821,E06000032,Luton,By Age 19,Free School Meals,All Other Pupils,Total,52.1
202021,Academic year,Local authority,E92000001,England,E12000006,East of England,919,E10000015,Hertfordshire,By Age 19,Free School Meals,All Other Pupils,Total,56.8
202021,Academic year,Local authority,E92000001,England,E12000008,South East,825,E10000002,Buckinghamshire,By Age 19,Free School Meals,All Other Pupils,Total,62.8
202021,Academic year,Local authority,E92000001,England,E12000002,North West,342,E08000013,St. Helens,By Age 19,Free School Meals,All Other Pupils,Total,39.3
202021,Academic year,Local authority,E92000001,England,E12000006,East of England,926,E10000020,Norfolk,By Age 19,Free School Meals,All Other Pupils,Total,37.2
202021,Academic year,Local authority,E92000001,England,E12000002,North West,353,E08000004,Oldham,By Age 19,Free School Meals,All Other Pupils,Total,48.4
202021,Academic year,Local authority,E92000001,England,E12000007,London,309,E09000014,Haringey,By Age 19,Free School Meals,All Other Pupils,Total,63.0
202021,Academic year,Local authority,E92000001,England,E12000002,North West,351,E08000002,Bury,By Age 19,Free School Meals,All Other Pupils,Total,46.1
202021,Academic year,Local authority,E92000001,England,E12000006,East of England,873,E10000003,Cambridgeshire,By Age 19,Free School Meals,All Other Pupils,Total,49.2
202021,Academic year,Local authority,E92000001,England,E12000006,East of England,874,E06000031,Peterborough,By Age 19,Free School Meals,All Other Pupils,Total,44.1
202021,Academic year,Local authority,E92000001,England,E12000009,South West,908,E06000052,Cornwall,By Age 19,Free School Meals,All Other Pupils,Total,34.5
202021,Academic year,Local authority,E92000001,England,E12000005,West Midlands,893,E06000051,Shropshire,By Age 19,Free School Meals,All Other Pupils,Total,39.8
202021,Academic year,Local authority,E92000001,England,E12000001,North East,840,E06000047,Durham,By Age 19,Free School Meals,All Other Pupils,Total,40.6
202021,Academic year,Local authority,E92000001,England,E12000002,North West,877,E06000007,Warrington,By Age 19,Free School Meals,All Other Pupils,Total,49.9
202021,Academic year,Local authority,E92000001,England,E12000006,East of England,935,E10000029,Suffolk,By Age 19,Free School Meals,All Other Pupils,Total,38.9
202021,Academic year,Local authority,E92000001,England,E12000008,South East,826,E06000042,Milton Keynes,By Age 19,Free School Meals,All Other Pupils,Total,50.5
202021,Academic year,Local authority,E92000001,England,E12000007,London,311,E09000016,Havering,By Age 19,Free School Meals,All Other Pupils,Total,48.4
202021,Academic year,Local authority,E92000001,England,E12000004,East Midlands,928,E10000021,Northamptonshire,By Age 19,Free School Meals,All Other Pupils,Total,45.6
202021,Academic year,Local authority,E92000001,England,E12000003,Yorkshire and The Humber,384,E08000036,Wakefield,By Age 19,Free School Meals,All Other Pupils,Total,39.2
202021,Academic year,Local authority,E92000001,England,E12000009,South West,800,E06000022,Bath and North East Somerset,By Age 19,Free School Meals,All Other Pupils,Total,49.5
202021,Academic year,Local authority,E92000001,England,E12000007,London,204,E09000012,Hackney,By Age 19,Free School Meals,All Other Pupils,Total,61.5
202021,Academic year,Local authority,E92000001,England,E12000007,London,203,E09000011,Greenwich,By Age 19,Free School Meals,All Other Pupils,Total,60.6
202021,Academic year,Local authority,E92000001,England,E12000007,London,210,E09000028,Southwark,By Age 19,Free School Meals,All Other Pupils,Total,69.3
202021,Academic year,Local authority,E92000001,England,E12000002,North West,340,E08000011,Knowsley,By Age 19,Free School Meals,All Other Pupils,Total,28.4
202021,Academic year,Local authority,E92000001,England,E12000007,London,318,E09000027,Richmond upon Thames,By Age 19,Free School Meals,All Other Pupils,Total,66.9
202021,Academic year,Local authority,E92000001,England,E12000007,London,319,E09000029,Sutton,By Age 19,Free School Meals,All Other Pupils,Total,69.4
202021,Academic year,Local authority,E92000001,England,E12000007,London,306,E09000008,Croydon,By Age 19,Free School Meals,All Other Pupils,Total,54.7
202021,Academic year,Local authority,E92000001,England,E12000005,West Midlands,860,E10000028,Staffordshire,By Age 19,Free School Meals,All Other Pupils,Total,41.5
202021,Academic year,Local authority,E92000001,England,E12000007,London,319,E09000029,Sutton,By Age 19,Free School Meals,Free School Meals,High tariff,11.3
202021,Academic year,Local authority,E92000001,England,E12000001,North East,394,E08000024,Sunderland,By Age 19,Free School Meals,Free School Meals,High tariff,2.9
202021,Academic year,Local authority,E92000001,England,E12000007,London,307,E09000009,Ealing,By Age 19,Free School Meals,Free School Meals,High tariff,11.5
202021,Academic year,Local authority,E92000001,England,E12000007,London,311,E09000016,Havering,By Age 19,Free School Meals,Free School Meals,High tariff,2.9
202021,Academic year,Local authority,E92000001,England,E12000002,North West,342,E08000013,St. Helens,By Age 19,Free School Meals,Free School Meals,High tariff,2.6
202021,Academic year,Local authority,E92000001,England,E12000009,South West,839,"E06000058
","Bournemouth, Christchurch and Poole",By Age 19,Free School Meals,Free School Meals,High tariff,4.5
202021,Academic year,Local authority,E92000001,England,E12000007,London,318,E09000027,Richmond upon Thames,By Age 19,Free School Meals,Free School Meals,High tariff,8.5
202021,Academic year,Local authority,E92000001,England,E12000002,North West,889,E06000008,Blackburn with Darwen,By Age 19,Free School Meals,Free School Meals,High tariff,3.0
202021,Academic year,Local authority,E92000001,England,E12000005,West Midlands,937,E10000031,Warwickshire,By Age 19,Free School Meals,Free School Meals,High tariff,2.9
202021,Academic year,Local authority,E92000001,England,E12000005,West Midlands,893,E06000051,Shropshire,By Age 19,Free School Meals,Free School Meals,High tariff,5.2
202021,Academic year,Local authority,E92000001,England,E12000003,Yorkshire and The Humber,813,E06000013,North Lincolnshire,By Age 19,Free School Meals,Free School Meals,High tariff,1.5
202021,Academic year,Local authority,E92000001,England,E12000004,East Midlands,855,E10000018,Leicestershire,By Age 19,Free School Meals,Free School Meals,High tariff,2.1
202021,Academic year,Local authority,E92000001,England,E12000002,North West,340,E08000011,Knowsley,By Age 19,Free School Meals,Free School Meals,High tariff,2.3
202021,Academic year,Local authority,E92000001,England,E12000002,North West,877,E06000007,Warrington,By Age 19,Free School Meals,Free School Meals,High tariff,4.1
202021,Academic year,Local authority,E92000001,England,E12000007,London,308,E09000010,Enfield,By Age 19,Free School Meals,Free School Meals,High tariff,8.1
202021,Academic year,Local authority,E92000001,England,E12000008,South East,931,E10000025,Oxfordshire,By Age 19,Free School Meals,Free School Meals,High tariff,4.2
202021,Academic year,Local authority,E92000001,England,E12000007,London,211,E09000030,Tower Hamlets,By Age 19,Free School Meals,Free School Meals,High tariff,12.8
202021,Academic year,Local authority,E92000001,England,E12000008,South East,887,E06000035,Medway,By Age 19,Free School Meals,Free School Meals,High tariff,4.0
202021,Academic year,Local authority,E92000001,England,E12000009,South West,878,E10000008,Devon,By Age 19,Free School Meals,Free School Meals,High tariff,3.2
202021,Academic year,Local authority,E92000001,England,E12000009,South West,908,E06000052,Cornwall,By Age 19,Free School Meals,Free School Meals,High tariff,3.0
202021,Academic year,Local authority,E92000001,England,E12000006,East of England,873,E10000003,Cambridgeshire,By Age 19,Free School Meals,Free School Meals,High tariff,3.3
202021,Academic year,Local authority,E92000001,England,E12000002,North West,354,E08000005,Rochdale,By Age 19,Free School Meals,Free School Meals,High tariff,5.9
202021,Academic year,Local authority,E92000001,England,E12000003,Yorkshire and The Humber,382,E08000034,Kirklees,By Age 19,Free School Meals,Free School Meals,High tariff,3.4
202021,Academic year,Local authority,E92000001,England,E12000004,East Midlands,928,E10000021,Northamptonshire,By Age 19,Free School Meals,Free School Meals,High tariff,2.9
202021,Academic year,Local authority,E92000001,England,E12000002,North West,356,E08000007,Stockport,By Age 19,Free School Meals,Free School Meals,High tariff,3.9
202021,Academic year,Local authority,E92000001,England,E12000009,South West,879,E06000026,Plymouth,By Age 19,Free School Meals,Free School Meals,High tariff,2.1
202021,Academic year,Local authority,E92000001,England,E12000007,London,210,E09000028,Southwark,By Age 19,Free School Meals,Free School Meals,High tariff,11.0
202021,Academic year,Local authority,E92000001,England,E12000007,London,313,E09000018,Hounslow,By Age 19,Free School Meals,Free School Meals,High tariff,9.1
202021,Academic year,Local authority,E92000001,England,E12000003,Yorkshire and The Humber,370,E08000016,Barnsley,By Age 19,Free School Meals,Free School Meals,High tariff,2.2
202021,Academic year,Local authority,E92000001,England,E12000007,London,206,E09000019,Islington,By Age 19,Free School Meals,Free School Meals,High tariff,9.8
202021,Academic year,Local authority,E92000001,England,E12000004,East Midlands,831,E06000015,Derby,By Age 19,Free School Meals,Free School Meals,High tariff,2.5
202021,Academic year,Local authority,E92000001,England,E12000002,North West,355,E08000006,Salford,By Age 19,Free School Meals,Free School Meals,High tariff,3.1
202021,Academic year,Local authority,E92000001,England,E12000006,East of England,874,E06000031,Peterborough,By Age 19,Free School Meals,Free School Meals,High tariff,3.6
202021,Academic year,Local authority,E92000001,England,E12000006,East of England,821,E06000032,Luton,By Age 19,Free School Meals,Free School Meals,High tariff,4.7
202021,Academic year,Local authority,E92000001,England,E12000003,Yorkshire and The Humber,812,E06000012,North East Lincolnshire,By Age 19,Free School Meals,Free School Meals,High tariff,1.4
202021,Academic year,Local authority,E92000001,England,E12000007,London,202,E09000007,Camden,By Age 19,Free School Meals,Free School Meals,High tariff,10.8
202021,Academic year,Local authority,E92000001,England,E12000009,South West,933,E10000027,Somerset,By Age 19,Free School Meals,Free School Meals,High tariff,2.0
202021,Academic year,Local authority,E92000001,England,E12000001,North East,807,E06000003,Redcar and Cleveland,By Age 19,Free School Meals,Free School Meals,High tariff,1.7
202021,Academic year,Local authority,E92000001,England,E12000002,North West,890,E06000009,Blackpool,By Age 19,Free School Meals,Free School Meals,High tariff,1.1
202021,Academic year,Local authority,E92000001,England,E12000002,North West,351,E08000002,Bury,By Age 19,Free School Meals,Free School Meals,High tariff,3.2
202021,Academic year,Local authority,E92000001,England,E12000005,West Midlands,884,E06000019,Herefordshire,By Age 19,Free School Meals,Free School Meals,High tariff,3.7
202021,Academic year,Local authority,E92000001,England,E12000003,Yorkshire and The Humber,815,E10000023,North Yorkshire,By Age 19,Free School Meals,Free School Meals,High tariff,3.8
202021,Academic year,Local authority,E92000001,England,E12000007,London,314,E09000021,Kingston upon Thames,By Age 19,Free School Meals,Free School Meals,High tariff,10.0
202021,Academic year,Local authority,E92000001,England,E12000007,London,212,E09000032,Wandsworth,By Age 19,Free School Meals,Free School Meals,High tariff,8.3
202021,Academic year,Local authority,E92000001,England,E12000007,London,205,E09000013,Hammersmith and Fulham,By Age 19,Free School Meals,Free School Meals,High tariff,11.9
202021,Academic year,Local authority,E92000001,England,E12000008,South East,938,E10000032,West Sussex,By Age 19,Free School Meals,Free School Meals,High tariff,3.1
202021,Academic year,Local authority,E92000001,England,E12000005,West Midlands,336,E08000031,Wolverhampton,By Age 19,Free School Meals,Free School Meals,High tariff,3.2
202021,Academic year,Local authority,E92000001,England,E12000006,East of England,935,E10000029,Suffolk,By Age 19,Free School Meals,Free School Meals,High tariff,2.0
202021,Academic year,Local authority,E92000001,England,E12000009,South West,803,E06000025,South Gloucestershire,By Age 19,Free School Meals,Free School Meals,High tariff,1.7
202021,Academic year,Local authority,E92000001,England,E12000009,South West,865,E06000054,Wiltshire,By Age 19,Free School Meals,Free School Meals,High tariff,4.4
202021,Academic year,Local authority,E92000001,England,E12000007,London,207,E09000020,Kensington and Chelsea,By Age 19,Free School Meals,Free School Meals,High tariff,13.6
202021,Academic year,Local authority,E92000001,England,E12000003,Yorkshire and The Humber,372,E08000018,Rotherham,By Age 19,Free School Meals,Free School Meals,High tariff,2.9
202021,Academic year,Local authority,E92000001,England,E12000004,East Midlands,830,E10000007,Derbyshire,By Age 19,Free School Meals,Free School Meals,High tariff,3.3
202021,Academic year,Local authority,E92000001,England,E12000009,South West,802,E06000024,North Somerset,By Age 19,Free School Meals,Free School Meals,High tariff,5.9
202021,Academic year,Local authority,E92000001,England,E12000007,London,320,E09000031,Waltham Forest,By Age 19,Free School Meals,Free School Meals,High tariff,9.2
202021,Academic year,Local authority,E92000001,England,E12000002,North West,358,E08000009,Trafford,By Age 19,Free School Meals,Free School Meals,High tariff,7.4
202021,Academic year,Local authority,E92000001,England,E12000008,South East,872,E06000041,Wokingham,By Age 19,Free School Meals,Free School Meals,High tariff,5.3
202021,Academic year,Local authority,E92000001,England,E12000008,South East,826,E06000042,Milton Keynes,By Age 19,Free School Meals,Free School Meals,High tariff,3.8
202021,Academic year,Local authority,E92000001,England,E12000001,North East,929,E06000057,Northumberland,By Age 19,Free School Meals,Free School Meals,High tariff,2.0
202021,Academic year,Local authority,E92000001,England,E12000005,West Midlands,333,E08000028,Sandwell,By Age 19,Free School Meals,Free School Meals,High tariff,2.9
202021,Academic year,Local authority,E92000001,England,E12000002,North West,876,E06000006,Halton,By Age 19,Free School Meals,Free School Meals,High tariff,2.8
202021,Academic year,Local authority,E92000001,England,E12000008,South East,846,E06000043,Brighton and Hove,By Age 19,Free School Meals,Free School Meals,High tariff,4.0
202021,Academic year,Local authority,E92000001,England,E12000008,South East,936,E10000030,Surrey,By Age 19,Free School Meals,Free School Meals,High tariff,4.2
202021,Academic year,Local authority,E92000001,England,E12000008,South East,851,E06000044,Portsmouth,By Age 19,Free School Meals,Free School Meals,High tariff,0.8
202021,Academic year,Local authority,E92000001,England,E12000002,North West,359,E08000010,Wigan,By Age 19,Free School Meals,Free School Meals,High tariff,3.3
202021,Academic year,Local authority,E92000001,England,E12000008,South East,869,E06000037,West Berkshire,By Age 19,Free School Meals,Free School Meals,High tariff,2.5
202021,Academic year,Local authority,E92000001,England,E12000001,North East,808,E06000004,Stockton-on-Tees,By Age 19,Free School Meals,Free School Meals,High tariff,1.5
202021,Academic year,Local authority,E92000001,England,E12000006,East of England,919,E10000015,Hertfordshire,By Age 19,Free School Meals,Free School Meals,High tariff,3.5
202021,Academic year,Local authority,E92000001,England,E12000005,West Midlands,334,E08000029,Solihull,By Age 19,Free School Meals,Free School Meals,High tariff,3.4
202021,Academic year,Local authority,E92000001,England,E12000001,North East,840,E06000047,Durham,By Age 19,Free School Meals,Free School Meals,High tariff,2.7
202021,Academic year,Local authority,E92000001,England,E12000002,North West,343,E08000014,Sefton,By Age 19,Free School Meals,Free School Meals,High tariff,1.9
202021,Academic year,Local authority,E92000001,England,E12000007,London,304,E09000005,Brent,By Age 19,Free School Meals,Free School Meals,High tariff,11.1
202021,Academic year,Local authority,E92000001,England,E12000003,Yorkshire and The Humber,373,E08000019,Sheffield,By Age 19,Free School Meals,Free School Meals,High tariff,3.2
202021,Academic year,Local authority,E92000001,England,E12000007,London,203,E09000011,Greenwich,By Age 19,Free School Meals,Free School Meals,High tariff,8.5
202021,Academic year,Local authority,E92000001,England,E12000005,West Midlands,330,E08000025,Birmingham,By Age 19,Free School Meals,Free School Meals,High tariff,6.0
202021,Academic year,Local authority,E92000001,England,E12000002,North West,352,E08000003,Manchester,By Age 19,Free School Meals,Free School Meals,High tariff,6.2
202021,Academic year,Local authority,E92000001,England,E12000006,East of England,883,E06000034,Thurrock,By Age 19,Free School Meals,Free School Meals,High tariff,4.4
202021,Academic year,Local authority,E92000001,England,E12000006,East of England,822,E06000055,Bedford,By Age 19,Free School Meals,Free School Meals,High tariff,3.0
202021,Academic year,Local authority,E92000001,England,E12000007,London,208,E09000022,Lambeth,By Age 19,Free School Meals,Free School Meals,High tariff,6.8
202021,Academic year,Local authority,E92000001,England,E12000001,North East,392,E08000022,North Tyneside,By Age 19,Free School Meals,Free School Meals,High tariff,2.6
202021,Academic year,Local authority,E92000001,England,E12000008,South East,850,E10000014,Hampshire,By Age 19,Free School Meals,Free School Meals,High tariff,2.7
202021,Academic year,Local authority,E92000001,England,E12000009,South West,880,E06000027,Torbay,By Age 19,Free School Meals,Free School Meals,High tariff,5.0
202021,Academic year,Local authority,E92000001,England,E12000008,South East,825,E10000002,Buckinghamshire,By Age 19,Free School Meals,Free School Meals,High tariff,6.8
202021,Academic year,Local authority,E92000001,England,E12000001,North East,841,E06000005,Darlington,By Age 19,Free School Meals,Free School Meals,High tariff,2.1
202021,Academic year,Local authority,E92000001,England,E12000007,London,317,E09000026,Redbridge,By Age 19,Free School Meals,Free School Meals,High tariff,10.3
202021,Academic year,Local authority,E92000001,England,E12000009,South West,916,E10000013,Gloucestershire,By Age 19,Free School Meals,Free School Meals,High tariff,3.5
202021,Academic year,Local authority,E92000001,England,E12000004,East Midlands,856,E06000016,Leicester,By Age 19,Free School Meals,Free School Meals,High tariff,2.7
202021,Academic year,Local authority,E92000001,England,E12000005,West Midlands,335,E08000030,Walsall,By Age 19,Free School Meals,Free School Meals,High tariff,4.0
202021,Academic year,Local authority,E92000001,England,E12000002,North West,350,E08000001,Bolton,By Age 19,Free School Meals,Free School Meals,High tariff,4.1
202021,Academic year,Local authority,E92000001,England,E12000003,Yorkshire and The Humber,371,E08000017,Doncaster,By Age 19,Free School Meals,Free School Meals,High tariff,3.6
202021,Academic year,Local authority,E92000001,England,E12000009,South West,801,E06000023,Bristol,By Age 19,Free School Meals,Free School Meals,High tariff,2.6
202021,Academic year,Local authority,E92000001,England,E12000005,West Midlands,331,E08000026,Coventry,By Age 19,Free School Meals,Free School Meals,High tariff,4.6
202021,Academic year,Local authority,E92000001,England,E12000002,North West,344,E08000015,Wirral,By Age 19,Free School Meals,Free School Meals,High tariff,3.7
202021,Academic year,Local authority,E92000001,England,E12000008,South East,845,E10000011,East Sussex,By Age 19,Free School Meals,Free School Meals,High tariff,2.4
202021,Academic year,Local authority,E92000001,England,E12000007,London,312,E09000017,Hillingdon,By Age 19,Free School Meals,Free School Meals,High tariff,6.4
202021,Academic year,Local authority,E92000001,England,E12000001,North East,391,E08000021,Newcastle upon Tyne,By Age 19,Free School Meals,Free School Meals,High tariff,3.5
202021,Academic year,Local authority,E92000001,England,E12000007,London,310,E09000015,Harrow,By Age 19,Free School Meals,Free School Meals,High tariff,10.3
202021,Academic year,Local authority,E92000001,England,E12000003,Yorkshire and The Humber,811,E06000011,East Riding of Yorkshire,By Age 19,Free School Meals,Free School Meals,High tariff,3.2
202021,Academic year,Local authority,E92000001,England,E12000003,Yorkshire and The Humber,384,E08000036,Wakefield,By Age 19,Free School Meals,Free School Meals,High tariff,2.7
202021,Academic year,Local authority,E92000001,England,E12000007,London,303,E09000004,Bexley,By Age 19,Free School Meals,Free School Meals,High tariff,7.1
202021,Academic year,Local authority,E92000001,England,E12000003,Yorkshire and The Humber,381,E08000033,Calderdale,By Age 19,Free School Meals,Free School Meals,High tariff,3.8
202021,Academic year,Local authority,E92000001,England,E12000003,Yorkshire and The Humber,810,E06000010,Kingston Upon Hull,By Age 19,Free School Meals,Free School Meals,High tariff,2.4
202021,Academic year,Local authority,E92000001,England,E12000001,North East,805,E06000001,Hartlepool,By Age 19,Free School Meals,Free School Meals,High tariff,2.3
202021,Academic year,Local authority,E92000001,England,E12000006,East of England,882,E06000033,Southend-on-Sea,By Age 19,Free School Meals,Free School Meals,High tariff,6.7
202021,Academic year,Local authority,E92000001,England,E12000005,West Midlands,894,E06000020,Telford and Wrekin,By Age 19,Free School Meals,Free School Meals,High tariff,2.0
202021,Academic year,Local authority,E92000001,England,E12000007,London,305,E09000006,Bromley,By Age 19,Free School Meals,Free School Meals,High tariff,7.1
202021,Academic year,Local authority,E92000001,England,E12000004,East Midlands,891,E10000024,Nottinghamshire,By Age 19,Free School Meals,Free School Meals,High tariff,3.0
202021,Academic year,Local authority,E92000001,England,E12000009,South West,800,E06000022,Bath and North East Somerset,By Age 19,Free School Meals,Free School Meals,High tariff,4.9
202021,Academic year,Local authority,E92000001,England,E12000001,North East,393,E08000023,South Tyneside,By Age 19,Free School Meals,Free School Meals,High tariff,3.0
202021,Academic year,Local authority,E92000001,England,E12000008,South East,921,E06000046,Isle of Wight,By Age 19,Free School Meals,Free School Meals,High tariff,1.4
202021,Academic year,Local authority,E92000001,England,E12000008,South East,886,E10000016,Kent,By Age 19,Free School Meals,Free School Meals,High tariff,3.2
202021,Academic year,Local authority,E92000001,England,E12000005,West Midlands,861,E06000021,Stoke-on-Trent,By Age 19,Free School Meals,Free School Meals,High tariff,1.6
202021,Academic year,Local authority,E92000001,England,E12000006,East of England,823,E06000056,Central Bedfordshire,By Age 19,Free School Meals,Free School Meals,High tariff,2.2
202021,Academic year,Local authority,E92000001,England,E12000003,Yorkshire and The Humber,380,E08000032,Bradford,By Age 19,Free School Meals,Free School Meals,High tariff,3.8
202021,Academic year,Local authority,E92000001,England,E12000002,North West,896,E06000050,Cheshire West and Chester,By Age 19,Free School Meals,Free School Meals,High tariff,3.9
202021,Academic year,Local authority,E92000001,England,E12000007,London,301,E09000002,Barking and Dagenham,By Age 19,Free School Meals,Free School Meals,High tariff,8.7
202021,Academic year,Local authority,E92000001,England,E12000006,East of England,881,E10000012,Essex,By Age 19,Free School Meals,Free School Meals,High tariff,3.2
202021,Academic year,Local authority,E92000001,England,E12000002,North West,909,E10000006,Cumbria,By Age 19,Free School Meals,Free School Meals,High tariff,2.7
202021,Academic year,Local authority,E92000001,England,E12000007,London,213,E09000033,Westminster,By Age 19,Free School Meals,Free School Meals,High tariff,14.1
202021,Academic year,Local authority,E92000001,England,E12000007,London,315,E09000024,Merton,By Age 19,Free School Meals,Free School Meals,High tariff,8.2
202021,Academic year,Local authority,E92000001,England,E12000001,North East,390,E08000037,Gateshead,By Age 19,Free School Meals,Free School Meals,High tariff,3.9
202021,Academic year,Local authority,E92000001,England,E12000002,North West,895,E06000049,Cheshire East,By Age 19,Free School Meals,Free School Meals,High tariff,3.3
202021,Academic year,Local authority,E92000001,England,E12000002,North West,353,E08000004,Oldham,By Age 19,Free School Meals,Free School Meals,High tariff,4.2
202021,Academic year,Local authority,E92000001,England,E12000003,Yorkshire and The Humber,816,E06000014,York,By Age 19,Free School Meals,Free School Meals,High tariff,4.7
202021,Academic year,Local authority,E92000001,England,E12000009,South West,866,E06000030,Swindon,By Age 19,Free School Meals,Free School Meals,High tariff,2.1
202021,Academic year,Local authority,E92000001,England,E12000001,North East,806,E06000002,Middlesbrough,By Age 19,Free School Meals,Free School Meals,High tariff,4.0
202021,Academic year,Local authority,E92000001,England,E12000003,Yorkshire and The Humber,383,E08000035,Leeds,By Age 19,Free School Meals,Free School Meals,High tariff,5.2
202021,Academic year,Local authority,E92000001,England,E12000004,East Midlands,892,E06000018,Nottingham,By Age 19,Free School Meals,Free School Meals,High tariff,2.9
202021,Academic year,Local authority,E92000001,England,E12000008,South East,852,E06000045,Southampton,By Age 19,Free School Meals,Free School Meals,High tariff,3.3
202021,Academic year,Local authority,E92000001,England,E12000006,East of England,926,E10000020,Norfolk,By Age 19,Free School Meals,Free School Meals,High tariff,2.2
202021,Academic year,Local authority,E92000001,England,E12000005,West Midlands,885,E10000034,Worcestershire,By Age 19,Free School Meals,Free School Meals,High tariff,3.1
202021,Academic year,Local authority,E92000001,England,E12000002,North West,357,E08000008,Tameside,By Age 19,Free School Meals,Free School Meals,High tariff,3.9
202021,Academic year,Local authority,E92000001,England,E12000009,South West,838,E06000059,Dorset,By Age 19,Free School Meals,Free School Meals,High tariff,3.8
202021,Academic year,Local authority,E92000001,England,E12000008,South East,871,E06000039,Slough,By Age 19,Free School Meals,Free School Meals,High tariff,8.5
202021,Academic year,Local authority,E92000001,England,E12000004,East Midlands,857,E06000017,Rutland,By Age 19,Free School Meals,Free School Meals,High tariff,12.5
202021,Academic year,Local authority,E92000001,England,E12000007,London,309,E09000014,Haringey,By Age 19,Free School Meals,Free School Meals,High tariff,8.7
202021,Academic year,Local authority,E92000001,England,E12000005,West Midlands,332,E08000027,Dudley,By Age 19,Free School Meals,Free School Meals,High tariff,2.4
202021,Academic year,Local authority,E92000001,England,E12000007,London,306,E09000008,Croydon,By Age 19,Free School Meals,Free School Meals,High tariff,4.0
202021,Academic year,Local authority,E92000001,England,E12000002,North West,888,E10000017,Lancashire,By Age 19,Free School Meals,Free School Meals,High tariff,3.5
202021,Academic year,Local authority,E92000001,England,E12000005,West Midlands,860,E10000028,Staffordshire,By Age 19,Free School Meals,Free School Meals,High tariff,2.2
202021,Academic year,Local authority,E92000001,England,E12000008,South East,867,E06000036,Bracknell Forest,By Age 19,Free School Meals,Free School Meals,High tariff,3.4
202021,Academic year,Local authority,E92000001,England,E12000007,London,204,E09000012,Hackney,By Age 19,Free School Meals,Free School Meals,High tariff,8.8
202021,Academic year,Local authority,E92000001,England,E12000007,London,316,E09000025,Newham,By Age 19,Free School Meals,Free School Meals,High tariff,10.8
202021,Academic year,Local authority,E92000001,England,E12000008,South East,870,E06000038,Reading,By Age 19,Free School Meals,Free School Meals,High tariff,4.9
202021,Academic year,Local authority,E92000001,England,E12000008,South East,868,E06000040,Windsor and Maidenhead,By Age 19,Free School Meals,Free School Meals,High tariff,3.8
202021,Academic year,Local authority,E92000001,England,E12000002,North West,341,E08000012,Liverpool,By Age 19,Free School Meals,Free School Meals,High tariff,4.6
202021,Academic year,Local authority,E92000001,England,E12000007,London,302,E09000003,Barnet,By Age 19,Free School Meals,Free School Meals,High tariff,11.0
202021,Academic year,Local authority,E92000001,England,E12000007,London,209,E09000023,Lewisham,By Age 19,Free School Meals,Free School Meals,High tariff,5.4
202021,Academic year,Local authority,E92000001,England,E12000004,East Midlands,925,E10000019,Lincolnshire,By Age 19,Free School Meals,Free School Meals,High tariff,3.2
202021,Academic year,Local authority,E92000001,England,E12000009,South West,420,E06000053,Isles of Scilly,By Age 19,Free School Meals,Free School Meals,High tariff,0.0
202021,Academic year,National,E92000001,England,,,,,,By Age 19,Free School Meals,Free School Meals,High tariff,4.6
202021,Academic year,National,E92000001,England,,,,,,By Age 19,Free School Meals,Free School Meals,Total,28.6
202021,Academic year,Regional,E92000001,England,E12000004,East Midlands,,,,By Age 19,Free School Meals,Free School Meals,Total,22.3
202021,Academic year,Regional,E92000001,England,E12000009,South West,,,,By Age 19,Free School Meals,Free School Meals,Total,18.4
202021,Academic year,Regional,E92000001,England,E12000002,North West,,,,By Age 19,Free School Meals,Free School Meals,Total,25.9
202021,Academic year,Regional,E92000001,England,E12000006,East of England,,,,By Age 19,Free School Meals,Free School Meals,Total,22.1
202021,Academic year,Regional,E92000001,England,E12000005,West Midlands,,,,By Age 19,Free School Meals,Free School Meals,Total,30.5
202021,Academic year,Regional,E92000001,England,E12000008,South East,,,,By Age 19,Free School Meals,Free School Meals,Total,22.3
202021,Academic year,Regional,E92000001,England,E12000001,North East,,,,By Age 19,Free School Meals,Free School Meals,Total,21.4
202021,Academic year,Regional,E92000001,England,E12000007,London,,,,By Age 19,Free School Meals,Free School Meals,Total,47.8
202021,Academic year,Regional,E92000001,England,E12000003,Yorkshire and The Humber,,,,By Age 19,Free School Meals,Free School Meals,Total,25.6
202021,Academic year,Regional,E92000001,England,E12000004,East Midlands,,,,By Age 19,Free School Meals,Free School Meals,High tariff,3.0
202021,Academic year,Regional,E92000001,England,E12000009,South West,,,,By Age 19,Free School Meals,Free School Meals,High tariff,3.3
202021,Academic year,Regional,E92000001,England,E12000002,North West,,,,By Age 19,Free School Meals,Free School Meals,High tariff,4.0
202021,Academic year,Regional,E92000001,England,E12000006,East of England,,,,By Age 19,Free School Meals,Free School Meals,High tariff,3.2
202021,Academic year,Regional,E92000001,England,E12000005,West Midlands,,,,By Age 19,Free School Meals,Free School Meals,High tariff,4.0
202021,Academic year,Regional,E92000001,England,E12000008,South East,,,,By Age 19,Free School Meals,Free School Meals,High tariff,3.5
202021,Academic year,Regional,E92000001,England,E12000001,North East,,,,By Age 19,Free School Meals,Free School Meals,High tariff,2.8
202021,Academic year,Regional,E92000001,England,E12000007,London,,,,By Age 19,Free School Meals,Free School Meals,High tariff,9.3
202021,Academic year,Regional,E92000001,England,E12000003,Yorkshire and The Humber,,,,By Age 19,Free School Meals,Free School Meals,High tariff,3.5
202021,Academic year,Local authority,E92000001,England,E12000007,London,319,E09000029,Sutton,By Age 19,Free School Meals,Free School Meals,Total,41.0
202021,Academic year,Local authority,E92000001,England,E12000001,North East,394,E08000024,Sunderland,By Age 19,Free School Meals,Free School Meals,Total,19.2
202021,Academic year,Local authority,E92000001,England,E12000007,London,307,E09000009,Ealing,By Age 19,Free School Meals,Free School Meals,Total,52.0
202021,Academic year,Local authority,E92000001,England,E12000007,London,311,E09000016,Havering,By Age 19,Free School Meals,Free School Meals,Total,29.0
202021,Academic year,Local authority,E92000001,England,E12000007,London,318,E09000027,Richmond upon Thames,By Age 19,Free School Meals,Free School Meals,Total,32.8
202021,Academic year,Local authority,E92000001,England,E12000002,North West,342,E08000013,St. Helens,By Age 19,Free School Meals,Free School Meals,Total,16.2
202021,Academic year,Local authority,E92000001,England,E12000009,South West,839,"E06000058
","Bournemouth, Christchurch and Poole",By Age 19,Free School Meals,Free School Meals,Total,20.9
202021,Academic year,Local authority,E92000001,England,E12000005,West Midlands,937,E10000031,Warwickshire,By Age 19,Free School Meals,Free School Meals,Total,20.8
202021,Academic year,Local authority,E92000001,England,E12000002,North West,889,E06000008,Blackburn with Darwen,By Age 19,Free School Meals,Free School Meals,Total,29.7
202021,Academic year,Local authority,E92000001,England,E12000005,West Midlands,893,E06000051,Shropshire,By Age 19,Free School Meals,Free School Meals,Total,19.2
202021,Academic year,Local authority,E92000001,England,E12000004,East Midlands,855,E10000018,Leicestershire,By Age 19,Free School Meals,Free School Meals,Total,21.3
202021,Academic year,Local authority,E92000001,England,E12000003,Yorkshire and The Humber,813,E06000013,North Lincolnshire,By Age 19,Free School Meals,Free School Meals,Total,21.0
202021,Academic year,Local authority,E92000001,England,E12000002,North West,340,E08000011,Knowsley,By Age 19,Free School Meals,Free School Meals,Total,17.2
202021,Academic year,Local authority,E92000001,England,E12000002,North West,877,E06000007,Warrington,By Age 19,Free School Meals,Free School Meals,Total,21.4
202021,Academic year,Local authority,E92000001,England,E12000007,London,308,E09000010,Enfield,By Age 19,Free School Meals,Free School Meals,Total,47.9
202021,Academic year,Local authority,E92000001,England,E12000008,South East,931,E10000025,Oxfordshire,By Age 19,Free School Meals,Free School Meals,Total,24.7
202021,Academic year,Local authority,E92000001,England,E12000007,London,211,E09000030,Tower Hamlets,By Age 19,Free School Meals,Free School Meals,Total,54.0
202021,Academic year,Local authority,E92000001,England,E12000002,North West,354,E08000005,Rochdale,By Age 19,Free School Meals,Free School Meals,Total,34.8
202021,Academic year,Local authority,E92000001,England,E12000008,South East,887,E06000035,Medway,By Age 19,Free School Meals,Free School Meals,Total,23.7
202021,Academic year,Local authority,E92000001,England,E12000009,South West,908,E06000052,Cornwall,By Age 19,Free School Meals,Free School Meals,Total,18.0
202021,Academic year,Local authority,E92000001,England,E12000006,East of England,873,E10000003,Cambridgeshire,By Age 19,Free School Meals,Free School Meals,Total,18.3
202021,Academic year,Local authority,E92000001,England,E12000009,South West,878,E10000008,Devon,By Age 19,Free School Meals,Free School Meals,Total,14.8
202021,Academic year,Local authority,E92000001,England,E12000003,Yorkshire and The Humber,382,E08000034,Kirklees,By Age 19,Free School Meals,Free School Meals,Total,26.6
202021,Academic year,Local authority,E92000001,England,E12000004,East Midlands,928,E10000021,Northamptonshire,By Age 19,Free School Meals,Free School Meals,Total,21.5
202021,Academic year,Local authority,E92000001,England,E12000002,North West,356,E08000007,Stockport,By Age 19,Free School Meals,Free School Meals,Total,22.4
202021,Academic year,Local authority,E92000001,England,E12000007,London,210,E09000028,Southwark,By Age 19,Free School Meals,Free School Meals,Total,53.9
202021,Academic year,Local authority,E92000001,England,E12000009,South West,879,E06000026,Plymouth,By Age 19,Free School Meals,Free School Meals,Total,21.6
202021,Academic year,Local authority,E92000001,England,E12000007,London,313,E09000018,Hounslow,By Age 19,Free School Meals,Free School Meals,Total,47.9
202021,Academic year,Local authority,E92000001,England,E12000003,Yorkshire and The Humber,370,E08000016,Barnsley,By Age 19,Free School Meals,Free School Meals,Total,19.4
202021,Academic year,Local authority,E92000001,England,E12000004,East Midlands,831,E06000015,Derby,By Age 19,Free School Meals,Free School Meals,Total,22.5
202021,Academic year,Local authority,E92000001,England,E12000007,London,206,E09000019,Islington,By Age 19,Free School Meals,Free School Meals,Total,43.8
202021,Academic year,Local authority,E92000001,England,E12000006,East of England,874,E06000031,Peterborough,By Age 19,Free School Meals,Free School Meals,Total,26.9
202021,Academic year,Local authority,E92000001,England,E12000006,East of England,821,E06000032,Luton,By Age 19,Free School Meals,Free School Meals,Total,37.8
202021,Academic year,Local authority,E92000001,England,E12000002,North West,355,E08000006,Salford,By Age 19,Free School Meals,Free School Meals,Total,22.5
202021,Academic year,Local authority,E92000001,England,E12000009,South West,933,E10000027,Somerset,By Age 19,Free School Meals,Free School Meals,Total,14.1
202021,Academic year,Local authority,E92000001,England,E12000003,Yorkshire and The Humber,812,E06000012,North East Lincolnshire,By Age 19,Free School Meals,Free School Meals,Total,18.6
202021,Academic year,Local authority,E92000001,England,E12000007,London,202,E09000007,Camden,By Age 19,Free School Meals,Free School Meals,Total,55.0
202021,Academic year,Local authority,E92000001,England,E12000001,North East,807,E06000003,Redcar and Cleveland,By Age 19,Free School Meals,Free School Meals,Total,16.3
202021,Academic year,Local authority,E92000001,England,E12000002,North West,890,E06000009,Blackpool,By Age 19,Free School Meals,Free School Meals,Total,11.4
202021,Academic year,Local authority,E92000001,England,E12000002,North West,351,E08000002,Bury,By Age 19,Free School Meals,Free School Meals,Total,30.0
202021,Academic year,Local authority,E92000001,England,E12000005,West Midlands,884,E06000019,Herefordshire,By Age 19,Free School Meals,Free School Meals,Total,11.1
202021,Academic year,Local authority,E92000001,England,E12000007,London,314,E09000021,Kingston upon Thames,By Age 19,Free School Meals,Free School Meals,Total,47.8
202021,Academic year,Local authority,E92000001,England,E12000003,Yorkshire and The Humber,815,E10000023,North Yorkshire,By Age 19,Free School Meals,Free School Meals,Total,21.7
202021,Academic year,Local authority,E92000001,England,E12000007,London,212,E09000032,Wandsworth,By Age 19,Free School Meals,Free School Meals,Total,48.9
202021,Academic year,Local authority,E92000001,England,E12000007,London,205,E09000013,Hammersmith and Fulham,By Age 19,Free School Meals,Free School Meals,Total,50.6
202021,Academic year,Local authority,E92000001,England,E12000008,South East,938,E10000032,West Sussex,By Age 19,Free School Meals,Free School Meals,Total,19.1
202021,Academic year,Local authority,E92000001,England,E12000006,East of England,935,E10000029,Suffolk,By Age 19,Free School Meals,Free School Meals,Total,18.3
202021,Academic year,Local authority,E92000001,England,E12000005,West Midlands,336,E08000031,Wolverhampton,By Age 19,Free School Meals,Free School Meals,Total,31.5
202021,Academic year,Local authority,E92000001,England,E12000009,South West,803,E06000025,South Gloucestershire,By Age 19,Free School Meals,Free School Meals,Total,15.7
202021,Academic year,Local authority,E92000001,England,E12000009,South West,865,E06000054,Wiltshire,By Age 19,Free School Meals,Free School Meals,Total,19.1
202021,Academic year,Local authority,E92000001,England,E12000003,Yorkshire and The Humber,372,E08000018,Rotherham,By Age 19,Free School Meals,Free School Meals,Total,22.7
202021,Academic year,Local authority,E92000001,England,E12000007,London,207,E09000020,Kensington and Chelsea,By Age 19,Free School Meals,Free School Meals,Total,54.5
202021,Academic year,Local authority,E92000001,England,E12000004,East Midlands,830,E10000007,Derbyshire,By Age 19,Free School Meals,Free School Meals,Total,18.7
202021,Academic year,Local authority,E92000001,England,E12000009,South West,802,E06000024,North Somerset,By Age 19,Free School Meals,Free School Meals,Total,22.6
202021,Academic year,Local authority,E92000001,England,E12000008,South East,872,E06000041,Wokingham,By Age 19,Free School Meals,Free School Meals,Total,26.7
202021,Academic year,Local authority,E92000001,England,E12000002,North West,358,E08000009,Trafford,By Age 19,Free School Meals,Free School Meals,Total,29.3
202021,Academic year,Local authority,E92000001,England,E12000007,London,320,E09000031,Waltham Forest,By Age 19,Free School Meals,Free School Meals,Total,42.2
202021,Academic year,Local authority,E92000001,England,E12000008,South East,846,E06000043,Brighton and Hove,By Age 19,Free School Meals,Free School Meals,Total,26.8
202021,Academic year,Local authority,E92000001,England,E12000008,South East,826,E06000042,Milton Keynes,By Age 19,Free School Meals,Free School Meals,Total,26.4
202021,Academic year,Local authority,E92000001,England,E12000001,North East,929,E06000057,Northumberland,By Age 19,Free School Meals,Free School Meals,Total,18.0
202021,Academic year,Local authority,E92000001,England,E12000005,West Midlands,333,E08000028,Sandwell,By Age 19,Free School Meals,Free School Meals,Total,33.1
202021,Academic year,Local authority,E92000001,England,E12000002,North West,876,E06000006,Halton,By Age 19,Free School Meals,Free School Meals,Total,21.8
202021,Academic year,Local authority,E92000001,England,E12000008,South East,869,E06000037,West Berkshire,By Age 19,Free School Meals,Free School Meals,Total,17.3
202021,Academic year,Local authority,E92000001,England,E12000008,South East,936,E10000030,Surrey,By Age 19,Free School Meals,Free School Meals,Total,22.3
202021,Academic year,Local authority,E92000001,England,E12000008,South East,851,E06000044,Portsmouth,By Age 19,Free School Meals,Free School Meals,Total,17.7
202021,Academic year,Local authority,E92000001,England,E12000002,North West,359,E08000010,Wigan,By Age 19,Free School Meals,Free School Meals,Total,21.4
202021,Academic year,Local authority,E92000001,England,E12000006,East of England,919,E10000015,Hertfordshire,By Age 19,Free School Meals,Free School Meals,Total,25.3
202021,Academic year,Local authority,E92000001,England,E12000001,North East,808,E06000004,Stockton-on-Tees,By Age 19,Free School Meals,Free School Meals,Total,21.0
202021,Academic year,Local authority,E92000001,England,E12000005,West Midlands,334,E08000029,Solihull,By Age 19,Free School Meals,Free School Meals,Total,24.6
202021,Academic year,Local authority,E92000001,England,E12000001,North East,840,E06000047,Durham,By Age 19,Free School Meals,Free School Meals,Total,18.5
202021,Academic year,Local authority,E92000001,England,E12000002,North West,343,E08000014,Sefton,By Age 19,Free School Meals,Free School Meals,Total,21.4
202021,Academic year,Local authority,E92000001,England,E12000003,Yorkshire and The Humber,373,E08000019,Sheffield,By Age 19,Free School Meals,Free School Meals,Total,29.5
202021,Academic year,Local authority,E92000001,England,E12000007,London,304,E09000005,Brent,By Age 19,Free School Meals,Free School Meals,Total,54.4
202021,Academic year,Local authority,E92000001,England,E12000007,London,203,E09000011,Greenwich,By Age 19,Free School Meals,Free School Meals,Total,41.3
202021,Academic year,Local authority,E92000001,England,E12000005,West Midlands,330,E08000025,Birmingham,By Age 19,Free School Meals,Free School Meals,Total,42.4
202021,Academic year,Local authority,E92000001,England,E12000002,North West,352,E08000003,Manchester,By Age 19,Free School Meals,Free School Meals,Total,38.9
202021,Academic year,Local authority,E92000001,England,E12000006,East of England,883,E06000034,Thurrock,By Age 19,Free School Meals,Free School Meals,Total,21.2
202021,Academic year,Local authority,E92000001,England,E12000006,East of England,822,E06000055,Bedford,By Age 19,Free School Meals,Free School Meals,Total,27.9
202021,Academic year,Local authority,E92000001,England,E12000007,London,208,E09000022,Lambeth,By Age 19,Free School Meals,Free School Meals,Total,46.5
202021,Academic year,Local authority,E92000001,England,E12000001,North East,392,E08000022,North Tyneside,By Age 19,Free School Meals,Free School Meals,Total,21.6
202021,Academic year,Local authority,E92000001,England,E12000008,South East,850,E10000014,Hampshire,By Age 19,Free School Meals,Free School Meals,Total,19.4
202021,Academic year,Local authority,E92000001,England,E12000009,South West,880,E06000027,Torbay,By Age 19,Free School Meals,Free School Meals,Total,17.3
202021,Academic year,Local authority,E92000001,England,E12000007,London,317,E09000026,Redbridge,By Age 19,Free School Meals,Free School Meals,Total,56.2
202021,Academic year,Local authority,E92000001,England,E12000009,South West,916,E10000013,Gloucestershire,By Age 19,Free School Meals,Free School Meals,Total,19.5
202021,Academic year,Local authority,E92000001,England,E12000001,North East,841,E06000005,Darlington,By Age 19,Free School Meals,Free School Meals,Total,17.5
202021,Academic year,Local authority,E92000001,England,E12000008,South East,825,E10000002,Buckinghamshire,By Age 19,Free School Meals,Free School Meals,Total,33.8
202021,Academic year,Local authority,E92000001,England,E12000002,North West,350,E08000001,Bolton,By Age 19,Free School Meals,Free School Meals,Total,32.6
202021,Academic year,Local authority,E92000001,England,E12000004,East Midlands,856,E06000016,Leicester,By Age 19,Free School Meals,Free School Meals,Total,31.9
202021,Academic year,Local authority,E92000001,England,E12000005,West Midlands,335,E08000030,Walsall,By Age 19,Free School Meals,Free School Meals,Total,28.8
202021,Academic year,Local authority,E92000001,England,E12000003,Yorkshire and The Humber,371,E08000017,Doncaster,By Age 19,Free School Meals,Free School Meals,Total,18.7
202021,Academic year,Local authority,E92000001,England,E12000005,West Midlands,331,E08000026,Coventry,By Age 19,Free School Meals,Free School Meals,Total,32.6
202021,Academic year,Local authority,E92000001,England,E12000009,South West,801,E06000023,Bristol,By Age 19,Free School Meals,Free School Meals,Total,20.9
202021,Academic year,Local authority,E92000001,England,E12000002,North West,344,E08000015,Wirral,By Age 19,Free School Meals,Free School Meals,Total,23.2
202021,Academic year,Local authority,E92000001,England,E12000007,London,312,E09000017,Hillingdon,By Age 19,Free School Meals,Free School Meals,Total,41.4
202021,Academic year,Local authority,E92000001,England,E12000008,South East,845,E10000011,East Sussex,By Age 19,Free School Meals,Free School Meals,Total,18.7
202021,Academic year,Local authority,E92000001,England,E12000001,North East,391,E08000021,Newcastle upon Tyne,By Age 19,Free School Meals,Free School Meals,Total,27.8
202021,Academic year,Local authority,E92000001,England,E12000007,London,310,E09000015,Harrow,By Age 19,Free School Meals,Free School Meals,Total,55.8
202021,Academic year,Local authority,E92000001,England,E12000003,Yorkshire and The Humber,811,E06000011,East Riding of Yorkshire,By Age 19,Free School Meals,Free School Meals,Total,24.2
202021,Academic year,Local authority,E92000001,England,E12000003,Yorkshire and The Humber,384,E08000036,Wakefield,By Age 19,Free School Meals,Free School Meals,Total,18.2
202021,Academic year,Local authority,E92000001,England,E12000007,London,303,E09000004,Bexley,By Age 19,Free School Meals,Free School Meals,Total,33.9
202021,Academic year,Local authority,E92000001,England,E12000003,Yorkshire and The Humber,381,E08000033,Calderdale,By Age 19,Free School Meals,Free School Meals,Total,28.7
202021,Academic year,Local authority,E92000001,England,E12000003,Yorkshire and The Humber,810,E06000010,Kingston Upon Hull,By Age 19,Free School Meals,Free School Meals,Total,19.4
202021,Academic year,Local authority,E92000001,England,E12000001,North East,805,E06000001,Hartlepool,By Age 19,Free School Meals,Free School Meals,Total,26.5
202021,Academic year,Local authority,E92000001,England,E12000005,West Midlands,894,E06000020,Telford and Wrekin,By Age 19,Free School Meals,Free School Meals,Total,23.0
202021,Academic year,Local authority,E92000001,England,E12000006,East of England,882,E06000033,Southend-on-Sea,By Age 19,Free School Meals,Free School Meals,Total,26.7
202021,Academic year,Local authority,E92000001,England,E12000004,East Midlands,891,E10000024,Nottinghamshire,By Age 19,Free School Meals,Free School Meals,Total,17.7
202021,Academic year,Local authority,E92000001,England,E12000007,London,305,E09000006,Bromley,By Age 19,Free School Meals,Free School Meals,Total,28.7
202021,Academic year,Local authority,E92000001,England,E12000009,South West,800,E06000022,Bath and North East Somerset,By Age 19,Free School Meals,Free School Meals,Total,20.1
202021,Academic year,Local authority,E92000001,England,E12000001,North East,393,E08000023,South Tyneside,By Age 19,Free School Meals,Free School Meals,Total,21.6
202021,Academic year,Local authority,E92000001,England,E12000008,South East,921,E06000046,Isle of Wight,By Age 19,Free School Meals,Free School Meals,Total,17.4
202021,Academic year,Local authority,E92000001,England,E12000008,South East,886,E10000016,Kent,By Age 19,Free School Meals,Free School Meals,Total,20.7
202021,Academic year,Local authority,E92000001,England,E12000005,West Midlands,861,E06000021,Stoke-on-Trent,By Age 19,Free School Meals,Free School Meals,Total,22.1
202021,Academic year,Local authority,E92000001,England,E12000006,East of England,823,E06000056,Central Bedfordshire,By Age 19,Free School Meals,Free School Meals,Total,17.2
202021,Academic year,Local authority,E92000001,England,E12000007,London,301,E09000002,Barking and Dagenham,By Age 19,Free School Meals,Free School Meals,Total,45.6
202021,Academic year,Local authority,E92000001,England,E12000003,Yorkshire and The Humber,380,E08000032,Bradford,By Age 19,Free School Meals,Free School Meals,Total,33.0
202021,Academic year,Local authority,E92000001,England,E12000002,North West,896,E06000050,Cheshire West and Chester,By Age 19,Free School Meals,Free School Meals,Total,19.2
202021,Academic year,Local authority,E92000001,England,E12000006,East of England,881,E10000012,Essex,By Age 19,Free School Meals,Free School Meals,Total,20.7
202021,Academic year,Local authority,E92000001,England,E12000002,North West,909,E10000006,Cumbria,By Age 19,Free School Meals,Free School Meals,Total,11.1
202021,Academic year,Local authority,E92000001,England,E12000007,London,213,E09000033,Westminster,By Age 19,Free School Meals,Free School Meals,Total,60.5
202021,Academic year,Local authority,E92000001,England,E12000007,London,315,E09000024,Merton,By Age 19,Free School Meals,Free School Meals,Total,42.8
202021,Academic year,Local authority,E92000001,England,E12000002,North West,895,E06000049,Cheshire East,By Age 19,Free School Meals,Free School Meals,Total,20.4
202021,Academic year,Local authority,E92000001,England,E12000001,North East,390,E08000037,Gateshead,By Age 19,Free School Meals,Free School Meals,Total,20.1
202021,Academic year,Local authority,E92000001,England,E12000003,Yorkshire and The Humber,816,E06000014,York,By Age 19,Free School Meals,Free School Meals,Total,17.2
202021,Academic year,Local authority,E92000001,England,E12000002,North West,353,E08000004,Oldham,By Age 19,Free School Meals,Free School Meals,Total,36.4
202021,Academic year,Local authority,E92000001,England,E12000001,North East,806,E06000002,Middlesbrough,By Age 19,Free School Meals,Free School Meals,Total,26.0
202021,Academic year,Local authority,E92000001,England,E12000009,South West,866,E06000030,Swindon,By Age 19,Free School Meals,Free School Meals,Total,21.2
202021,Academic year,Local authority,E92000001,England,E12000003,Yorkshire and The Humber,383,E08000035,Leeds,By Age 19,Free School Meals,Free School Meals,Total,28.8
202021,Academic year,Local authority,E92000001,England,E12000004,East Midlands,892,E06000018,Nottingham,By Age 19,Free School Meals,Free School Meals,Total,28.3
202021,Academic year,Local authority,E92000001,England,E12000008,South East,852,E06000045,Southampton,By Age 19,Free School Meals,Free School Meals,Total,19.8
202021,Academic year,Local authority,E92000001,England,E12000005,West Midlands,885,E10000034,Worcestershire,By Age 19,Free School Meals,Free School Meals,Total,20.1
202021,Academic year,Local authority,E92000001,England,E12000006,East of England,926,E10000020,Norfolk,By Age 19,Free School Meals,Free School Meals,Total,16.0
202021,Academic year,Local authority,E92000001,England,E12000009,South West,838,E06000059,Dorset,By Age 19,Free School Meals,Free School Meals,Total,17.8
202021,Academic year,Local authority,E92000001,England,E12000002,North West,357,E08000008,Tameside,By Age 19,Free School Meals,Free School Meals,Total,25.5
202021,Academic year,Local authority,E92000001,England,E12000008,South East,871,E06000039,Slough,By Age 19,Free School Meals,Free School Meals,Total,44.4
202021,Academic year,Local authority,E92000001,England,E12000004,East Midlands,857,E06000017,Rutland,By Age 19,Free School Meals,Free School Meals,Total,35.4
202021,Academic year,Local authority,E92000001,England,E12000007,London,309,E09000014,Haringey,By Age 19,Free School Meals,Free School Meals,Total,44.3
202021,Academic year,Local authority,E92000001,England,E12000005,West Midlands,332,E08000027,Dudley,By Age 19,Free School Meals,Free School Meals,Total,23.1
202021,Academic year,Local authority,E92000001,England,E12000002,North West,888,E10000017,Lancashire,By Age 19,Free School Meals,Free School Meals,Total,21.8
202021,Academic year,Local authority,E92000001,England,E12000005,West Midlands,860,E10000028,Staffordshire,By Age 19,Free School Meals,Free School Meals,Total,19.0
202021,Academic year,Local authority,E92000001,England,E12000008,South East,867,E06000036,Bracknell Forest,By Age 19,Free School Meals,Free School Meals,Total,14.5
202021,Academic year,Local authority,E92000001,England,E12000007,London,306,E09000008,Croydon,By Age 19,Free School Meals,Free School Meals,Total,39.7
202021,Academic year,Local authority,E92000001,England,E12000007,London,204,E09000012,Hackney,By Age 19,Free School Meals,Free School Meals,Total,49.9
202021,Academic year,Local authority,E92000001,England,E12000007,London,316,E09000025,Newham,By Age 19,Free School Meals,Free School Meals,Total,52.9
202021,Academic year,Local authority,E92000001,England,E12000008,South East,870,E06000038,Reading,By Age 19,Free School Meals,Free School Meals,Total,29.3
202021,Academic year,Local authority,E92000001,England,E12000008,South East,868,E06000040,Windsor and Maidenhead,By Age 19,Free School Meals,Free School Meals,Total,29.3
202021,Academic year,Local authority,E92000001,England,E12000002,North West,341,E08000012,Liverpool,By Age 19,Free School Meals,Free School Meals,Total,29.2
202021,Academic year,Local authority,E92000001,England,E12000007,London,302,E09000003,Barnet,By Age 19,Free School Meals,Free School Meals,Total,56.5
202021,Academic year,Local authority,E92000001,England,E12000007,London,209,E09000023,Lewisham,By Age 19,Free School Meals,Free School Meals,Total,42.5
202021,Academic year,Local authority,E92000001,England,E12000004,East Midlands,925,E10000019,Lincolnshire,By Age 19,Free School Meals,Free School Meals,Total,20.7
202021,Academic year,Local authority,E92000001,England,E12000009,South West,420,E06000053,Isles of Scilly,By Age 19,Free School Meals,Free School Meals,Total,0.0
201415,Academic year,Regional,E92000001,England,E12000005,West Midlands,,,,By Age 25,Total,Total,Total,51.1
201415,Academic year,Regional,E92000001,England,E12000006,East of England,,,,By Age 25,Total,Total,Total,48.8
201415,Academic year,Regional,E92000001,England,E12000009,South West,,,,By Age 25,Total,Total,Total,47.4
201415,Academic year,Regional,E92000001,England,E12000003,Yorkshire and The Humber,,,,By Age 25,Total,Total,Total,48.3
201415,Academic year,Regional,E92000001,England,E12000001,North East,,,,By Age 25,Total,Total,Total,48.9
201415,Academic year,Regional,E92000001,England,E12000008,South East,,,,By Age 25,Total,Total,Total,50.0
201415,Academic year,Regional,E92000001,England,E12000004,East Midlands,,,,By Age 25,Total,Total,Total,47.0
201415,Academic year,Regional,E92000001,England,E12000002,North West,,,,By Age 25,Total,Total,Total,51.1
201415,Academic year,Regional,E92000001,England,E12000007,London,,,,By Age 25,Total,Total,Total,64.0
201415,Academic year,Regional,E92000001,England,E12000005,West Midlands,,,,By Age 25,Total,Total,High tariff,9.5
201415,Academic year,Regional,E92000001,England,E12000006,East of England,,,,By Age 25,Total,Total,High tariff,13.2
201415,Academic year,Regional,E92000001,England,E12000009,South West,,,,By Age 25,Total,Total,High tariff,12.1
201415,Academic year,Regional,E92000001,England,E12000003,Yorkshire and The Humber,,,,By Age 25,Total,Total,High tariff,10.6
201415,Academic year,Regional,E92000001,England,E12000001,North East,,,,By Age 25,Total,Total,High tariff,10.2
201415,Academic year,Regional,E92000001,England,E12000008,South East,,,,By Age 25,Total,Total,High tariff,14.5
201415,Academic year,Regional,E92000001,England,E12000004,East Midlands,,,,By Age 25,Total,Total,High tariff,9.9
201415,Academic year,Regional,E92000001,England,E12000002,North West,,,,By Age 25,Total,Total,High tariff,12.3
201415,Academic year,Regional,E92000001,England,E12000007,London,,,,By Age 25,Total,Total,High tariff,17.8
201415,Academic year,National,E92000001,England,,,,,,By Age 25,Total,Total,High tariff,12.7
201415,Academic year,National,E92000001,England,,,,,,By Age 25,Total,Total,Total,51.3
201415,Academic year,Local authority,E92000001,England,E12000007,London,316,E09000025,Newham,By Age 25,Total,Total,Total,69.1
201415,Academic year,Local authority,E92000001,England,E12000006,East of England,822,E06000055,Bedford,By Age 25,Total,Total,Total,50.4
201415,Academic year,Local authority,E92000001,England,E12000005,West Midlands,334,E08000029,Solihull,By Age 25,Total,Total,Total,54.3
201415,Academic year,Local authority,E92000001,England,E12000009,South West,800,E06000022,Bath and North East Somerset,By Age 25,Total,Total,Total,49.9
201415,Academic year,Local authority,E92000001,England,E12000009,South West,803,E06000025,South Gloucestershire,By Age 25,Total,Total,Total,42.9
201415,Academic year,Local authority,E92000001,England,E12000007,London,312,E09000017,Hillingdon,By Age 25,Total,Total,Total,58.7
201415,Academic year,Local authority,E92000001,England,E12000006,East of England,919,E10000015,Hertfordshire,By Age 25,Total,Total,Total,58.8
201415,Academic year,Local authority,E92000001,England,E12000002,North West,889,E06000008,Blackburn with Darwen,By Age 25,Total,Total,Total,59.0
201415,Academic year,Local authority,E92000001,England,E12000001,North East,806,E06000002,Middlesbrough,By Age 25,Total,Total,Total,50.9
201415,Academic year,Local authority,E92000001,England,E12000009,South West,908,E06000052,Cornwall,By Age 25,Total,Total,Total,45.9
201415,Academic year,Local authority,E92000001,England,E12000003,Yorkshire and The Humber,382,E08000034,Kirklees,By Age 25,Total,Total,Total,53.5
201415,Academic year,Local authority,E92000001,England,E12000009,South West,837,E06000028,Bournemouth,By Age 25,Total,Total,Total,50.4
201415,Academic year,Local authority,E92000001,England,E12000008,South East,852,E06000045,Southampton,By Age 25,Total,Total,Total,40.8
201415,Academic year,Local authority,E92000001,England,E12000005,West Midlands,893,E06000051,Shropshire,By Age 25,Total,Total,Total,47.1
201415,Academic year,Local authority,E92000001,England,E12000009,South West,933,E10000027,Somerset,By Age 25,Total,Total,Total,45.1
201415,Academic year,Local authority,E92000001,England,E12000008,South East,938,E10000032,West Sussex,By Age 25,Total,Total,Total,48.5
201415,Academic year,Local authority,E92000001,England,E12000003,Yorkshire and The Humber,371,E08000017,Doncaster,By Age 25,Total,Total,Total,39.8
201415,Academic year,Local authority,E92000001,England,E12000002,North West,877,E06000007,Warrington,By Age 25,Total,Total,Total,52.3
201415,Academic year,Local authority,E92000001,England,E12000007,London,314,E09000021,Kingston upon Thames,By Age 25,Total,Total,Total,68.1
201415,Academic year,Local authority,E92000001,England,E12000005,West Midlands,861,E06000021,Stoke-on-Trent,By Age 25,Total,Total,Total,43.6
201415,Academic year,Local authority,E92000001,England,E12000007,London,204,E09000012,Hackney,By Age 25,Total,Total,Total,64.4
201415,Academic year,Local authority,E92000001,England,E12000007,London,212,E09000032,Wandsworth,By Age 25,Total,Total,Total,65.6
201415,Academic year,Local authority,E92000001,England,E12000006,East of England,821,E06000032,Luton,By Age 25,Total,Total,Total,57.3
201415,Academic year,Local authority,E92000001,England,E12000001,North East,393,E08000023,South Tyneside,By Age 25,Total,Total,Total,50.4
201415,Academic year,Local authority,E92000001,England,E12000009,South West,878,E10000008,Devon,By Age 25,Total,Total,Total,45.9
201415,Academic year,Local authority,E92000001,England,E12000002,North West,890,E06000009,Blackpool,By Age 25,Total,Total,Total,45.6
201415,Academic year,Local authority,E92000001,England,E12000005,West Midlands,332,E08000027,Dudley,By Age 25,Total,Total,Total,46.6
201415,Academic year,Local authority,E92000001,England,E12000008,South East,870,E06000038,Reading,By Age 25,Total,Total,Total,52.7
201415,Academic year,Local authority,E92000001,England,E12000002,North West,342,E08000013,St. Helens,By Age 25,Total,Total,Total,47.6
201415,Academic year,Local authority,E92000001,England,E12000001,North East,929,E06000057,Northumberland,By Age 25,Total,Total,Total,50.4
201415,Academic year,Local authority,E92000001,England,E12000001,North East,391,E08000021,Newcastle upon Tyne,By Age 25,Total,Total,Total,51.0
201415,Academic year,Local authority,E92000001,England,E12000003,Yorkshire and The Humber,384,E08000036,Wakefield,By Age 25,Total,Total,Total,44.2
201415,Academic year,Local authority,E92000001,England,E12000007,London,301,E09000002,Barking and Dagenham,By Age 25,Total,Total,Total,56.0
201415,Academic year,Local authority,E92000001,England,E12000002,North West,353,E08000004,Oldham,By Age 25,Total,Total,Total,53.0
201415,Academic year,Local authority,E92000001,England,E12000006,East of England,883,E06000034,Thurrock,By Age 25,Total,Total,Total,38.8
201415,Academic year,Local authority,E92000001,England,E12000007,London,209,E09000023,Lewisham,By Age 25,Total,Total,Total,60.0
201415,Academic year,Local authority,E92000001,England,E12000007,London,315,E09000024,Merton,By Age 25,Total,Total,Total,63.1
201415,Academic year,Local authority,E92000001,England,E12000008,South East,825,E10000002,Buckinghamshire,By Age 25,Total,Total,Total,63.0
201415,Academic year,Local authority,E92000001,England,E12000009,South West,880,E06000027,Torbay,By Age 25,Total,Total,Total,46.7
201415,Academic year,Local authority,E92000001,England,E12000005,West Midlands,336,E08000031,Wolverhampton,By Age 25,Total,Total,Total,53.5
201415,Academic year,Local authority,E92000001,England,E12000004,East Midlands,891,E10000024,Nottinghamshire,By Age 25,Total,Total,Total,45.2
201415,Academic year,Local authority,E92000001,England,E12000006,East of England,874,E06000031,Peterborough,By Age 25,Total,Total,Total,45.5
201415,Academic year,Local authority,E92000001,England,E12000002,North West,358,E08000009,Trafford,By Age 25,Total,Total,Total,63.4
201415,Academic year,Local authority,E92000001,England,E12000001,North East,807,E06000003,Redcar and Cleveland,By Age 25,Total,Total,Total,49.6
201415,Academic year,Local authority,E92000001,England,E12000007,London,206,E09000019,Islington,By Age 25,Total,Total,Total,62.3
201415,Academic year,Local authority,E92000001,England,E12000002,North West,350,E08000001,Bolton,By Age 25,Total,Total,Total,54.1
201415,Academic year,Local authority,E92000001,England,E12000003,Yorkshire and The Humber,383,E08000035,Leeds,By Age 25,Total,Total,Total,47.5
201415,Academic year,Local authority,E92000001,England,E12000005,West Midlands,937,E10000031,Warwickshire,By Age 25,Total,Total,Total,51.3
201415,Academic year,Local authority,E92000001,England,E12000002,North West,356,E08000007,Stockport,By Age 25,Total,Total,Total,51.0
201415,Academic year,Local authority,E92000001,England,E12000009,South West,879,E06000026,Plymouth,By Age 25,Total,Total,Total,46.8
201415,Academic year,Local authority,E92000001,England,E12000007,London,211,E09000030,Tower Hamlets,By Age 25,Total,Total,Total,68.2
201415,Academic year,Local authority,E92000001,England,E12000006,East of England,926,E10000020,Norfolk,By Age 25,Total,Total,Total,42.4
201415,Academic year,Local authority,E92000001,England,E12000007,London,309,E09000014,Haringey,By Age 25,Total,Total,Total,66.9
201415,Academic year,Local authority,E92000001,England,E12000005,West Midlands,333,E08000028,Sandwell,By Age 25,Total,Total,Total,46.3
201415,Academic year,Local authority,E92000001,England,E12000009,South West,801,E06000023,Bristol,By Age 25,Total,Total,Total,45.3
201415,Academic year,Local authority,E92000001,England,E12000002,North West,909,E10000006,Cumbria,By Age 25,Total,Total,Total,44.8
201415,Academic year,Local authority,E92000001,England,E12000003,Yorkshire and The Humber,810,E06000010,Kingston Upon Hull,By Age 25,Total,Total,Total,40.5
201415,Academic year,Local authority,E92000001,England,E12000001,North East,390,E08000037,Gateshead,By Age 25,Total,Total,Total,49.5
201415,Academic year,Local authority,E92000001,England,E12000006,East of England,873,E10000003,Cambridgeshire,By Age 25,Total,Total,Total,49.7
201415,Academic year,Local authority,E92000001,England,E12000001,North East,808,E06000004,Stockton-on-Tees,By Age 25,Total,Total,Total,55.2
201415,Academic year,Local authority,E92000001,England,E12000008,South East,887,E06000035,Medway,By Age 25,Total,Total,Total,45.2
201415,Academic year,Local authority,E92000001,England,E12000005,West Midlands,884,E06000019,Herefordshire,By Age 25,Total,Total,Total,47.5
201415,Academic year,Local authority,E92000001,England,E12000007,London,303,E09000004,Bexley,By Age 25,Total,Total,Total,55.5
201415,Academic year,Local authority,E92000001,England,E12000003,Yorkshire and The Humber,381,E08000033,Calderdale,By Age 25,Total,Total,Total,55.4
201415,Academic year,Local authority,E92000001,England,E12000007,London,208,E09000022,Lambeth,By Age 25,Total,Total,Total,62.5
201415,Academic year,Local authority,E92000001,England,E12000002,North West,895,E06000049,Cheshire East,By Age 25,Total,Total,Total,53.4
201415,Academic year,Local authority,E92000001,England,E12000008,South East,850,E10000014,Hampshire,By Age 25,Total,Total,Total,47.3
201415,Academic year,Local authority,E92000001,England,E12000003,Yorkshire and The Humber,816,E06000014,York,By Age 25,Total,Total,Total,53.5
201415,Academic year,Local authority,E92000001,England,E12000007,London,213,E09000033,Westminster,By Age 25,Total,Total,Total,72.6
201415,Academic year,Local authority,E92000001,England,E12000009,South West,802,E06000024,North Somerset,By Age 25,Total,Total,Total,52.1
201415,Academic year,Local authority,E92000001,England,E12000007,London,313,E09000018,Hounslow,By Age 25,Total,Total,Total,65.5
201415,Academic year,Local authority,E92000001,England,E12000006,East of England,881,E10000012,Essex,By Age 25,Total,Total,Total,44.5
201415,Academic year,Local authority,E92000001,England,E12000004,East Midlands,928,E10000021,Northamptonshire,By Age 25,Total,Total,Total,45.5
201415,Academic year,Local authority,E92000001,England,E12000008,South East,868,E06000040,Windsor and Maidenhead,By Age 25,Total,Total,Total,54.9
201415,Academic year,Local authority,E92000001,England,E12000005,West Midlands,885,E10000034,Worcestershire,By Age 25,Total,Total,Total,49.5
201415,Academic year,Local authority,E92000001,England,E12000004,East Midlands,831,E06000015,Derby,By Age 25,Total,Total,Total,46.1
201415,Academic year,Local authority,E92000001,England,E12000007,London,307,E09000009,Ealing,By Age 25,Total,Total,Total,68.6
201415,Academic year,Local authority,E92000001,England,E12000004,East Midlands,830,E10000007,Derbyshire,By Age 25,Total,Total,Total,45.3
201415,Academic year,Local authority,E92000001,England,E12000001,North East,841,E06000005,Darlington,By Age 25,Total,Total,Total,46.0
201415,Academic year,Local authority,E92000001,England,E12000007,London,210,E09000028,Southwark,By Age 25,Total,Total,Total,66.2
201415,Academic year,Local authority,E92000001,England,E12000009,South West,866,E06000030,Swindon,By Age 25,Total,Total,Total,41.5
201415,Academic year,Local authority,E92000001,England,E12000008,South East,872,E06000041,Wokingham,By Age 25,Total,Total,Total,57.6
201415,Academic year,Local authority,E92000001,England,E12000007,London,318,E09000027,Richmond upon Thames,By Age 25,Total,Total,Total,62.5
201415,Academic year,Local authority,E92000001,England,E12000006,East of England,823,E06000056,Central Bedfordshire,By Age 25,Total,Total,Total,48.1
201415,Academic year,Local authority,E92000001,England,E12000002,North West,876,E06000006,Halton,By Age 25,Total,Total,Total,45.2
201415,Academic year,Local authority,E92000001,England,E12000001,North East,840,E06000047,Durham,By Age 25,Total,Total,Total,43.4
201415,Academic year,Local authority,E92000001,England,E12000008,South East,921,E06000046,Isle of Wight,By Age 25,Total,Total,Total,41.9
201415,Academic year,Local authority,E92000001,England,E12000007,London,310,E09000015,Harrow,By Age 25,Total,Total,Total,75.5
201415,Academic year,Local authority,E92000001,England,E12000008,South East,845,E10000011,East Sussex,By Age 25,Total,Total,Total,43.4
201415,Academic year,Local authority,E92000001,England,E12000002,North West,357,E08000008,Tameside,By Age 25,Total,Total,Total,45.7
201415,Academic year,Local authority,E92000001,England,E12000001,North East,392,E08000022,North Tyneside,By Age 25,Total,Total,Total,54.2
201415,Academic year,Local authority,E92000001,England,E12000003,Yorkshire and The Humber,370,E08000016,Barnsley,By Age 25,Total,Total,Total,38.6
201415,Academic year,Local authority,E92000001,England,E12000006,East of England,882,E06000033,Southend-on-Sea,By Age 25,Total,Total,Total,53.1
201415,Academic year,Local authority,E92000001,England,E12000009,South West,916,E10000013,Gloucestershire,By Age 25,Total,Total,Total,50.4
201415,Academic year,Local authority,E92000001,England,E12000002,North West,341,E08000012,Liverpool,By Age 25,Total,Total,Total,53.2
201415,Academic year,Local authority,E92000001,England,E12000008,South East,871,E06000039,Slough,By Age 25,Total,Total,Total,68.4
201415,Academic year,Local authority,E92000001,England,E12000001,North East,394,E08000024,Sunderland,By Age 25,Total,Total,Total,45.3
201415,Academic year,Local authority,E92000001,England,E12000003,Yorkshire and The Humber,815,E10000023,North Yorkshire,By Age 25,Total,Total,Total,53.7
201415,Academic year,Local authority,E92000001,England,E12000007,London,320,E09000031,Waltham Forest,By Age 25,Total,Total,Total,63.1
201415,Academic year,Local authority,E92000001,England,E12000008,South East,936,E10000030,Surrey,By Age 25,Total,Total,Total,53.4
201415,Academic year,Local authority,E92000001,England,E12000002,North West,343,E08000014,Sefton,By Age 25,Total,Total,Total,50.1
201415,Academic year,Local authority,E92000001,England,E12000005,West Midlands,335,E08000030,Walsall,By Age 25,Total,Total,Total,47.4
201415,Academic year,Local authority,E92000001,England,E12000002,North West,354,E08000005,Rochdale,By Age 25,Total,Total,Total,48.5
201415,Academic year,Local authority,E92000001,England,E12000009,South West,835,E10000009,Dorset,By Age 25,Total,Total,Total,48.3
201415,Academic year,Local authority,E92000001,England,E12000007,London,304,E09000005,Brent,By Age 25,Total,Total,Total,70.4
201415,Academic year,Local authority,E92000001,England,E12000007,London,306,E09000008,Croydon,By Age 25,Total,Total,Total,59.1
201415,Academic year,Local authority,E92000001,England,E12000009,South West,836,E06000029,Poole,By Age 25,Total,Total,Total,52.2
201415,Academic year,Local authority,E92000001,England,E12000005,West Midlands,860,E10000028,Staffordshire,By Age 25,Total,Total,Total,48.9
201415,Academic year,Local authority,E92000001,England,E12000007,London,203,E09000011,Greenwich,By Age 25,Total,Total,Total,58.1
201415,Academic year,Local authority,E92000001,England,E12000008,South East,846,E06000043,Brighton and Hove,By Age 25,Total,Total,Total,51.2
201415,Academic year,Local authority,E92000001,England,E12000007,London,202,E09000007,Camden,By Age 25,Total,Total,Total,65.7
201415,Academic year,Local authority,E92000001,England,E12000008,South East,826,E06000042,Milton Keynes,By Age 25,Total,Total,Total,52.1
201415,Academic year,Local authority,E92000001,England,E12000002,North West,352,E08000003,Manchester,By Age 25,Total,Total,Total,54.6
201415,Academic year,Local authority,E92000001,England,E12000003,Yorkshire and The Humber,373,E08000019,Sheffield,By Age 25,Total,Total,Total,49.3
201415,Academic year,Local authority,E92000001,England,E12000004,East Midlands,925,E10000019,Lincolnshire,By Age 25,Total,Total,Total,48.8
201415,Academic year,Local authority,E92000001,England,E12000002,North West,896,E06000050,Cheshire West and Chester,By Age 25,Total,Total,Total,51.0
201415,Academic year,Local authority,E92000001,England,E12000002,North West,340,E08000011,Knowsley,By Age 25,Total,Total,Total,31.6
201415,Academic year,Local authority,E92000001,England,E12000006,East of England,935,E10000029,Suffolk,By Age 25,Total,Total,Total,45.6
201415,Academic year,Local authority,E92000001,England,E12000001,North East,805,E06000001,Hartlepool,By Age 25,Total,Total,Total,49.5
201415,Academic year,Local authority,E92000001,England,E12000007,London,305,E09000006,Bromley,By Age 25,Total,Total,Total,55.1
201415,Academic year,Local authority,E92000001,England,E12000008,South East,867,E06000036,Bracknell Forest,By Age 25,Total,Total,Total,48.6
201415,Academic year,Local authority,E92000001,England,E12000004,East Midlands,855,E10000018,Leicestershire,By Age 25,Total,Total,Total,49.7
201415,Academic year,Local authority,E92000001,England,E12000007,London,311,E09000016,Havering,By Age 25,Total,Total,Total,44.5
201415,Academic year,Local authority,E92000001,England,E12000005,West Midlands,330,E08000025,Birmingham,By Age 25,Total,Total,Total,59.7
201415,Academic year,Local authority,E92000001,England,E12000003,Yorkshire and The Humber,811,E06000011,East Riding of Yorkshire,By Age 25,Total,Total,Total,52.4
201415,Academic year,Local authority,E92000001,England,E12000003,Yorkshire and The Humber,372,E08000018,Rotherham,By Age 25,Total,Total,Total,43.9
201415,Academic year,Local authority,E92000001,England,E12000004,East Midlands,857,E06000017,Rutland,By Age 25,Total,Total,Total,54.6
201415,Academic year,Local authority,E92000001,England,E12000002,North West,359,E08000010,Wigan,By Age 25,Total,Total,Total,47.4
201415,Academic year,Local authority,E92000001,England,E12000005,West Midlands,331,E08000026,Coventry,By Age 25,Total,Total,Total,51.4
201415,Academic year,Local authority,E92000001,England,E12000008,South East,869,E06000037,West Berkshire,By Age 25,Total,Total,Total,49.2
201415,Academic year,Local authority,E92000001,England,E12000003,Yorkshire and The Humber,813,E06000013,North Lincolnshire,By Age 25,Total,Total,Total,42.6
201415,Academic year,Local authority,E92000001,England,E12000007,London,207,E09000020,Kensington and Chelsea,By Age 25,Total,Total,Total,72.7
201415,Academic year,Local authority,E92000001,England,E12000008,South East,851,E06000044,Portsmouth,By Age 25,Total,Total,Total,38.7
201415,Academic year,Local authority,E92000001,England,E12000004,East Midlands,892,E06000018,Nottingham,By Age 25,Total,Total,Total,41.3
201415,Academic year,Local authority,E92000001,England,E12000007,London,302,E09000003,Barnet,By Age 25,Total,Total,Total,71.8
201415,Academic year,Local authority,E92000001,England,E12000009,South West,865,E06000054,Wiltshire,By Age 25,Total,Total,Total,50.7
201415,Academic year,Local authority,E92000001,England,E12000005,West Midlands,894,E06000020,Telford and Wrekin,By Age 25,Total,Total,Total,45.5
201415,Academic year,Local authority,E92000001,England,E12000007,London,308,E09000010,Enfield,By Age 25,Total,Total,Total,64.3
201415,Academic year,Local authority,E92000001,England,E12000008,South East,886,E10000016,Kent,By Age 25,Total,Total,Total,48.3
201415,Academic year,Local authority,E92000001,England,E12000003,Yorkshire and The Humber,812,E06000012,North East Lincolnshire,By Age 25,Total,Total,Total,41.4
201415,Academic year,Local authority,E92000001,England,E12000009,South West,420,E06000053,Isles of Scilly,By Age 25,Total,Total,Total,57.9
201415,Academic year,Local authority,E92000001,England,E12000007,London,205,E09000013,Hammersmith and Fulham,By Age 25,Total,Total,Total,70.7
201415,Academic year,Local authority,E92000001,England,E12000007,London,319,E09000029,Sutton,By Age 25,Total,Total,Total,66.7
201415,Academic year,Local authority,E92000001,England,E12000008,South East,931,E10000025,Oxfordshire,By Age 25,Total,Total,Total,50.0
201415,Academic year,Local authority,E92000001,England,E12000002,North West,351,E08000002,Bury,By Age 25,Total,Total,Total,53.1
201415,Academic year,Local authority,E92000001,England,E12000002,North West,355,E08000006,Salford,By Age 25,Total,Total,Total,42.3
201415,Academic year,Local authority,E92000001,England,E12000002,North West,888,E10000017,Lancashire,By Age 25,Total,Total,Total,52.5
201415,Academic year,Local authority,E92000001,England,E12000007,London,317,E09000026,Redbridge,By Age 25,Total,Total,Total,71.9
201415,Academic year,Local authority,E92000001,England,E12000002,North West,344,E08000015,Wirral,By Age 25,Total,Total,Total,54.6
201415,Academic year,Local authority,E92000001,England,E12000003,Yorkshire and The Humber,380,E08000032,Bradford,By Age 25,Total,Total,Total,51.4
201415,Academic year,Local authority,E92000001,England,E12000004,East Midlands,856,E06000016,Leicester,By Age 25,Total,Total,Total,53.4
201415,Academic year,Local authority,E92000001,England,E12000007,London,316,E09000025,Newham,By Age 25,Total,Total,High tariff,15.6
201415,Academic year,Local authority,E92000001,England,E12000006,East of England,822,E06000055,Bedford,By Age 25,Total,Total,High tariff,10.0
201415,Academic year,Local authority,E92000001,England,E12000005,West Midlands,334,E08000029,Solihull,By Age 25,Total,Total,High tariff,11.8
201415,Academic year,Local authority,E92000001,England,E12000009,South West,803,E06000025,South Gloucestershire,By Age 25,Total,Total,High tariff,9.2
201415,Academic year,Local authority,E92000001,England,E12000009,South West,800,E06000022,Bath and North East Somerset,By Age 25,Total,Total,High tariff,13.9
201415,Academic year,Local authority,E92000001,England,E12000006,East of England,919,E10000015,Hertfordshire,By Age 25,Total,Total,High tariff,19.5
201415,Academic year,Local authority,E92000001,England,E12000009,South West,908,E06000052,Cornwall,By Age 25,Total,Total,High tariff,9.5
201415,Academic year,Local authority,E92000001,England,E12000002,North West,889,E06000008,Blackburn with Darwen,By Age 25,Total,Total,High tariff,9.2
201415,Academic year,Local authority,E92000001,England,E12000007,London,312,E09000017,Hillingdon,By Age 25,Total,Total,High tariff,13.3
201415,Academic year,Local authority,E92000001,England,E12000001,North East,806,E06000002,Middlesbrough,By Age 25,Total,Total,High tariff,9.6
201415,Academic year,Local authority,E92000001,England,E12000009,South West,837,E06000028,Bournemouth,By Age 25,Total,Total,High tariff,14.6
201415,Academic year,Local authority,E92000001,England,E12000003,Yorkshire and The Humber,382,E08000034,Kirklees,By Age 25,Total,Total,High tariff,9.9
201415,Academic year,Local authority,E92000001,England,E12000008,South East,852,E06000045,Southampton,By Age 25,Total,Total,High tariff,8.9
201415,Academic year,Local authority,E92000001,England,E12000005,West Midlands,893,E06000051,Shropshire,By Age 25,Total,Total,High tariff,10.2
201415,Academic year,Local authority,E92000001,England,E12000007,London,314,E09000021,Kingston upon Thames,By Age 25,Total,Total,High tariff,31.4
201415,Academic year,Local authority,E92000001,England,E12000008,South East,938,E10000032,West Sussex,By Age 25,Total,Total,High tariff,12.9
201415,Academic year,Local authority,E92000001,England,E12000003,Yorkshire and The Humber,371,E08000017,Doncaster,By Age 25,Total,Total,High tariff,6.4
201415,Academic year,Local authority,E92000001,England,E12000009,South West,933,E10000027,Somerset,By Age 25,Total,Total,High tariff,10.7
201415,Academic year,Local authority,E92000001,England,E12000002,North West,877,E06000007,Warrington,By Age 25,Total,Total,High tariff,14.0
201415,Academic year,Local authority,E92000001,England,E12000007,London,204,E09000012,Hackney,By Age 25,Total,Total,High tariff,15.3
201415,Academic year,Local authority,E92000001,England,E12000005,West Midlands,861,E06000021,Stoke-on-Trent,By Age 25,Total,Total,High tariff,4.7
201415,Academic year,Local authority,E92000001,England,E12000007,London,212,E09000032,Wandsworth,By Age 25,Total,Total,High tariff,20.1
201415,Academic year,Local authority,E92000001,England,E12000006,East of England,821,E06000032,Luton,By Age 25,Total,Total,High tariff,8.0
201415,Academic year,Local authority,E92000001,England,E12000009,South West,878,E10000008,Devon,By Age 25,Total,Total,High tariff,12.0
201415,Academic year,Local authority,E92000001,England,E12000001,North East,393,E08000023,South Tyneside,By Age 25,Total,Total,High tariff,9.6
201415,Academic year,Local authority,E92000001,England,E12000005,West Midlands,332,E08000027,Dudley,By Age 25,Total,Total,High tariff,6.6
201415,Academic year,Local authority,E92000001,England,E12000002,North West,890,E06000009,Blackpool,By Age 25,Total,Total,High tariff,7.6
201415,Academic year,Local authority,E92000001,England,E12000003,Yorkshire and The Humber,384,E08000036,Wakefield,By Age 25,Total,Total,High tariff,9.9
201415,Academic year,Local authority,E92000001,England,E12000007,London,301,E09000002,Barking and Dagenham,By Age 25,Total,Total,High tariff,11.1
201415,Academic year,Local authority,E92000001,England,E12000001,North East,391,E08000021,Newcastle upon Tyne,By Age 25,Total,Total,High tariff,13.3
201415,Academic year,Local authority,E92000001,England,E12000001,North East,929,E06000057,Northumberland,By Age 25,Total,Total,High tariff,12.5
201415,Academic year,Local authority,E92000001,England,E12000008,South East,870,E06000038,Reading,By Age 25,Total,Total,High tariff,22.1
201415,Academic year,Local authority,E92000001,England,E12000002,North West,342,E08000013,St. Helens,By Age 25,Total,Total,High tariff,9.7
201415,Academic year,Local authority,E92000001,England,E12000002,North West,353,E08000004,Oldham,By Age 25,Total,Total,High tariff,9.9
201415,Academic year,Local authority,E92000001,England,E12000006,East of England,883,E06000034,Thurrock,By Age 25,Total,Total,High tariff,6.2
201415,Academic year,Local authority,E92000001,England,E12000008,South East,825,E10000002,Buckinghamshire,By Age 25,Total,Total,High tariff,26.9
201415,Academic year,Local authority,E92000001,England,E12000009,South West,880,E06000027,Torbay,By Age 25,Total,Total,High tariff,13.3
201415,Academic year,Local authority,E92000001,England,E12000005,West Midlands,336,E08000031,Wolverhampton,By Age 25,Total,Total,High tariff,8.6
201415,Academic year,Local authority,E92000001,England,E12000007,London,315,E09000024,Merton,By Age 25,Total,Total,High tariff,15.1
201415,Academic year,Local authority,E92000001,England,E12000007,London,209,E09000023,Lewisham,By Age 25,Total,Total,High tariff,11.6
201415,Academic year,Local authority,E92000001,England,E12000006,East of England,874,E06000031,Peterborough,By Age 25,Total,Total,High tariff,8.9
201415,Academic year,Local authority,E92000001,England,E12000004,East Midlands,891,E10000024,Nottinghamshire,By Age 25,Total,Total,High tariff,10.5
201415,Academic year,Local authority,E92000001,England,E12000001,North East,807,E06000003,Redcar and Cleveland,By Age 25,Total,Total,High tariff,7.7
201415,Academic year,Local authority,E92000001,England,E12000002,North West,358,E08000009,Trafford,By Age 25,Total,Total,High tariff,28.0
201415,Academic year,Local authority,E92000001,England,E12000002,North West,350,E08000001,Bolton,By Age 25,Total,Total,High tariff,10.1
201415,Academic year,Local authority,E92000001,England,E12000007,London,206,E09000019,Islington,By Age 25,Total,Total,High tariff,14.7
201415,Academic year,Local authority,E92000001,England,E12000003,Yorkshire and The Humber,383,E08000035,Leeds,By Age 25,Total,Total,High tariff,12.6
201415,Academic year,Local authority,E92000001,England,E12000005,West Midlands,937,E10000031,Warwickshire,By Age 25,Total,Total,High tariff,13.6
201415,Academic year,Local authority,E92000001,England,E12000002,North West,356,E08000007,Stockport,By Age 25,Total,Total,High tariff,13.6
201415,Academic year,Local authority,E92000001,England,E12000009,South West,879,E06000026,Plymouth,By Age 25,Total,Total,High tariff,8.6
201415,Academic year,Local authority,E92000001,England,E12000006,East of England,926,E10000020,Norfolk,By Age 25,Total,Total,High tariff,12.0
201415,Academic year,Local authority,E92000001,England,E12000007,London,309,E09000014,Haringey,By Age 25,Total,Total,High tariff,18.2
201415,Academic year,Local authority,E92000001,England,E12000009,South West,801,E06000023,Bristol,By Age 25,Total,Total,High tariff,12.9
201415,Academic year,Local authority,E92000001,England,E12000005,West Midlands,333,E08000028,Sandwell,By Age 25,Total,Total,High tariff,4.2
201415,Academic year,Local authority,E92000001,England,E12000002,North West,909,E10000006,Cumbria,By Age 25,Total,Total,High tariff,11.0
201415,Academic year,Local authority,E92000001,England,E12000007,London,211,E09000030,Tower Hamlets,By Age 25,Total,Total,High tariff,18.0
201415,Academic year,Local authority,E92000001,England,E12000003,Yorkshire and The Humber,810,E06000010,Kingston Upon Hull,By Age 25,Total,Total,High tariff,4.7
201415,Academic year,Local authority,E92000001,England,E12000001,North East,390,E08000037,Gateshead,By Age 25,Total,Total,High tariff,11.9
201415,Academic year,Local authority,E92000001,England,E12000006,East of England,873,E10000003,Cambridgeshire,By Age 25,Total,Total,High tariff,15.7
201415,Academic year,Local authority,E92000001,England,E12000001,North East,808,E06000004,Stockton-on-Tees,By Age 25,Total,Total,High tariff,10.0
201415,Academic year,Local authority,E92000001,England,E12000005,West Midlands,884,E06000019,Herefordshire,By Age 25,Total,Total,High tariff,12.6
201415,Academic year,Local authority,E92000001,England,E12000008,South East,887,E06000035,Medway,By Age 25,Total,Total,High tariff,10.0
201415,Academic year,Local authority,E92000001,England,E12000007,London,303,E09000004,Bexley,By Age 25,Total,Total,High tariff,13.9
201415,Academic year,Local authority,E92000001,England,E12000007,London,208,E09000022,Lambeth,By Age 25,Total,Total,High tariff,12.1
201415,Academic year,Local authority,E92000001,England,E12000003,Yorkshire and The Humber,381,E08000033,Calderdale,By Age 25,Total,Total,High tariff,12.5
201415,Academic year,Local authority,E92000001,England,E12000008,South East,850,E10000014,Hampshire,By Age 25,Total,Total,High tariff,12.6
201415,Academic year,Local authority,E92000001,England,E12000003,Yorkshire and The Humber,816,E06000014,York,By Age 25,Total,Total,High tariff,18.3
201415,Academic year,Local authority,E92000001,England,E12000002,North West,895,E06000049,Cheshire East,By Age 25,Total,Total,High tariff,16.0
201415,Academic year,Local authority,E92000001,England,E12000007,London,213,E09000033,Westminster,By Age 25,Total,Total,High tariff,21.4
201415,Academic year,Local authority,E92000001,England,E12000009,South West,802,E06000024,North Somerset,By Age 25,Total,Total,High tariff,11.3
201415,Academic year,Local authority,E92000001,England,E12000006,East of England,881,E10000012,Essex,By Age 25,Total,Total,High tariff,11.6
201415,Academic year,Local authority,E92000001,England,E12000007,London,313,E09000018,Hounslow,By Age 25,Total,Total,High tariff,18.1
201415,Academic year,Local authority,E92000001,England,E12000004,East Midlands,928,E10000021,Northamptonshire,By Age 25,Total,Total,High tariff,8.5
201415,Academic year,Local authority,E92000001,England,E12000008,South East,868,E06000040,Windsor and Maidenhead,By Age 25,Total,Total,High tariff,16.1
201415,Academic year,Local authority,E92000001,England,E12000005,West Midlands,885,E10000034,Worcestershire,By Age 25,Total,Total,High tariff,10.2
201415,Academic year,Local authority,E92000001,England,E12000007,London,307,E09000009,Ealing,By Age 25,Total,Total,High tariff,17.9
201415,Academic year,Local authority,E92000001,England,E12000004,East Midlands,831,E06000015,Derby,By Age 25,Total,Total,High tariff,7.2
201415,Academic year,Local authority,E92000001,England,E12000001,North East,841,E06000005,Darlington,By Age 25,Total,Total,High tariff,9.1
201415,Academic year,Local authority,E92000001,England,E12000004,East Midlands,830,E10000007,Derbyshire,By Age 25,Total,Total,High tariff,10.0
201415,Academic year,Local authority,E92000001,England,E12000007,London,210,E09000028,Southwark,By Age 25,Total,Total,High tariff,13.9
201415,Academic year,Local authority,E92000001,England,E12000009,South West,866,E06000030,Swindon,By Age 25,Total,Total,High tariff,7.6
201415,Academic year,Local authority,E92000001,England,E12000008,South East,872,E06000041,Wokingham,By Age 25,Total,Total,High tariff,18.0
201415,Academic year,Local authority,E92000001,England,E12000007,London,318,E09000027,Richmond upon Thames,By Age 25,Total,Total,High tariff,24.4
201415,Academic year,Local authority,E92000001,England,E12000006,East of England,823,E06000056,Central Bedfordshire,By Age 25,Total,Total,High tariff,8.9
201415,Academic year,Local authority,E92000001,England,E12000001,North East,840,E06000047,Durham,By Age 25,Total,Total,High tariff,9.5
201415,Academic year,Local authority,E92000001,England,E12000002,North West,876,E06000006,Halton,By Age 25,Total,Total,High tariff,7.8
201415,Academic year,Local authority,E92000001,England,E12000008,South East,921,E06000046,Isle of Wight,By Age 25,Total,Total,High tariff,6.9
201415,Academic year,Local authority,E92000001,England,E12000007,London,310,E09000015,Harrow,By Age 25,Total,Total,High tariff,20.4
201415,Academic year,Local authority,E92000001,England,E12000001,North East,392,E08000022,North Tyneside,By Age 25,Total,Total,High tariff,11.8
201415,Academic year,Local authority,E92000001,England,E12000008,South East,845,E10000011,East Sussex,By Age 25,Total,Total,High tariff,10.9
201415,Academic year,Local authority,E92000001,England,E12000002,North West,357,E08000008,Tameside,By Age 25,Total,Total,High tariff,9.8
201415,Academic year,Local authority,E92000001,England,E12000009,South West,916,E10000013,Gloucestershire,By Age 25,Total,Total,High tariff,15.3
201415,Academic year,Local authority,E92000001,England,E12000006,East of England,882,E06000033,Southend-on-Sea,By Age 25,Total,Total,High tariff,18.8
201415,Academic year,Local authority,E92000001,England,E12000003,Yorkshire and The Humber,370,E08000016,Barnsley,By Age 25,Total,Total,High tariff,6.6
201415,Academic year,Local authority,E92000001,England,E12000008,South East,871,E06000039,Slough,By Age 25,Total,Total,High tariff,20.6
201415,Academic year,Local authority,E92000001,England,E12000003,Yorkshire and The Humber,815,E10000023,North Yorkshire,By Age 25,Total,Total,High tariff,17.1
201415,Academic year,Local authority,E92000001,England,E12000001,North East,394,E08000024,Sunderland,By Age 25,Total,Total,High tariff,7.1
201415,Academic year,Local authority,E92000001,England,E12000002,North West,341,E08000012,Liverpool,By Age 25,Total,Total,High tariff,13.5
201415,Academic year,Local authority,E92000001,England,E12000007,London,320,E09000031,Waltham Forest,By Age 25,Total,Total,High tariff,14.2
201415,Academic year,Local authority,E92000001,England,E12000008,South East,936,E10000030,Surrey,By Age 25,Total,Total,High tariff,17.4
201415,Academic year,Local authority,E92000001,England,E12000002,North West,354,E08000005,Rochdale,By Age 25,Total,Total,High tariff,8.8
201415,Academic year,Local authority,E92000001,England,E12000005,West Midlands,335,E08000030,Walsall,By Age 25,Total,Total,High tariff,7.7
201415,Academic year,Local authority,E92000001,England,E12000002,North West,343,E08000014,Sefton,By Age 25,Total,Total,High tariff,12.0
201415,Academic year,Local authority,E92000001,England,E12000009,South West,835,E10000009,Dorset,By Age 25,Total,Total,High tariff,12.1
201415,Academic year,Local authority,E92000001,England,E12000007,London,306,E09000008,Croydon,By Age 25,Total,Total,High tariff,13.1
201415,Academic year,Local authority,E92000001,England,E12000009,South West,836,E06000029,Poole,By Age 25,Total,Total,High tariff,15.8
201415,Academic year,Local authority,E92000001,England,E12000007,London,304,E09000005,Brent,By Age 25,Total,Total,High tariff,19.0
201415,Academic year,Local authority,E92000001,England,E12000005,West Midlands,860,E10000028,Staffordshire,By Age 25,Total,Total,High tariff,8.3
201415,Academic year,Local authority,E92000001,England,E12000007,London,203,E09000011,Greenwich,By Age 25,Total,Total,High tariff,11.9
201415,Academic year,Local authority,E92000001,England,E12000008,South East,846,E06000043,Brighton and Hove,By Age 25,Total,Total,High tariff,17.8
201415,Academic year,Local authority,E92000001,England,E12000007,London,202,E09000007,Camden,By Age 25,Total,Total,High tariff,19.1
201415,Academic year,Local authority,E92000001,England,E12000002,North West,352,E08000003,Manchester,By Age 25,Total,Total,High tariff,10.4
201415,Academic year,Local authority,E92000001,England,E12000008,South East,826,E06000042,Milton Keynes,By Age 25,Total,Total,High tariff,9.9
201415,Academic year,Local authority,E92000001,England,E12000004,East Midlands,925,E10000019,Lincolnshire,By Age 25,Total,Total,High tariff,12.4
201415,Academic year,Local authority,E92000001,England,E12000003,Yorkshire and The Humber,373,E08000019,Sheffield,By Age 25,Total,Total,High tariff,12.6
201415,Academic year,Local authority,E92000001,England,E12000002,North West,896,E06000050,Cheshire West and Chester,By Age 25,Total,Total,High tariff,13.8
201415,Academic year,Local authority,E92000001,England,E12000006,East of England,935,E10000029,Suffolk,By Age 25,Total,Total,High tariff,11.0
201415,Academic year,Local authority,E92000001,England,E12000002,North West,340,E08000011,Knowsley,By Age 25,Total,Total,High tariff,5.2
201415,Academic year,Local authority,E92000001,England,E12000007,London,305,E09000006,Bromley,By Age 25,Total,Total,High tariff,17.8
201415,Academic year,Local authority,E92000001,England,E12000001,North East,805,E06000001,Hartlepool,By Age 25,Total,Total,High tariff,8.3
201415,Academic year,Local authority,E92000001,England,E12000008,South East,867,E06000036,Bracknell Forest,By Age 25,Total,Total,High tariff,13.1
201415,Academic year,Local authority,E92000001,England,E12000004,East Midlands,855,E10000018,Leicestershire,By Age 25,Total,Total,High tariff,10.5
201415,Academic year,Local authority,E92000001,England,E12000007,London,311,E09000016,Havering,By Age 25,Total,Total,High tariff,9.1
201415,Academic year,Local authority,E92000001,England,E12000005,West Midlands,330,E08000025,Birmingham,By Age 25,Total,Total,High tariff,11.1
201415,Academic year,Local authority,E92000001,England,E12000003,Yorkshire and The Humber,372,E08000018,Rotherham,By Age 25,Total,Total,High tariff,7.1
201415,Academic year,Local authority,E92000001,England,E12000003,Yorkshire and The Humber,811,E06000011,East Riding of Yorkshire,By Age 25,Total,Total,High tariff,10.6
201415,Academic year,Local authority,E92000001,England,E12000004,East Midlands,857,E06000017,Rutland,By Age 25,Total,Total,High tariff,15.6
201415,Academic year,Local authority,E92000001,England,E12000005,West Midlands,331,E08000026,Coventry,By Age 25,Total,Total,High tariff,7.4
201415,Academic year,Local authority,E92000001,England,E12000002,North West,359,E08000010,Wigan,By Age 25,Total,Total,High tariff,9.2
201415,Academic year,Local authority,E92000001,England,E12000008,South East,869,E06000037,West Berkshire,By Age 25,Total,Total,High tariff,13.7
201415,Academic year,Local authority,E92000001,England,E12000003,Yorkshire and The Humber,813,E06000013,North Lincolnshire,By Age 25,Total,Total,High tariff,6.3
201415,Academic year,Local authority,E92000001,England,E12000004,East Midlands,892,E06000018,Nottingham,By Age 25,Total,Total,High tariff,7.0
201415,Academic year,Local authority,E92000001,England,E12000008,South East,851,E06000044,Portsmouth,By Age 25,Total,Total,High tariff,4.8
201415,Academic year,Local authority,E92000001,England,E12000007,London,207,E09000020,Kensington and Chelsea,By Age 25,Total,Total,High tariff,24.4
201415,Academic year,Local authority,E92000001,England,E12000007,London,302,E09000003,Barnet,By Age 25,Total,Total,High tariff,29.7
201415,Academic year,Local authority,E92000001,England,E12000009,South West,865,E06000054,Wiltshire,By Age 25,Total,Total,High tariff,14.6
201415,Academic year,Local authority,E92000001,England,E12000005,West Midlands,894,E06000020,Telford and Wrekin,By Age 25,Total,Total,High tariff,10.6
201415,Academic year,Local authority,E92000001,England,E12000008,South East,886,E10000016,Kent,By Age 25,Total,Total,High tariff,13.6
201415,Academic year,Local authority,E92000001,England,E12000007,London,308,E09000010,Enfield,By Age 25,Total,Total,High tariff,17.2
201415,Academic year,Local authority,E92000001,England,E12000003,Yorkshire and The Humber,812,E06000012,North East Lincolnshire,By Age 25,Total,Total,High tariff,4.0
201415,Academic year,Local authority,E92000001,England,E12000009,South West,420,E06000053,Isles of Scilly,By Age 25,Total,Total,High tariff,5.3
201415,Academic year,Local authority,E92000001,England,E12000007,London,205,E09000013,Hammersmith and Fulham,By Age 25,Total,Total,High tariff,26.7
201415,Academic year,Local authority,E92000001,England,E12000002,North West,351,E08000002,Bury,By Age 25,Total,Total,High tariff,9.7
201415,Academic year,Local authority,E92000001,England,E12000007,London,319,E09000029,Sutton,By Age 25,Total,Total,High tariff,30.9
201415,Academic year,Local authority,E92000001,England,E12000008,South East,931,E10000025,Oxfordshire,By Age 25,Total,Total,High tariff,15.0
201415,Academic year,Local authority,E92000001,England,E12000002,North West,888,E10000017,Lancashire,By Age 25,Total,Total,High tariff,13.8
201415,Academic year,Local authority,E92000001,England,E12000002,North West,355,E08000006,Salford,By Age 25,Total,Total,High tariff,5.7
201415,Academic year,Local authority,E92000001,England,E12000007,London,317,E09000026,Redbridge,By Age 25,Total,Total,High tariff,21.9
201415,Academic year,Local authority,E92000001,England,E12000002,North West,344,E08000015,Wirral,By Age 25,Total,Total,High tariff,15.7
201415,Academic year,Local authority,E92000001,England,E12000004,East Midlands,856,E06000016,Leicester,By Age 25,Total,Total,High tariff,7.0
201415,Academic year,Local authority,E92000001,England,E12000003,Yorkshire and The Humber,380,E08000032,Bradford,By Age 25,Total,Total,High tariff,8.0
202021,Academic year,Regional,E92000001,England,E12000005,West Midlands,,,,By Age 19,Total,Total,Total,43.8
202021,Academic year,Regional,E92000001,England,E12000003,Yorkshire and The Humber,,,,By Age 19,Total,Total,Total,40.4
202021,Academic year,Regional,E92000001,England,E12000004,East Midlands,,,,By Age 19,Total,Total,Total,41.2
202021,Academic year,Regional,E92000001,England,E12000007,London,,,,By Age 19,Total,Total,Total,60.3
202021,Academic year,Regional,E92000001,England,E12000001,North East,,,,By Age 19,Total,Total,Total,38.8
202021,Academic year,Regional,E92000001,England,E12000009,South West,,,,By Age 19,Total,Total,Total,38.2
202021,Academic year,Regional,E92000001,England,E12000006,East of England,,,,By Age 19,Total,Total,Total,42.6
202021,Academic year,Regional,E92000001,England,E12000002,North West,,,,By Age 19,Total,Total,Total,41.9
202021,Academic year,Regional,E92000001,England,E12000008,South East,,,,By Age 19,Total,Total,Total,45.0
202021,Academic year,Regional,E92000001,England,E12000005,West Midlands,,,,By Age 19,Total,Total,High tariff,9.5
202021,Academic year,Regional,E92000001,England,E12000003,Yorkshire and The Humber,,,,By Age 19,Total,Total,High tariff,10.0
202021,Academic year,Regional,E92000001,England,E12000004,East Midlands,,,,By Age 19,Total,Total,High tariff,9.8
202021,Academic year,Regional,E92000001,England,E12000007,London,,,,By Age 19,Total,Total,High tariff,17.7
202021,Academic year,Regional,E92000001,England,E12000009,South West,,,,By Age 19,Total,Total,High tariff,11.7
202021,Academic year,Regional,E92000001,England,E12000001,North East,,,,By Age 19,Total,Total,High tariff,9.0
202021,Academic year,Regional,E92000001,England,E12000006,East of England,,,,By Age 19,Total,Total,High tariff,11.8
202021,Academic year,Regional,E92000001,England,E12000002,North West,,,,By Age 19,Total,Total,High tariff,10.8
202021,Academic year,Regional,E92000001,England,E12000008,South East,,,,By Age 19,Total,Total,High tariff,14.1
202021,Academic year,National,E92000001,England,,,,,,By Age 19,Total,Total,High tariff,12.1
202021,Academic year,National,E92000001,England,,,,,,By Age 19,Total,Total,Total,44.7
202021,Academic year,Local authority,E92000001,England,E12000007,London,210,E09000028,Southwark,By Age 19,Total,Total,Total,64.1
202021,Academic year,Local authority,E92000001,England,E12000003,Yorkshire and The Humber,816,E06000014,York,By Age 19,Total,Total,Total,44.6
202021,Academic year,Local authority,E92000001,England,E12000005,West Midlands,335,E08000030,Walsall,By Age 19,Total,Total,Total,43.3
202021,Academic year,Local authority,E92000001,England,E12000003,Yorkshire and The Humber,815,E10000023,North Yorkshire,By Age 19,Total,Total,Total,44.3
202021,Academic year,Local authority,E92000001,England,E12000005,West Midlands,937,E10000031,Warwickshire,By Age 19,Total,Total,Total,44.5
202021,Academic year,Local authority,E92000001,England,E12000002,North West,343,E08000014,Sefton,By Age 19,Total,Total,Total,39.5
202021,Academic year,Local authority,E92000001,England,E12000006,East of England,823,E06000056,Central Bedfordshire,By Age 19,Total,Total,Total,38.4
202021,Academic year,Local authority,E92000001,England,E12000001,North East,840,E06000047,Durham,By Age 19,Total,Total,Total,35.5
202021,Academic year,Local authority,E92000001,England,E12000006,East of England,874,E06000031,Peterborough,By Age 19,Total,Total,Total,40.7
202021,Academic year,Local authority,E92000001,England,E12000008,South East,871,E06000039,Slough,By Age 19,Total,Total,Total,61.7
202021,Academic year,Local authority,E92000001,England,E12000003,Yorkshire and The Humber,372,E08000018,Rotherham,By Age 19,Total,Total,Total,35.2
202021,Academic year,Local authority,E92000001,England,E12000002,North West,356,E08000007,Stockport,By Age 19,Total,Total,Total,43.7
202021,Academic year,Local authority,E92000001,England,E12000002,North West,354,E08000005,Rochdale,By Age 19,Total,Total,Total,44.1
202021,Academic year,Local authority,E92000001,England,E12000005,West Midlands,333,E08000028,Sandwell,By Age 19,Total,Total,Total,43.5
202021,Academic year,Local authority,E92000001,England,E12000007,London,301,E09000002,Barking and Dagenham,By Age 19,Total,Total,Total,59.6
202021,Academic year,Local authority,E92000001,England,E12000004,East Midlands,925,E10000019,Lincolnshire,By Age 19,Total,Total,Total,41.7
202021,Academic year,Local authority,E92000001,England,E12000009,South West,880,E06000027,Torbay,By Age 19,Total,Total,Total,40.6
202021,Academic year,Local authority,E92000001,England,E12000002,North West,353,E08000004,Oldham,By Age 19,Total,Total,Total,45.4
202021,Academic year,Local authority,E92000001,England,E12000009,South West,802,E06000024,North Somerset,By Age 19,Total,Total,Total,41.6
202021,Academic year,Local authority,E92000001,England,E12000001,North East,805,E06000001,Hartlepool,By Age 19,Total,Total,Total,41.7
202021,Academic year,Local authority,E92000001,England,E12000008,South East,870,E06000038,Reading,By Age 19,Total,Total,Total,51.0
202021,Academic year,Local authority,E92000001,England,E12000007,London,303,E09000004,Bexley,By Age 19,Total,Total,Total,54.3
202021,Academic year,Local authority,E92000001,England,E12000009,South West,916,E10000013,Gloucestershire,By Age 19,Total,Total,Total,45.5
202021,Academic year,Local authority,E92000001,England,E12000007,London,309,E09000014,Haringey,By Age 19,Total,Total,Total,58.0
202021,Academic year,Local authority,E92000001,England,E12000001,North East,393,E08000023,South Tyneside,By Age 19,Total,Total,Total,38.0
202021,Academic year,Local authority,E92000001,England,E12000007,London,318,E09000027,Richmond upon Thames,By Age 19,Total,Total,Total,63.0
202021,Academic year,Local authority,E92000001,England,E12000002,North West,877,E06000007,Warrington,By Age 19,Total,Total,Total,45.6
202021,Academic year,Local authority,E92000001,England,E12000005,West Midlands,861,E06000021,Stoke-on-Trent,By Age 19,Total,Total,Total,35.7
202021,Academic year,Local authority,E92000001,England,E12000009,South West,933,E10000027,Somerset,By Age 19,Total,Total,Total,32.5
202021,Academic year,Local authority,E92000001,England,E12000007,London,208,E09000022,Lambeth,By Age 19,Total,Total,Total,54.9
202021,Academic year,Local authority,E92000001,England,E12000005,West Midlands,331,E08000026,Coventry,By Age 19,Total,Total,Total,46.9
202021,Academic year,Local authority,E92000001,England,E12000003,Yorkshire and The Humber,381,E08000033,Calderdale,By Age 19,Total,Total,Total,42.8
202021,Academic year,Local authority,E92000001,England,E12000004,East Midlands,856,E06000016,Leicester,By Age 19,Total,Total,Total,48.5
202021,Academic year,Local authority,E92000001,England,E12000007,London,313,E09000018,Hounslow,By Age 19,Total,Total,Total,61.5
202021,Academic year,Local authority,E92000001,England,E12000009,South West,801,E06000023,Bristol,By Age 19,Total,Total,Total,39.8
202021,Academic year,Local authority,E92000001,England,E12000002,North West,359,E08000010,Wigan,By Age 19,Total,Total,Total,37.7
202021,Academic year,Local authority,E92000001,England,E12000004,East Midlands,855,E10000018,Leicestershire,By Age 19,Total,Total,Total,41.6
202021,Academic year,Local authority,E92000001,England,E12000002,North West,340,E08000011,Knowsley,By Age 19,Total,Total,Total,23.7
202021,Academic year,Local authority,E92000001,England,E12000002,North West,358,E08000009,Trafford,By Age 19,Total,Total,Total,59.7
202021,Academic year,Local authority,E92000001,England,E12000008,South East,887,E06000035,Medway,By Age 19,Total,Total,Total,41.2
202021,Academic year,Local authority,E92000001,England,E12000006,East of England,822,E06000055,Bedford,By Age 19,Total,Total,Total,42.4
202021,Academic year,Local authority,E92000001,England,E12000001,North East,392,E08000022,North Tyneside,By Age 19,Total,Total,Total,41.8
202021,Academic year,Local authority,E92000001,England,E12000006,East of England,919,E10000015,Hertfordshire,By Age 19,Total,Total,Total,53.4
202021,Academic year,Local authority,E92000001,England,E12000002,North West,342,E08000013,St. Helens,By Age 19,Total,Total,Total,34.2
202021,Academic year,Local authority,E92000001,England,E12000003,Yorkshire and The Humber,382,E08000034,Kirklees,By Age 19,Total,Total,Total,42.7
202021,Academic year,Local authority,E92000001,England,E12000008,South East,826,E06000042,Milton Keynes,By Age 19,Total,Total,Total,46.4
202021,Academic year,Local authority,E92000001,England,E12000002,North West,890,E06000009,Blackpool,By Age 19,Total,Total,Total,24.6
202021,Academic year,Local authority,E92000001,England,E12000008,South East,845,E10000011,East Sussex,By Age 19,Total,Total,Total,34.4
202021,Academic year,Local authority,E92000001,England,E12000004,East Midlands,928,E10000021,Northamptonshire,By Age 19,Total,Total,Total,42.3
202021,Academic year,Local authority,E92000001,England,E12000001,North East,841,E06000005,Darlington,By Age 19,Total,Total,Total,41.3
202021,Academic year,Local authority,E92000001,England,E12000007,London,213,E09000033,Westminster,By Age 19,Total,Total,Total,68.4
202021,Academic year,Local authority,E92000001,England,E12000008,South East,852,E06000045,Southampton,By Age 19,Total,Total,Total,35.7
202021,Academic year,Local authority,E92000001,England,E12000005,West Midlands,332,E08000027,Dudley,By Age 19,Total,Total,Total,36.8
202021,Academic year,Local authority,E92000001,England,E12000007,London,317,E09000026,Redbridge,By Age 19,Total,Total,Total,70.0
202021,Academic year,Local authority,E92000001,England,E12000008,South East,850,E10000014,Hampshire,By Age 19,Total,Total,Total,40.5
202021,Academic year,Local authority,E92000001,England,E12000002,North West,895,E06000049,Cheshire East,By Age 19,Total,Total,Total,44.7
202021,Academic year,Local authority,E92000001,England,E12000002,North West,889,E06000008,Blackburn with Darwen,By Age 19,Total,Total,Total,44.4
202021,Academic year,Local authority,E92000001,England,E12000002,North West,352,E08000003,Manchester,By Age 19,Total,Total,Total,49.4
202021,Academic year,Local authority,E92000001,England,E12000008,South East,869,E06000037,West Berkshire,By Age 19,Total,Total,Total,45.3
202021,Academic year,Local authority,E92000001,England,E12000003,Yorkshire and The Humber,371,E08000017,Doncaster,By Age 19,Total,Total,Total,34.4
202021,Academic year,Local authority,E92000001,England,E12000005,West Midlands,336,E08000031,Wolverhampton,By Age 19,Total,Total,Total,46.7
202021,Academic year,Local authority,E92000001,England,E12000003,Yorkshire and The Humber,370,E08000016,Barnsley,By Age 19,Total,Total,Total,32.3
202021,Academic year,Local authority,E92000001,England,E12000009,South West,803,E06000025,South Gloucestershire,By Age 19,Total,Total,Total,35.7
202021,Academic year,Local authority,E92000001,England,E12000001,North East,808,E06000004,Stockton-on-Tees,By Age 19,Total,Total,Total,41.2
202021,Academic year,Local authority,E92000001,England,E12000005,West Midlands,884,E06000019,Herefordshire,By Age 19,Total,Total,Total,33.9
202021,Academic year,Local authority,E92000001,England,E12000001,North East,390,E08000037,Gateshead,By Age 19,Total,Total,Total,40.9
202021,Academic year,Local authority,E92000001,England,E12000009,South West,908,E06000052,Cornwall,By Age 19,Total,Total,Total,31.8
202021,Academic year,Local authority,E92000001,England,E12000008,South East,846,E06000043,Brighton and Hove,By Age 19,Total,Total,Total,47.9
202021,Academic year,Local authority,E92000001,England,E12000004,East Midlands,830,E10000007,Derbyshire,By Age 19,Total,Total,Total,38.1
202021,Academic year,Local authority,E92000001,England,E12000003,Yorkshire and The Humber,373,E08000019,Sheffield,By Age 19,Total,Total,Total,44.0
202021,Academic year,Local authority,E92000001,England,E12000007,London,202,E09000007,Camden,By Age 19,Total,Total,Total,63.9
202021,Academic year,Local authority,E92000001,England,E12000009,South West,800,E06000022,Bath and North East Somerset,By Age 19,Total,Total,Total,45.4
202021,Academic year,Local authority,E92000001,England,E12000007,London,204,E09000012,Hackney,By Age 19,Total,Total,Total,57.0
202021,Academic year,Local authority,E92000001,England,E12000002,North West,341,E08000012,Liverpool,By Age 19,Total,Total,Total,44.8
202021,Academic year,Local authority,E92000001,England,E12000001,North East,929,E06000057,Northumberland,By Age 19,Total,Total,Total,38.9
202021,Academic year,Local authority,E92000001,England,E12000002,North West,896,E06000050,Cheshire West and Chester,By Age 19,Total,Total,Total,43.0
202021,Academic year,Local authority,E92000001,England,E12000001,North East,391,E08000021,Newcastle upon Tyne,By Age 19,Total,Total,Total,42.6
202021,Academic year,Local authority,E92000001,England,E12000005,West Midlands,330,E08000025,Birmingham,By Age 19,Total,Total,Total,53.6
202021,Academic year,Local authority,E92000001,England,E12000007,London,304,E09000005,Brent,By Age 19,Total,Total,Total,63.4
202021,Academic year,Local authority,E92000001,England,E12000008,South East,868,E06000040,Windsor and Maidenhead,By Age 19,Total,Total,Total,50.8
202021,Academic year,Local authority,E92000001,England,E12000006,East of England,926,E10000020,Norfolk,By Age 19,Total,Total,Total,33.7
202021,Academic year,Local authority,E92000001,England,E12000003,Yorkshire and The Humber,812,E06000012,North East Lincolnshire,By Age 19,Total,Total,Total,32.3
202021,Academic year,Local authority,E92000001,England,E12000007,London,319,E09000029,Sutton,By Age 19,Total,Total,Total,66.1
202021,Academic year,Local authority,E92000001,England,E12000002,North West,355,E08000006,Salford,By Age 19,Total,Total,Total,33.3
202021,Academic year,Local authority,E92000001,England,E12000005,West Midlands,894,E06000020,Telford and Wrekin,By Age 19,Total,Total,Total,41.0
202021,Academic year,Local authority,E92000001,England,E12000002,North West,888,E10000017,Lancashire,By Age 19,Total,Total,Total,40.1
202021,Academic year,Local authority,E92000001,England,E12000001,North East,806,E06000002,Middlesbrough,By Age 19,Total,Total,Total,37.6
202021,Academic year,Local authority,E92000001,England,E12000007,London,314,E09000021,Kingston upon Thames,By Age 19,Total,Total,Total,67.6
202021,Academic year,Local authority,E92000001,England,E12000007,London,209,E09000023,Lewisham,By Age 19,Total,Total,Total,55.6
202021,Academic year,Local authority,E92000001,England,E12000009,South West,838,E06000059,Dorset,By Age 19,Total,Total,Total,36.3
202021,Academic year,Local authority,E92000001,England,E12000007,London,312,E09000017,Hillingdon,By Age 19,Total,Total,Total,57.6
202021,Academic year,Local authority,E92000001,England,E12000009,South West,879,E06000026,Plymouth,By Age 19,Total,Total,Total,36.4
202021,Academic year,Local authority,E92000001,England,E12000006,East of England,883,E06000034,Thurrock,By Age 19,Total,Total,Total,38.5
202021,Academic year,Local authority,E92000001,England,E12000005,West Midlands,885,E10000034,Worcestershire,By Age 19,Total,Total,Total,39.4
202021,Academic year,Local authority,E92000001,England,E12000009,South West,420,E06000053,Isles of Scilly,By Age 19,Total,Total,Total,38.5
202021,Academic year,Local authority,E92000001,England,E12000008,South East,867,E06000036,Bracknell Forest,By Age 19,Total,Total,Total,42.2
202021,Academic year,Local authority,E92000001,England,E12000004,East Midlands,891,E10000024,Nottinghamshire,By Age 19,Total,Total,Total,38.7
202021,Academic year,Local authority,E92000001,England,E12000008,South East,936,E10000030,Surrey,By Age 19,Total,Total,Total,49.2
202021,Academic year,Local authority,E92000001,England,E12000006,East of England,935,E10000029,Suffolk,By Age 19,Total,Total,Total,35.7
202021,Academic year,Local authority,E92000001,England,E12000007,London,315,E09000024,Merton,By Age 19,Total,Total,Total,60.6
202021,Academic year,Local authority,E92000001,England,E12000009,South West,865,E06000054,Wiltshire,By Age 19,Total,Total,Total,42.3
202021,Academic year,Local authority,E92000001,England,E12000007,London,205,E09000013,Hammersmith and Fulham,By Age 19,Total,Total,Total,65.3
202021,Academic year,Local authority,E92000001,England,E12000009,South West,866,E06000030,Swindon,By Age 19,Total,Total,Total,34.7
202021,Academic year,Local authority,E92000001,England,E12000007,London,308,E09000010,Enfield,By Age 19,Total,Total,Total,59.5
202021,Academic year,Local authority,E92000001,England,E12000002,North West,351,E08000002,Bury,By Age 19,Total,Total,Total,43.2
202021,Academic year,Local authority,E92000001,England,E12000003,Yorkshire and The Humber,383,E08000035,Leeds,By Age 19,Total,Total,Total,43.5
202021,Academic year,Local authority,E92000001,England,E12000002,North West,344,E08000015,Wirral,By Age 19,Total,Total,Total,45.5
202021,Academic year,Local authority,E92000001,England,E12000001,North East,807,E06000003,Redcar and Cleveland,By Age 19,Total,Total,Total,36.5
202021,Academic year,Local authority,E92000001,England,E12000007,London,211,E09000030,Tower Hamlets,By Age 19,Total,Total,Total,60.6
202021,Academic year,Local authority,E92000001,England,E12000007,London,310,E09000015,Harrow,By Age 19,Total,Total,Total,69.4
202021,Academic year,Local authority,E92000001,England,E12000007,London,305,E09000006,Bromley,By Age 19,Total,Total,Total,54.1
202021,Academic year,Local authority,E92000001,England,E12000003,Yorkshire and The Humber,380,E08000032,Bradford,By Age 19,Total,Total,Total,42.8
202021,Academic year,Local authority,E92000001,England,E12000001,North East,394,E08000024,Sunderland,By Age 19,Total,Total,Total,36.0
202021,Academic year,Local authority,E92000001,England,E12000007,London,302,E09000003,Barnet,By Age 19,Total,Total,Total,67.0
202021,Academic year,Local authority,E92000001,England,E12000007,London,307,E09000009,Ealing,By Age 19,Total,Total,Total,64.3
202021,Academic year,Local authority,E92000001,England,E12000008,South East,938,E10000032,West Sussex,By Age 19,Total,Total,Total,41.0
202021,Academic year,Local authority,E92000001,England,E12000004,East Midlands,857,E06000017,Rutland,By Age 19,Total,Total,Total,47.4
202021,Academic year,Local authority,E92000001,England,E12000006,East of England,881,E10000012,Essex,By Age 19,Total,Total,Total,39.3
202021,Academic year,Local authority,E92000001,England,E12000003,Yorkshire and The Humber,811,E06000011,East Riding of Yorkshire,By Age 19,Total,Total,Total,41.4
202021,Academic year,Local authority,E92000001,England,E12000009,South West,839,"E06000058
","Bournemouth, Christchurch and Poole",By Age 19,Total,Total,Total,42.2
202021,Academic year,Local authority,E92000001,England,E12000002,North West,909,E10000006,Cumbria,By Age 19,Total,Total,Total,33.7
202021,Academic year,Local authority,E92000001,England,E12000008,South East,931,E10000025,Oxfordshire,By Age 19,Total,Total,Total,45.4
202021,Academic year,Local authority,E92000001,England,E12000002,North West,876,E06000006,Halton,By Age 19,Total,Total,Total,36.6
202021,Academic year,Local authority,E92000001,England,E12000005,West Midlands,860,E10000028,Staffordshire,By Age 19,Total,Total,Total,38.5
202021,Academic year,Local authority,E92000001,England,E12000006,East of England,882,E06000033,Southend-on-Sea,By Age 19,Total,Total,Total,53.1
202021,Academic year,Local authority,E92000001,England,E12000004,East Midlands,892,E06000018,Nottingham,By Age 19,Total,Total,Total,40.6
202021,Academic year,Local authority,E92000001,England,E12000009,South West,878,E10000008,Devon,By Age 19,Total,Total,Total,34.3
202021,Academic year,Local authority,E92000001,England,E12000002,North West,350,E08000001,Bolton,By Age 19,Total,Total,Total,42.5
202021,Academic year,Local authority,E92000001,England,E12000006,East of England,821,E06000032,Luton,By Age 19,Total,Total,Total,48.8
202021,Academic year,Local authority,E92000001,England,E12000007,London,316,E09000025,Newham,By Age 19,Total,Total,Total,62.3
202021,Academic year,Local authority,E92000001,England,E12000008,South East,872,E06000041,Wokingham,By Age 19,Total,Total,Total,55.0
202021,Academic year,Local authority,E92000001,England,E12000007,London,306,E09000008,Croydon,By Age 19,Total,Total,Total,51.3
202021,Academic year,Local authority,E92000001,England,E12000007,London,203,E09000011,Greenwich,By Age 19,Total,Total,Total,56.5
202021,Academic year,Local authority,E92000001,England,E12000008,South East,851,E06000044,Portsmouth,By Age 19,Total,Total,Total,33.5
202021,Academic year,Local authority,E92000001,England,E12000002,North West,357,E08000008,Tameside,By Age 19,Total,Total,Total,37.7
202021,Academic year,Local authority,E92000001,England,E12000007,London,206,E09000019,Islington,By Age 19,Total,Total,Total,51.8
202021,Academic year,Local authority,E92000001,England,E12000008,South East,921,E06000046,Isle of Wight,By Age 19,Total,Total,Total,31.6
202021,Academic year,Local authority,E92000001,England,E12000007,London,320,E09000031,Waltham Forest,By Age 19,Total,Total,Total,54.9
202021,Academic year,Local authority,E92000001,England,E12000005,West Midlands,893,E06000051,Shropshire,By Age 19,Total,Total,Total,37.3
202021,Academic year,Local authority,E92000001,England,E12000006,East of England,873,E10000003,Cambridgeshire,By Age 19,Total,Total,Total,44.8
202021,Academic year,Local authority,E92000001,England,E12000003,Yorkshire and The Humber,813,E06000013,North Lincolnshire,By Age 19,Total,Total,Total,34.1
202021,Academic year,Local authority,E92000001,England,E12000003,Yorkshire and The Humber,384,E08000036,Wakefield,By Age 19,Total,Total,Total,35.8
202021,Academic year,Local authority,E92000001,England,E12000007,London,311,E09000016,Havering,By Age 19,Total,Total,Total,45.3
202021,Academic year,Local authority,E92000001,England,E12000004,East Midlands,831,E06000015,Derby,By Age 19,Total,Total,Total,39.9
202021,Academic year,Local authority,E92000001,England,E12000008,South East,886,E10000016,Kent,By Age 19,Total,Total,Total,44.8
202021,Academic year,Local authority,E92000001,England,E12000003,Yorkshire and The Humber,810,E06000010,Kingston Upon Hull,By Age 19,Total,Total,Total,33.2
202021,Academic year,Local authority,E92000001,England,E12000007,London,212,E09000032,Wandsworth,By Age 19,Total,Total,Total,60.8
202021,Academic year,Local authority,E92000001,England,E12000005,West Midlands,334,E08000029,Solihull,By Age 19,Total,Total,Total,44.1
202021,Academic year,Local authority,E92000001,England,E12000007,London,207,E09000020,Kensington and Chelsea,By Age 19,Total,Total,Total,65.1
202021,Academic year,Local authority,E92000001,England,E12000008,South East,825,E10000002,Buckinghamshire,By Age 19,Total,Total,Total,60.5
202021,Academic year,Local authority,E92000001,England,E12000003,Yorkshire and The Humber,816,E06000014,York,By Age 19,Total,Total,High tariff,18.3
202021,Academic year,Local authority,E92000001,England,E12000005,West Midlands,335,E08000030,Walsall,By Age 19,Total,Total,High tariff,8.4
202021,Academic year,Local authority,E92000001,England,E12000007,London,210,E09000028,Southwark,By Age 19,Total,Total,High tariff,19.0
202021,Academic year,Local authority,E92000001,England,E12000003,Yorkshire and The Humber,815,E10000023,North Yorkshire,By Age 19,Total,Total,High tariff,15.2
202021,Academic year,Local authority,E92000001,England,E12000005,West Midlands,937,E10000031,Warwickshire,By Age 19,Total,Total,High tariff,14.3
202021,Academic year,Local authority,E92000001,England,E12000002,North West,343,E08000014,Sefton,By Age 19,Total,Total,High tariff,8.0
202021,Academic year,Local authority,E92000001,England,E12000006,East of England,823,E06000056,Central Bedfordshire,By Age 19,Total,Total,High tariff,8.4
202021,Academic year,Local authority,E92000001,England,E12000001,North East,840,E06000047,Durham,By Age 19,Total,Total,High tariff,9.0
202021,Academic year,Local authority,E92000001,England,E12000006,East of England,874,E06000031,Peterborough,By Age 19,Total,Total,High tariff,9.5
202021,Academic year,Local authority,E92000001,England,E12000008,South East,871,E06000039,Slough,By Age 19,Total,Total,High tariff,19.9
202021,Academic year,Local authority,E92000001,England,E12000003,Yorkshire and The Humber,372,E08000018,Rotherham,By Age 19,Total,Total,High tariff,6.5
202021,Academic year,Local authority,E92000001,England,E12000002,North West,356,E08000007,Stockport,By Age 19,Total,Total,High tariff,12.7
202021,Academic year,Local authority,E92000001,England,E12000002,North West,354,E08000005,Rochdale,By Age 19,Total,Total,High tariff,8.3
202021,Academic year,Local authority,E92000001,England,E12000005,West Midlands,333,E08000028,Sandwell,By Age 19,Total,Total,High tariff,5.9
202021,Academic year,Local authority,E92000001,England,E12000004,East Midlands,925,E10000019,Lincolnshire,By Age 19,Total,Total,High tariff,11.4
202021,Academic year,Local authority,E92000001,England,E12000007,London,301,E09000002,Barking and Dagenham,By Age 19,Total,Total,High tariff,13.5
202021,Academic year,Local authority,E92000001,England,E12000002,North West,353,E08000004,Oldham,By Age 19,Total,Total,High tariff,7.9
202021,Academic year,Local authority,E92000001,England,E12000009,South West,880,E06000027,Torbay,By Age 19,Total,Total,High tariff,15.7
202021,Academic year,Local authority,E92000001,England,E12000008,South East,870,E06000038,Reading,By Age 19,Total,Total,High tariff,21.4
202021,Academic year,Local authority,E92000001,England,E12000001,North East,805,E06000001,Hartlepool,By Age 19,Total,Total,High tariff,6.3
202021,Academic year,Local authority,E92000001,England,E12000009,South West,802,E06000024,North Somerset,By Age 19,Total,Total,High tariff,12.1
202021,Academic year,Local authority,E92000001,England,E12000007,London,303,E09000004,Bexley,By Age 19,Total,Total,High tariff,17.9
202021,Academic year,Local authority,E92000001,England,E12000001,North East,393,E08000023,South Tyneside,By Age 19,Total,Total,High tariff,8.1
202021,Academic year,Local authority,E92000001,England,E12000007,London,309,E09000014,Haringey,By Age 19,Total,Total,High tariff,18.0
202021,Academic year,Local authority,E92000001,England,E12000009,South West,916,E10000013,Gloucestershire,By Age 19,Total,Total,High tariff,16.2
202021,Academic year,Local authority,E92000001,England,E12000007,London,318,E09000027,Richmond upon Thames,By Age 19,Total,Total,High tariff,28.1
202021,Academic year,Local authority,E92000001,England,E12000009,South West,933,E10000027,Somerset,By Age 19,Total,Total,High tariff,9.4
202021,Academic year,Local authority,E92000001,England,E12000007,London,208,E09000022,Lambeth,By Age 19,Total,Total,High tariff,12.1
202021,Academic year,Local authority,E92000001,England,E12000002,North West,877,E06000007,Warrington,By Age 19,Total,Total,High tariff,14.6
202021,Academic year,Local authority,E92000001,England,E12000005,West Midlands,861,E06000021,Stoke-on-Trent,By Age 19,Total,Total,High tariff,5.4
202021,Academic year,Local authority,E92000001,England,E12000005,West Midlands,331,E08000026,Coventry,By Age 19,Total,Total,High tariff,8.2
202021,Academic year,Local authority,E92000001,England,E12000004,East Midlands,856,E06000016,Leicester,By Age 19,Total,Total,High tariff,7.0
202021,Academic year,Local authority,E92000001,England,E12000003,Yorkshire and The Humber,381,E08000033,Calderdale,By Age 19,Total,Total,High tariff,11.3
202021,Academic year,Local authority,E92000001,England,E12000007,London,313,E09000018,Hounslow,By Age 19,Total,Total,High tariff,16.1
202021,Academic year,Local authority,E92000001,England,E12000009,South West,801,E06000023,Bristol,By Age 19,Total,Total,High tariff,12.5
202021,Academic year,Local authority,E92000001,England,E12000004,East Midlands,855,E10000018,Leicestershire,By Age 19,Total,Total,High tariff,9.5
202021,Academic year,Local authority,E92000001,England,E12000002,North West,340,E08000011,Knowsley,By Age 19,Total,Total,High tariff,3.3
202021,Academic year,Local authority,E92000001,England,E12000002,North West,359,E08000010,Wigan,By Age 19,Total,Total,High tariff,8.8
202021,Academic year,Local authority,E92000001,England,E12000006,East of England,822,E06000055,Bedford,By Age 19,Total,Total,High tariff,7.0
202021,Academic year,Local authority,E92000001,England,E12000008,South East,887,E06000035,Medway,By Age 19,Total,Total,High tariff,9.3
202021,Academic year,Local authority,E92000001,England,E12000002,North West,358,E08000009,Trafford,By Age 19,Total,Total,High tariff,28.2
202021,Academic year,Local authority,E92000001,England,E12000001,North East,392,E08000022,North Tyneside,By Age 19,Total,Total,High tariff,10.9
202021,Academic year,Local authority,E92000001,England,E12000003,Yorkshire and The Humber,382,E08000034,Kirklees,By Age 19,Total,Total,High tariff,9.5
202021,Academic year,Local authority,E92000001,England,E12000006,East of England,919,E10000015,Hertfordshire,By Age 19,Total,Total,High tariff,18.8
202021,Academic year,Local authority,E92000001,England,E12000008,South East,826,E06000042,Milton Keynes,By Age 19,Total,Total,High tariff,9.0
202021,Academic year,Local authority,E92000001,England,E12000002,North West,890,E06000009,Blackpool,By Age 19,Total,Total,High tariff,4.6
202021,Academic year,Local authority,E92000001,England,E12000002,North West,342,E08000013,St. Helens,By Age 19,Total,Total,High tariff,7.9
202021,Academic year,Local authority,E92000001,England,E12000008,South East,845,E10000011,East Sussex,By Age 19,Total,Total,High tariff,8.6
202021,Academic year,Local authority,E92000001,England,E12000004,East Midlands,928,E10000021,Northamptonshire,By Age 19,Total,Total,High tariff,9.7
202021,Academic year,Local authority,E92000001,England,E12000001,North East,841,E06000005,Darlington,By Age 19,Total,Total,High tariff,10.4
202021,Academic year,Local authority,E92000001,England,E12000007,London,213,E09000033,Westminster,By Age 19,Total,Total,High tariff,21.9
202021,Academic year,Local authority,E92000001,England,E12000008,South East,852,E06000045,Southampton,By Age 19,Total,Total,High tariff,9.1
202021,Academic year,Local authority,E92000001,England,E12000005,West Midlands,332,E08000027,Dudley,By Age 19,Total,Total,High tariff,6.2
202021,Academic year,Local authority,E92000001,England,E12000007,London,317,E09000026,Redbridge,By Age 19,Total,Total,High tariff,20.3
202021,Academic year,Local authority,E92000001,England,E12000002,North West,895,E06000049,Cheshire East,By Age 19,Total,Total,High tariff,13.4
202021,Academic year,Local authority,E92000001,England,E12000008,South East,850,E10000014,Hampshire,By Age 19,Total,Total,High tariff,11.8
202021,Academic year,Local authority,E92000001,England,E12000002,North West,352,E08000003,Manchester,By Age 19,Total,Total,High tariff,10.3
202021,Academic year,Local authority,E92000001,England,E12000002,North West,889,E06000008,Blackburn with Darwen,By Age 19,Total,Total,High tariff,8.0
202021,Academic year,Local authority,E92000001,England,E12000008,South East,869,E06000037,West Berkshire,By Age 19,Total,Total,High tariff,15.4
202021,Academic year,Local authority,E92000001,England,E12000005,West Midlands,336,E08000031,Wolverhampton,By Age 19,Total,Total,High tariff,8.2
202021,Academic year,Local authority,E92000001,England,E12000003,Yorkshire and The Humber,371,E08000017,Doncaster,By Age 19,Total,Total,High tariff,8.7
202021,Academic year,Local authority,E92000001,England,E12000003,Yorkshire and The Humber,370,E08000016,Barnsley,By Age 19,Total,Total,High tariff,7.2
202021,Academic year,Local authority,E92000001,England,E12000009,South West,803,E06000025,South Gloucestershire,By Age 19,Total,Total,High tariff,8.6
202021,Academic year,Local authority,E92000001,England,E12000001,North East,808,E06000004,Stockton-on-Tees,By Age 19,Total,Total,High tariff,7.9
202021,Academic year,Local authority,E92000001,England,E12000001,North East,390,E08000037,Gateshead,By Age 19,Total,Total,High tariff,10.9
202021,Academic year,Local authority,E92000001,England,E12000005,West Midlands,884,E06000019,Herefordshire,By Age 19,Total,Total,High tariff,11.0
202021,Academic year,Local authority,E92000001,England,E12000009,South West,908,E06000052,Cornwall,By Age 19,Total,Total,High tariff,8.4
202021,Academic year,Local authority,E92000001,England,E12000009,South West,800,E06000022,Bath and North East Somerset,By Age 19,Total,Total,High tariff,15.8
202021,Academic year,Local authority,E92000001,England,E12000007,London,202,E09000007,Camden,By Age 19,Total,Total,High tariff,19.4
202021,Academic year,Local authority,E92000001,England,E12000003,Yorkshire and The Humber,373,E08000019,Sheffield,By Age 19,Total,Total,High tariff,11.8
202021,Academic year,Local authority,E92000001,England,E12000004,East Midlands,830,E10000007,Derbyshire,By Age 19,Total,Total,High tariff,10.0
202021,Academic year,Local authority,E92000001,England,E12000008,South East,846,E06000043,Brighton and Hove,By Age 19,Total,Total,High tariff,17.4
202021,Academic year,Local authority,E92000001,England,E12000002,North West,896,E06000050,Cheshire West and Chester,By Age 19,Total,Total,High tariff,13.6
202021,Academic year,Local authority,E92000001,England,E12000001,North East,929,E06000057,Northumberland,By Age 19,Total,Total,High tariff,10.7
202021,Academic year,Local authority,E92000001,England,E12000002,North West,341,E08000012,Liverpool,By Age 19,Total,Total,High tariff,12.1
202021,Academic year,Local authority,E92000001,England,E12000007,London,204,E09000012,Hackney,By Age 19,Total,Total,High tariff,16.6
202021,Academic year,Local authority,E92000001,England,E12000001,North East,391,E08000021,Newcastle upon Tyne,By Age 19,Total,Total,High tariff,11.9
202021,Academic year,Local authority,E92000001,England,E12000007,London,304,E09000005,Brent,By Age 19,Total,Total,High tariff,19.2
202021,Academic year,Local authority,E92000001,England,E12000005,West Midlands,330,E08000025,Birmingham,By Age 19,Total,Total,High tariff,11.6
202021,Academic year,Local authority,E92000001,England,E12000008,South East,868,E06000040,Windsor and Maidenhead,By Age 19,Total,Total,High tariff,15.7
202021,Academic year,Local authority,E92000001,England,E12000006,East of England,926,E10000020,Norfolk,By Age 19,Total,Total,High tariff,7.3
202021,Academic year,Local authority,E92000001,England,E12000003,Yorkshire and The Humber,812,E06000012,North East Lincolnshire,By Age 19,Total,Total,High tariff,4.9
202021,Academic year,Local authority,E92000001,England,E12000002,North West,355,E08000006,Salford,By Age 19,Total,Total,High tariff,6.3
202021,Academic year,Local authority,E92000001,England,E12000007,London,319,E09000029,Sutton,By Age 19,Total,Total,High tariff,30.4
202021,Academic year,Local authority,E92000001,England,E12000005,West Midlands,894,E06000020,Telford and Wrekin,By Age 19,Total,Total,High tariff,10.5
202021,Academic year,Local authority,E92000001,England,E12000002,North West,888,E10000017,Lancashire,By Age 19,Total,Total,High tariff,10.5
202021,Academic year,Local authority,E92000001,England,E12000007,London,314,E09000021,Kingston upon Thames,By Age 19,Total,Total,High tariff,29.9
202021,Academic year,Local authority,E92000001,England,E12000001,North East,806,E06000002,Middlesbrough,By Age 19,Total,Total,High tariff,5.1
202021,Academic year,Local authority,E92000001,England,E12000007,London,312,E09000017,Hillingdon,By Age 19,Total,Total,High tariff,13.3
202021,Academic year,Local authority,E92000001,England,E12000007,London,209,E09000023,Lewisham,By Age 19,Total,Total,High tariff,12.3
202021,Academic year,Local authority,E92000001,England,E12000009,South West,838,E06000059,Dorset,By Age 19,Total,Total,High tariff,9.9
202021,Academic year,Local authority,E92000001,England,E12000009,South West,879,E06000026,Plymouth,By Age 19,Total,Total,High tariff,8.0
202021,Academic year,Local authority,E92000001,England,E12000006,East of England,883,E06000034,Thurrock,By Age 19,Total,Total,High tariff,7.4
202021,Academic year,Local authority,E92000001,England,E12000005,West Midlands,885,E10000034,Worcestershire,By Age 19,Total,Total,High tariff,9.3
202021,Academic year,Local authority,E92000001,England,E12000009,South West,420,E06000053,Isles of Scilly,By Age 19,Total,Total,High tariff,7.7
202021,Academic year,Local authority,E92000001,England,E12000008,South East,867,E06000036,Bracknell Forest,By Age 19,Total,Total,High tariff,11.7
202021,Academic year,Local authority,E92000001,England,E12000008,South East,936,E10000030,Surrey,By Age 19,Total,Total,High tariff,17.1
202021,Academic year,Local authority,E92000001,England,E12000004,East Midlands,891,E10000024,Nottinghamshire,By Age 19,Total,Total,High tariff,11.0
202021,Academic year,Local authority,E92000001,England,E12000009,South West,865,E06000054,Wiltshire,By Age 19,Total,Total,High tariff,13.6
202021,Academic year,Local authority,E92000001,England,E12000006,East of England,935,E10000029,Suffolk,By Age 19,Total,Total,High tariff,7.9
202021,Academic year,Local authority,E92000001,England,E12000007,London,315,E09000024,Merton,By Age 19,Total,Total,High tariff,15.4
202021,Academic year,Local authority,E92000001,England,E12000007,London,205,E09000013,Hammersmith and Fulham,By Age 19,Total,Total,High tariff,26.8
202021,Academic year,Local authority,E92000001,England,E12000007,London,308,E09000010,Enfield,By Age 19,Total,Total,High tariff,15.6
202021,Academic year,Local authority,E92000001,England,E12000002,North West,351,E08000002,Bury,By Age 19,Total,Total,High tariff,10.0
202021,Academic year,Local authority,E92000001,England,E12000009,South West,866,E06000030,Swindon,By Age 19,Total,Total,High tariff,7.0
202021,Academic year,Local authority,E92000001,England,E12000003,Yorkshire and The Humber,383,E08000035,Leeds,By Age 19,Total,Total,High tariff,12.1
202021,Academic year,Local authority,E92000001,England,E12000002,North West,344,E08000015,Wirral,By Age 19,Total,Total,High tariff,14.1
202021,Academic year,Local authority,E92000001,England,E12000001,North East,807,E06000003,Redcar and Cleveland,By Age 19,Total,Total,High tariff,5.5
202021,Academic year,Local authority,E92000001,England,E12000007,London,310,E09000015,Harrow,By Age 19,Total,Total,High tariff,18.1
202021,Academic year,Local authority,E92000001,England,E12000007,London,211,E09000030,Tower Hamlets,By Age 19,Total,Total,High tariff,16.8
202021,Academic year,Local authority,E92000001,England,E12000003,Yorkshire and The Humber,380,E08000032,Bradford,By Age 19,Total,Total,High tariff,7.1
202021,Academic year,Local authority,E92000001,England,E12000007,London,305,E09000006,Bromley,By Age 19,Total,Total,High tariff,19.2
202021,Academic year,Local authority,E92000001,England,E12000001,North East,394,E08000024,Sunderland,By Age 19,Total,Total,High tariff,7.6
202021,Academic year,Local authority,E92000001,England,E12000007,London,302,E09000003,Barnet,By Age 19,Total,Total,High tariff,26.3
202021,Academic year,Local authority,E92000001,England,E12000007,London,307,E09000009,Ealing,By Age 19,Total,Total,High tariff,19.1
202021,Academic year,Local authority,E92000001,England,E12000008,South East,938,E10000032,West Sussex,By Age 19,Total,Total,High tariff,11.5
202021,Academic year,Local authority,E92000001,England,E12000004,East Midlands,857,E06000017,Rutland,By Age 19,Total,Total,High tariff,17.4
202021,Academic year,Local authority,E92000001,England,E12000006,East of England,881,E10000012,Essex,By Age 19,Total,Total,High tariff,10.3
202021,Academic year,Local authority,E92000001,England,E12000003,Yorkshire and The Humber,811,E06000011,East Riding of Yorkshire,By Age 19,Total,Total,High tariff,9.6
202021,Academic year,Local authority,E92000001,England,E12000009,South West,839,"E06000058
","Bournemouth, Christchurch and Poole",By Age 19,Total,Total,High tariff,13.4
202021,Academic year,Local authority,E92000001,England,E12000008,South East,931,E10000025,Oxfordshire,By Age 19,Total,Total,High tariff,15.3
202021,Academic year,Local authority,E92000001,England,E12000002,North West,909,E10000006,Cumbria,By Age 19,Total,Total,High tariff,9.4
202021,Academic year,Local authority,E92000001,England,E12000002,North West,876,E06000006,Halton,By Age 19,Total,Total,High tariff,9.2
202021,Academic year,Local authority,E92000001,England,E12000006,East of England,882,E06000033,Southend-on-Sea,By Age 19,Total,Total,High tariff,20.3
202021,Academic year,Local authority,E92000001,England,E12000004,East Midlands,892,E06000018,Nottingham,By Age 19,Total,Total,High tariff,7.4
202021,Academic year,Local authority,E92000001,England,E12000005,West Midlands,860,E10000028,Staffordshire,By Age 19,Total,Total,High tariff,7.5
202021,Academic year,Local authority,E92000001,England,E12000009,South West,878,E10000008,Devon,By Age 19,Total,Total,High tariff,11.6
202021,Academic year,Local authority,E92000001,England,E12000007,London,306,E09000008,Croydon,By Age 19,Total,Total,High tariff,9.3
202021,Academic year,Local authority,E92000001,England,E12000008,South East,872,E06000041,Wokingham,By Age 19,Total,Total,High tariff,17.1
202021,Academic year,Local authority,E92000001,England,E12000007,London,316,E09000025,Newham,By Age 19,Total,Total,High tariff,14.8
202021,Academic year,Local authority,E92000001,England,E12000002,North West,350,E08000001,Bolton,By Age 19,Total,Total,High tariff,7.0
202021,Academic year,Local authority,E92000001,England,E12000007,London,203,E09000011,Greenwich,By Age 19,Total,Total,High tariff,11.9
202021,Academic year,Local authority,E92000001,England,E12000006,East of England,821,E06000032,Luton,By Age 19,Total,Total,High tariff,7.1
202021,Academic year,Local authority,E92000001,England,E12000008,South East,851,E06000044,Portsmouth,By Age 19,Total,Total,High tariff,4.8
202021,Academic year,Local authority,E92000001,England,E12000007,London,206,E09000019,Islington,By Age 19,Total,Total,High tariff,14.5
202021,Academic year,Local authority,E92000001,England,E12000002,North West,357,E08000008,Tameside,By Age 19,Total,Total,High tariff,7.8
202021,Academic year,Local authority,E92000001,England,E12000008,South East,921,E06000046,Isle of Wight,By Age 19,Total,Total,High tariff,6.3
202021,Academic year,Local authority,E92000001,England,E12000007,London,320,E09000031,Waltham Forest,By Age 19,Total,Total,High tariff,13.2
202021,Academic year,Local authority,E92000001,England,E12000005,West Midlands,893,E06000051,Shropshire,By Age 19,Total,Total,High tariff,9.5
202021,Academic year,Local authority,E92000001,England,E12000006,East of England,873,E10000003,Cambridgeshire,By Age 19,Total,Total,High tariff,15.6
202021,Academic year,Local authority,E92000001,England,E12000003,Yorkshire and The Humber,813,E06000013,North Lincolnshire,By Age 19,Total,Total,High tariff,5.0
202021,Academic year,Local authority,E92000001,England,E12000003,Yorkshire and The Humber,384,E08000036,Wakefield,By Age 19,Total,Total,High tariff,8.5
202021,Academic year,Local authority,E92000001,England,E12000008,South East,886,E10000016,Kent,By Age 19,Total,Total,High tariff,13.3
202021,Academic year,Local authority,E92000001,England,E12000007,London,212,E09000032,Wandsworth,By Age 19,Total,Total,High tariff,17.5
202021,Academic year,Local authority,E92000001,England,E12000007,London,311,E09000016,Havering,By Age 19,Total,Total,High tariff,9.7
202021,Academic year,Local authority,E92000001,England,E12000005,West Midlands,334,E08000029,Solihull,By Age 19,Total,Total,High tariff,11.1
202021,Academic year,Local authority,E92000001,England,E12000004,East Midlands,831,E06000015,Derby,By Age 19,Total,Total,High tariff,7.9
202021,Academic year,Local authority,E92000001,England,E12000003,Yorkshire and The Humber,810,E06000010,Kingston Upon Hull,By Age 19,Total,Total,High tariff,5.3
202021,Academic year,Local authority,E92000001,England,E12000007,London,207,E09000020,Kensington and Chelsea,By Age 19,Total,Total,High tariff,23.1
202021,Academic year,Local authority,E92000001,England,E12000008,South East,825,E10000002,Buckinghamshire,By Age 19,Total,Total,High tariff,27.8
